path,label
001/001 (1).jpg,001
001/001 (10).jpg,001
001/001 (100).jpg,001
001/001 (101).jpg,001
001/001 (102).jpg,001
001/001 (103).jpg,001
001/001 (104).jpg,001
001/001 (105).jpg,001
001/001 (106).jpg,001
001/001 (107).jpg,001
001/001 (108).jpg,001
001/001 (109).jpg,001
001/001 (11).jpg,001
001/001 (110).jpg,001
001/001 (111).jpg,001
001/001 (112).jpg,001
001/001 (113).jpg,001
001/001 (114).jpg,001
001/001 (115).jpg,001
001/001 (116).jpg,001
001/001 (117).jpg,001
001/001 (118).jpg,001
001/001 (119).jpg,001
001/001 (12).jpg,001
001/001 (120).jpg,001
001/001 (121).jpg,001
001/001 (122).jpg,001
001/001 (123).jpg,001
001/001 (124).jpg,001
001/001 (125).jpg,001
001/001 (126).jpg,001
001/001 (127).jpg,001
001/001 (128).jpg,001
001/001 (129).jpg,001
001/001 (13).jpg,001
001/001 (130).jpg,001
001/001 (131).jpg,001
001/001 (132).jpg,001
001/001 (133).jpg,001
001/001 (134).jpg,001
001/001 (135).jpg,001
001/001 (136).jpg,001
001/001 (137).jpg,001
001/001 (138).jpg,001
001/001 (139).jpg,001
001/001 (14).jpg,001
001/001 (140).jpg,001
001/001 (141).jpg,001
001/001 (142).jpg,001
001/001 (143).jpg,001
001/001 (144).jpg,001
001/001 (145).jpg,001
001/001 (146).jpg,001
001/001 (147).jpg,001
001/001 (148).jpg,001
001/001 (149).jpg,001
001/001 (15).jpg,001
001/001 (150).jpg,001
001/001 (151).jpg,001
001/001 (152).jpg,001
001/001 (153).jpg,001
001/001 (154).jpg,001
001/001 (155).jpg,001
001/001 (156).jpg,001
001/001 (157).jpg,001
001/001 (158).jpg,001
001/001 (159).jpg,001
001/001 (16).jpg,001
001/001 (160).jpg,001
001/001 (161).jpg,001
001/001 (162).jpg,001
001/001 (163).jpg,001
001/001 (164).jpg,001
001/001 (165).jpg,001
001/001 (166).jpg,001
001/001 (167).jpg,001
001/001 (168).jpg,001
001/001 (169).jpg,001
001/001 (17).jpg,001
001/001 (170).jpg,001
001/001 (171).jpg,001
001/001 (172).jpg,001
001/001 (173).jpg,001
001/001 (174).jpg,001
001/001 (175).jpg,001
001/001 (176).jpg,001
001/001 (177).jpg,001
001/001 (178).jpg,001
001/001 (179).jpg,001
001/001 (18).jpg,001
001/001 (180).jpg,001
001/001 (181).jpg,001
001/001 (182).jpg,001
001/001 (183).jpg,001
001/001 (184).jpg,001
001/001 (185).jpg,001
001/001 (186).jpg,001
001/001 (187).jpg,001
001/001 (188).jpg,001
001/001 (189).jpg,001
001/001 (19).jpg,001
001/001 (190).jpg,001
001/001 (191).jpg,001
001/001 (192).jpg,001
001/001 (193).jpg,001
001/001 (194).jpg,001
001/001 (195).jpg,001
001/001 (196).jpg,001
001/001 (197).jpg,001
001/001 (198).jpg,001
001/001 (199).jpg,001
001/001 (2).jpg,001
001/001 (20).jpg,001
001/001 (200).jpg,001
001/001 (201).jpg,001
001/001 (202).jpg,001
001/001 (203).jpg,001
001/001 (204).jpg,001
001/001 (205).jpg,001
001/001 (206).jpg,001
001/001 (207).jpg,001
001/001 (208).jpg,001
001/001 (209).jpg,001
001/001 (21).jpg,001
001/001 (210).jpg,001
001/001 (211).jpg,001
001/001 (212).jpg,001
001/001 (213).jpg,001
001/001 (214).jpg,001
001/001 (215).jpg,001
001/001 (216).jpg,001
001/001 (217).jpg,001
001/001 (218).jpg,001
001/001 (219).jpg,001
001/001 (22).jpg,001
001/001 (220).jpg,001
001/001 (221).jpg,001
001/001 (222).jpg,001
001/001 (223).jpg,001
001/001 (224).jpg,001
001/001 (225).jpg,001
001/001 (226).jpg,001
001/001 (227).jpg,001
001/001 (228).jpg,001
001/001 (229).jpg,001
001/001 (23).jpg,001
001/001 (230).jpg,001
001/001 (231).jpg,001
001/001 (232).jpg,001
001/001 (233).jpg,001
001/001 (234).jpg,001
001/001 (235).jpg,001
001/001 (236).jpg,001
001/001 (237).jpg,001
001/001 (238).jpg,001
001/001 (239).jpg,001
001/001 (24).jpg,001
001/001 (240).jpg,001
001/001 (241).jpg,001
001/001 (242).jpg,001
001/001 (243).jpg,001
001/001 (244).jpg,001
001/001 (245).jpg,001
001/001 (246).jpg,001
001/001 (247).jpg,001
001/001 (248).jpg,001
001/001 (249).jpg,001
001/001 (25).jpg,001
001/001 (250).jpg,001
001/001 (251).jpg,001
001/001 (252).jpg,001
001/001 (253).jpg,001
001/001 (254).jpg,001
001/001 (255).jpg,001
001/001 (256).jpg,001
001/001 (257).jpg,001
001/001 (258).jpg,001
001/001 (259).jpg,001
001/001 (26).jpg,001
001/001 (260).jpg,001
001/001 (261).jpg,001
001/001 (262).jpg,001
001/001 (263).jpg,001
001/001 (264).jpg,001
001/001 (265).jpg,001
001/001 (266).jpg,001
001/001 (267).jpg,001
001/001 (268).jpg,001
001/001 (269).jpg,001
001/001 (27).jpg,001
001/001 (270).jpg,001
001/001 (271).jpg,001
001/001 (272).jpg,001
001/001 (273).jpg,001
001/001 (274).jpg,001
001/001 (275).jpg,001
001/001 (276).jpg,001
001/001 (277).jpg,001
001/001 (278).jpg,001
001/001 (279).jpg,001
001/001 (28).jpg,001
001/001 (280).jpg,001
001/001 (281).jpg,001
001/001 (282).jpg,001
001/001 (283).jpg,001
001/001 (284).jpg,001
001/001 (285).jpg,001
001/001 (286).jpg,001
001/001 (29).jpg,001
001/001 (3).jpg,001
001/001 (30).jpg,001
001/001 (31).jpg,001
001/001 (32).jpg,001
001/001 (33).jpg,001
001/001 (34).jpg,001
001/001 (35).jpg,001
001/001 (36).jpg,001
001/001 (37).jpg,001
001/001 (38).jpg,001
001/001 (39).jpg,001
001/001 (4).jpg,001
001/001 (40).jpg,001
001/001 (41).jpg,001
001/001 (42).jpg,001
001/001 (43).jpg,001
001/001 (44).jpg,001
001/001 (45).jpg,001
001/001 (46).jpg,001
001/001 (47).jpg,001
001/001 (48).jpg,001
001/001 (49).jpg,001
001/001 (5).jpg,001
001/001 (50).jpg,001
001/001 (51).jpg,001
001/001 (52).jpg,001
001/001 (53).jpg,001
001/001 (54).jpg,001
001/001 (55).jpg,001
001/001 (56).jpg,001
001/001 (57).jpg,001
001/001 (58).jpg,001
001/001 (59).jpg,001
001/001 (6).jpg,001
001/001 (60).jpg,001
001/001 (61).jpg,001
001/001 (62).jpg,001
001/001 (63).jpg,001
001/001 (64).jpg,001
001/001 (65).jpg,001
001/001 (66).jpg,001
001/001 (67).jpg,001
001/001 (68).jpg,001
001/001 (69).jpg,001
001/001 (7).jpg,001
001/001 (70).jpg,001
001/001 (71).jpg,001
001/001 (72).jpg,001
001/001 (73).jpg,001
001/001 (74).jpg,001
001/001 (75).jpg,001
001/001 (76).jpg,001
001/001 (77).jpg,001
001/001 (78).jpg,001
001/001 (79).jpg,001
001/001 (8).jpg,001
001/001 (80).jpg,001
001/001 (81).jpg,001
001/001 (82).jpg,001
001/001 (83).jpg,001
001/001 (84).jpg,001
001/001 (85).jpg,001
001/001 (86).jpg,001
001/001 (87).jpg,001
001/001 (88).jpg,001
001/001 (89).jpg,001
001/001 (9).jpg,001
001/001 (90).jpg,001
001/001 (91).jpg,001
001/001 (92).jpg,001
001/001 (93).jpg,001
001/001 (94).jpg,001
001/001 (95).jpg,001
001/001 (96).jpg,001
001/001 (97).jpg,001
001/001 (98).jpg,001
001/001 (99).jpg,001
002/002 (1).jpg,002
002/002 (10).jpg,002
002/002 (100).jpg,002
002/002 (101).jpg,002
002/002 (102).jpg,002
002/002 (103).jpg,002
002/002 (104).jpg,002
002/002 (105).jpg,002
002/002 (106).jpg,002
002/002 (107).jpg,002
002/002 (108).jpg,002
002/002 (109).jpg,002
002/002 (11).jpg,002
002/002 (110).jpg,002
002/002 (111).jpg,002
002/002 (112).jpg,002
002/002 (113).jpg,002
002/002 (114).jpg,002
002/002 (115).jpg,002
002/002 (116).jpg,002
002/002 (117).jpg,002
002/002 (118).jpg,002
002/002 (119).jpg,002
002/002 (12).jpg,002
002/002 (120).jpg,002
002/002 (121).jpg,002
002/002 (122).jpg,002
002/002 (123).jpg,002
002/002 (124).jpg,002
002/002 (125).jpg,002
002/002 (126).jpg,002
002/002 (127).jpg,002
002/002 (128).jpg,002
002/002 (129).jpg,002
002/002 (13).jpg,002
002/002 (130).jpg,002
002/002 (131).jpg,002
002/002 (132).jpg,002
002/002 (133).jpg,002
002/002 (134).jpg,002
002/002 (135).jpg,002
002/002 (136).jpg,002
002/002 (137).jpg,002
002/002 (138).jpg,002
002/002 (139).jpg,002
002/002 (14).jpg,002
002/002 (140).jpg,002
002/002 (141).jpg,002
002/002 (142).jpg,002
002/002 (143).jpg,002
002/002 (144).jpg,002
002/002 (145).jpg,002
002/002 (146).jpg,002
002/002 (147).jpg,002
002/002 (148).jpg,002
002/002 (149).jpg,002
002/002 (15).jpg,002
002/002 (150).jpg,002
002/002 (151).jpg,002
002/002 (152).jpg,002
002/002 (153).jpg,002
002/002 (154).jpg,002
002/002 (155).jpg,002
002/002 (156).jpg,002
002/002 (157).jpg,002
002/002 (158).jpg,002
002/002 (159).jpg,002
002/002 (16).jpg,002
002/002 (160).jpg,002
002/002 (161).jpg,002
002/002 (162).jpg,002
002/002 (163).jpg,002
002/002 (164).jpg,002
002/002 (165).jpg,002
002/002 (166).jpg,002
002/002 (167).jpg,002
002/002 (168).jpg,002
002/002 (169).jpg,002
002/002 (17).jpg,002
002/002 (170).jpg,002
002/002 (171).jpg,002
002/002 (172).jpg,002
002/002 (173).jpg,002
002/002 (174).jpg,002
002/002 (175).jpg,002
002/002 (176).jpg,002
002/002 (177).jpg,002
002/002 (178).jpg,002
002/002 (179).jpg,002
002/002 (18).jpg,002
002/002 (180).jpg,002
002/002 (181).jpg,002
002/002 (182).jpg,002
002/002 (183).jpg,002
002/002 (184).jpg,002
002/002 (185).jpg,002
002/002 (186).jpg,002
002/002 (187).jpg,002
002/002 (188).jpg,002
002/002 (189).jpg,002
002/002 (19).jpg,002
002/002 (190).jpg,002
002/002 (191).jpg,002
002/002 (192).jpg,002
002/002 (193).jpg,002
002/002 (194).jpg,002
002/002 (195).jpg,002
002/002 (196).jpg,002
002/002 (197).jpg,002
002/002 (198).jpg,002
002/002 (199).jpg,002
002/002 (2).jpg,002
002/002 (20).jpg,002
002/002 (200).jpg,002
002/002 (201).jpg,002
002/002 (202).jpg,002
002/002 (203).jpg,002
002/002 (204).jpg,002
002/002 (205).jpg,002
002/002 (206).jpg,002
002/002 (207).jpg,002
002/002 (208).jpg,002
002/002 (209).jpg,002
002/002 (21).jpg,002
002/002 (210).jpg,002
002/002 (211).jpg,002
002/002 (212).jpg,002
002/002 (213).jpg,002
002/002 (214).jpg,002
002/002 (215).jpg,002
002/002 (216).jpg,002
002/002 (217).jpg,002
002/002 (218).jpg,002
002/002 (219).jpg,002
002/002 (22).jpg,002
002/002 (220).jpg,002
002/002 (221).jpg,002
002/002 (222).jpg,002
002/002 (223).jpg,002
002/002 (224).jpg,002
002/002 (225).jpg,002
002/002 (226).jpg,002
002/002 (227).jpg,002
002/002 (228).jpg,002
002/002 (229).jpg,002
002/002 (23).jpg,002
002/002 (230).jpg,002
002/002 (231).jpg,002
002/002 (232).jpg,002
002/002 (233).jpg,002
002/002 (234).jpg,002
002/002 (235).jpg,002
002/002 (236).jpg,002
002/002 (237).jpg,002
002/002 (238).jpg,002
002/002 (239).jpg,002
002/002 (24).jpg,002
002/002 (240).jpg,002
002/002 (241).jpg,002
002/002 (242).jpg,002
002/002 (243).jpg,002
002/002 (244).jpg,002
002/002 (245).jpg,002
002/002 (246).jpg,002
002/002 (247).jpg,002
002/002 (248).jpg,002
002/002 (249).jpg,002
002/002 (25).jpg,002
002/002 (250).jpg,002
002/002 (251).jpg,002
002/002 (252).jpg,002
002/002 (253).jpg,002
002/002 (254).jpg,002
002/002 (255).jpg,002
002/002 (256).jpg,002
002/002 (257).jpg,002
002/002 (258).jpg,002
002/002 (259).jpg,002
002/002 (26).jpg,002
002/002 (260).jpg,002
002/002 (261).jpg,002
002/002 (262).jpg,002
002/002 (263).jpg,002
002/002 (264).jpg,002
002/002 (265).jpg,002
002/002 (266).jpg,002
002/002 (267).jpg,002
002/002 (268).jpg,002
002/002 (269).jpg,002
002/002 (27).jpg,002
002/002 (270).jpg,002
002/002 (271).jpg,002
002/002 (272).jpg,002
002/002 (273).jpg,002
002/002 (274).jpg,002
002/002 (275).jpg,002
002/002 (276).jpg,002
002/002 (277).jpg,002
002/002 (278).jpg,002
002/002 (279).jpg,002
002/002 (28).jpg,002
002/002 (280).jpg,002
002/002 (281).jpg,002
002/002 (282).jpg,002
002/002 (283).jpg,002
002/002 (284).jpg,002
002/002 (285).jpg,002
002/002 (286).jpg,002
002/002 (287).jpg,002
002/002 (288).jpg,002
002/002 (289).jpg,002
002/002 (29).jpg,002
002/002 (290).jpg,002
002/002 (291).jpg,002
002/002 (292).jpg,002
002/002 (293).jpg,002
002/002 (294).jpg,002
002/002 (295).jpg,002
002/002 (296).jpg,002
002/002 (297).jpg,002
002/002 (298).jpg,002
002/002 (299).jpg,002
002/002 (3).jpg,002
002/002 (30).jpg,002
002/002 (300).jpg,002
002/002 (31).jpg,002
002/002 (32).jpg,002
002/002 (33).jpg,002
002/002 (34).jpg,002
002/002 (35).jpg,002
002/002 (36).jpg,002
002/002 (37).jpg,002
002/002 (38).jpg,002
002/002 (39).jpg,002
002/002 (4).jpg,002
002/002 (40).jpg,002
002/002 (41).jpg,002
002/002 (42).jpg,002
002/002 (43).jpg,002
002/002 (44).jpg,002
002/002 (45).jpg,002
002/002 (46).jpg,002
002/002 (47).jpg,002
002/002 (48).jpg,002
002/002 (49).jpg,002
002/002 (5).jpg,002
002/002 (50).jpg,002
002/002 (51).jpg,002
002/002 (52).jpg,002
002/002 (53).jpg,002
002/002 (54).jpg,002
002/002 (55).jpg,002
002/002 (56).jpg,002
002/002 (57).jpg,002
002/002 (58).jpg,002
002/002 (59).jpg,002
002/002 (6).jpg,002
002/002 (60).jpg,002
002/002 (61).jpg,002
002/002 (62).jpg,002
002/002 (63).jpg,002
002/002 (64).jpg,002
002/002 (65).jpg,002
002/002 (66).jpg,002
002/002 (67).jpg,002
002/002 (68).jpg,002
002/002 (69).jpg,002
002/002 (7).jpg,002
002/002 (70).jpg,002
002/002 (71).jpg,002
002/002 (72).jpg,002
002/002 (73).jpg,002
002/002 (74).jpg,002
002/002 (75).jpg,002
002/002 (76).jpg,002
002/002 (77).jpg,002
002/002 (78).jpg,002
002/002 (79).jpg,002
002/002 (8).jpg,002
002/002 (80).jpg,002
002/002 (81).jpg,002
002/002 (82).jpg,002
002/002 (83).jpg,002
002/002 (84).jpg,002
002/002 (85).jpg,002
002/002 (86).jpg,002
002/002 (87).jpg,002
002/002 (88).jpg,002
002/002 (89).jpg,002
002/002 (9).jpg,002
002/002 (90).jpg,002
002/002 (91).jpg,002
002/002 (92).jpg,002
002/002 (93).jpg,002
002/002 (94).jpg,002
002/002 (95).jpg,002
002/002 (96).jpg,002
002/002 (97).jpg,002
002/002 (98).jpg,002
002/002 (99).jpg,002
003/003 (1).jpg,003
003/003 (10).jpg,003
003/003 (100).jpg,003
003/003 (101).jpg,003
003/003 (102).jpg,003
003/003 (103).jpg,003
003/003 (104).jpg,003
003/003 (105).jpg,003
003/003 (106).jpg,003
003/003 (107).jpg,003
003/003 (108).jpg,003
003/003 (109).jpg,003
003/003 (11).jpg,003
003/003 (110).jpg,003
003/003 (111).jpg,003
003/003 (112).jpg,003
003/003 (113).jpg,003
003/003 (114).jpg,003
003/003 (115).jpg,003
003/003 (116).jpg,003
003/003 (117).jpg,003
003/003 (118).jpg,003
003/003 (119).jpg,003
003/003 (12).jpg,003
003/003 (120).jpg,003
003/003 (121).jpg,003
003/003 (122).jpg,003
003/003 (123).jpg,003
003/003 (124).jpg,003
003/003 (125).jpg,003
003/003 (126).jpg,003
003/003 (127).jpg,003
003/003 (128).jpg,003
003/003 (129).jpg,003
003/003 (13).jpg,003
003/003 (130).jpg,003
003/003 (131).jpg,003
003/003 (132).jpg,003
003/003 (133).jpg,003
003/003 (134).jpg,003
003/003 (135).jpg,003
003/003 (136).jpg,003
003/003 (137).jpg,003
003/003 (138).jpg,003
003/003 (139).jpg,003
003/003 (14).jpg,003
003/003 (140).jpg,003
003/003 (141).jpg,003
003/003 (142).jpg,003
003/003 (143).jpg,003
003/003 (144).jpg,003
003/003 (145).jpg,003
003/003 (146).jpg,003
003/003 (147).jpg,003
003/003 (148).jpg,003
003/003 (149).jpg,003
003/003 (15).jpg,003
003/003 (150).jpg,003
003/003 (151).jpg,003
003/003 (152).jpg,003
003/003 (153).jpg,003
003/003 (154).jpg,003
003/003 (155).jpg,003
003/003 (156).jpg,003
003/003 (157).jpg,003
003/003 (158).jpg,003
003/003 (159).jpg,003
003/003 (16).jpg,003
003/003 (160).jpg,003
003/003 (161).jpg,003
003/003 (162).jpg,003
003/003 (163).jpg,003
003/003 (164).jpg,003
003/003 (165).jpg,003
003/003 (166).jpg,003
003/003 (167).jpg,003
003/003 (168).jpg,003
003/003 (169).jpg,003
003/003 (17).jpg,003
003/003 (170).jpg,003
003/003 (171).jpg,003
003/003 (172).jpg,003
003/003 (173).jpg,003
003/003 (174).jpg,003
003/003 (175).jpg,003
003/003 (176).jpg,003
003/003 (177).jpg,003
003/003 (178).jpg,003
003/003 (179).jpg,003
003/003 (18).jpg,003
003/003 (180).jpg,003
003/003 (181).jpg,003
003/003 (182).jpg,003
003/003 (183).jpg,003
003/003 (184).jpg,003
003/003 (185).jpg,003
003/003 (186).jpg,003
003/003 (187).jpg,003
003/003 (188).jpg,003
003/003 (189).jpg,003
003/003 (19).jpg,003
003/003 (190).jpg,003
003/003 (191).jpg,003
003/003 (192).jpg,003
003/003 (193).jpg,003
003/003 (194).jpg,003
003/003 (195).jpg,003
003/003 (196).jpg,003
003/003 (197).jpg,003
003/003 (198).jpg,003
003/003 (199).jpg,003
003/003 (2).jpg,003
003/003 (20).jpg,003
003/003 (200).jpg,003
003/003 (201).jpg,003
003/003 (202).jpg,003
003/003 (203).jpg,003
003/003 (204).jpg,003
003/003 (205).jpg,003
003/003 (21).jpg,003
003/003 (22).jpg,003
003/003 (23).jpg,003
003/003 (24).jpg,003
003/003 (25).jpg,003
003/003 (26).jpg,003
003/003 (27).jpg,003
003/003 (28).jpg,003
003/003 (29).jpg,003
003/003 (3).jpg,003
003/003 (30).jpg,003
003/003 (31).jpg,003
003/003 (32).jpg,003
003/003 (33).jpg,003
003/003 (34).jpg,003
003/003 (35).jpg,003
003/003 (36).jpg,003
003/003 (37).jpg,003
003/003 (38).jpg,003
003/003 (39).jpg,003
003/003 (4).jpg,003
003/003 (40).jpg,003
003/003 (41).jpg,003
003/003 (42).jpg,003
003/003 (43).jpg,003
003/003 (44).jpg,003
003/003 (45).jpg,003
003/003 (46).jpg,003
003/003 (47).jpg,003
003/003 (48).jpg,003
003/003 (49).jpg,003
003/003 (5).jpg,003
003/003 (50).jpg,003
003/003 (51).jpg,003
003/003 (52).jpg,003
003/003 (53).jpg,003
003/003 (54).jpg,003
003/003 (55).jpg,003
003/003 (56).jpg,003
003/003 (57).jpg,003
003/003 (58).jpg,003
003/003 (59).jpg,003
003/003 (6).jpg,003
003/003 (60).jpg,003
003/003 (61).jpg,003
003/003 (62).jpg,003
003/003 (63).jpg,003
003/003 (64).jpg,003
003/003 (65).jpg,003
003/003 (66).jpg,003
003/003 (67).jpg,003
003/003 (68).jpg,003
003/003 (69).jpg,003
003/003 (7).jpg,003
003/003 (70).jpg,003
003/003 (71).jpg,003
003/003 (72).jpg,003
003/003 (73).jpg,003
003/003 (74).jpg,003
003/003 (75).jpg,003
003/003 (76).jpg,003
003/003 (77).jpg,003
003/003 (78).jpg,003
003/003 (79).jpg,003
003/003 (8).jpg,003
003/003 (80).jpg,003
003/003 (81).jpg,003
003/003 (82).jpg,003
003/003 (83).jpg,003
003/003 (84).jpg,003
003/003 (85).jpg,003
003/003 (86).jpg,003
003/003 (87).jpg,003
003/003 (88).jpg,003
003/003 (89).jpg,003
003/003 (9).jpg,003
003/003 (90).jpg,003
003/003 (91).jpg,003
003/003 (92).jpg,003
003/003 (93).jpg,003
003/003 (94).jpg,003
003/003 (95).jpg,003
003/003 (96).jpg,003
003/003 (97).jpg,003
003/003 (98).jpg,003
003/003 (99).jpg,003
004/004 (1).jpg,004
004/004 (10).jpg,004
004/004 (100).jpg,004
004/004 (101).jpg,004
004/004 (102).jpg,004
004/004 (103).jpg,004
004/004 (104).jpg,004
004/004 (105).jpg,004
004/004 (106).jpg,004
004/004 (107).jpg,004
004/004 (108).jpg,004
004/004 (109).jpg,004
004/004 (11).jpg,004
004/004 (110).jpg,004
004/004 (111).jpg,004
004/004 (112).jpg,004
004/004 (113).jpg,004
004/004 (114).jpg,004
004/004 (115).jpg,004
004/004 (116).jpg,004
004/004 (117).jpg,004
004/004 (118).jpg,004
004/004 (119).jpg,004
004/004 (12).jpg,004
004/004 (120).jpg,004
004/004 (121).jpg,004
004/004 (122).jpg,004
004/004 (123).jpg,004
004/004 (124).jpg,004
004/004 (125).jpg,004
004/004 (126).jpg,004
004/004 (127).jpg,004
004/004 (128).jpg,004
004/004 (129).jpg,004
004/004 (13).jpg,004
004/004 (130).jpg,004
004/004 (131).jpg,004
004/004 (132).jpg,004
004/004 (133).jpg,004
004/004 (134).jpg,004
004/004 (135).jpg,004
004/004 (136).jpg,004
004/004 (137).jpg,004
004/004 (138).jpg,004
004/004 (139).jpg,004
004/004 (14).jpg,004
004/004 (140).jpg,004
004/004 (141).jpg,004
004/004 (142).jpg,004
004/004 (143).jpg,004
004/004 (144).jpg,004
004/004 (145).jpg,004
004/004 (146).jpg,004
004/004 (147).jpg,004
004/004 (148).jpg,004
004/004 (149).jpg,004
004/004 (15).jpg,004
004/004 (150).jpg,004
004/004 (151).jpg,004
004/004 (152).jpg,004
004/004 (153).jpg,004
004/004 (154).jpg,004
004/004 (155).jpg,004
004/004 (156).jpg,004
004/004 (157).jpg,004
004/004 (158).jpg,004
004/004 (159).jpg,004
004/004 (16).jpg,004
004/004 (160).jpg,004
004/004 (161).jpg,004
004/004 (162).jpg,004
004/004 (163).jpg,004
004/004 (164).jpg,004
004/004 (165).jpg,004
004/004 (166).jpg,004
004/004 (167).jpg,004
004/004 (168).jpg,004
004/004 (169).jpg,004
004/004 (17).jpg,004
004/004 (170).jpg,004
004/004 (171).jpg,004
004/004 (172).jpg,004
004/004 (173).jpg,004
004/004 (174).jpg,004
004/004 (175).jpg,004
004/004 (176).jpg,004
004/004 (177).jpg,004
004/004 (178).jpg,004
004/004 (179).jpg,004
004/004 (18).jpg,004
004/004 (180).jpg,004
004/004 (181).jpg,004
004/004 (182).jpg,004
004/004 (183).jpg,004
004/004 (184).jpg,004
004/004 (185).jpg,004
004/004 (186).jpg,004
004/004 (187).jpg,004
004/004 (188).jpg,004
004/004 (189).jpg,004
004/004 (19).jpg,004
004/004 (190).jpg,004
004/004 (191).jpg,004
004/004 (192).jpg,004
004/004 (193).jpg,004
004/004 (194).jpg,004
004/004 (195).jpg,004
004/004 (196).jpg,004
004/004 (197).jpg,004
004/004 (198).jpg,004
004/004 (199).jpg,004
004/004 (2).jpg,004
004/004 (20).jpg,004
004/004 (200).jpg,004
004/004 (201).jpg,004
004/004 (202).jpg,004
004/004 (203).jpg,004
004/004 (204).jpg,004
004/004 (205).jpg,004
004/004 (206).jpg,004
004/004 (207).jpg,004
004/004 (208).jpg,004
004/004 (209).jpg,004
004/004 (21).jpg,004
004/004 (210).jpg,004
004/004 (211).jpg,004
004/004 (212).jpg,004
004/004 (213).jpg,004
004/004 (22).jpg,004
004/004 (23).jpg,004
004/004 (24).jpg,004
004/004 (25).jpg,004
004/004 (26).jpg,004
004/004 (27).jpg,004
004/004 (28).jpg,004
004/004 (29).jpg,004
004/004 (3).jpg,004
004/004 (30).jpg,004
004/004 (31).jpg,004
004/004 (32).jpg,004
004/004 (33).jpg,004
004/004 (34).jpg,004
004/004 (35).jpg,004
004/004 (36).jpg,004
004/004 (37).jpg,004
004/004 (38).jpg,004
004/004 (39).jpg,004
004/004 (4).jpg,004
004/004 (40).jpg,004
004/004 (41).jpg,004
004/004 (42).jpg,004
004/004 (43).jpg,004
004/004 (44).jpg,004
004/004 (45).jpg,004
004/004 (46).jpg,004
004/004 (47).jpg,004
004/004 (48).jpg,004
004/004 (49).jpg,004
004/004 (5).jpg,004
004/004 (50).jpg,004
004/004 (51).jpg,004
004/004 (52).jpg,004
004/004 (53).jpg,004
004/004 (54).jpg,004
004/004 (55).jpg,004
004/004 (56).jpg,004
004/004 (57).jpg,004
004/004 (58).jpg,004
004/004 (59).jpg,004
004/004 (6).jpg,004
004/004 (60).jpg,004
004/004 (61).jpg,004
004/004 (62).jpg,004
004/004 (63).jpg,004
004/004 (64).jpg,004
004/004 (65).jpg,004
004/004 (66).jpg,004
004/004 (67).jpg,004
004/004 (68).jpg,004
004/004 (69).jpg,004
004/004 (7).jpg,004
004/004 (70).jpg,004
004/004 (71).jpg,004
004/004 (72).jpg,004
004/004 (73).jpg,004
004/004 (74).jpg,004
004/004 (75).jpg,004
004/004 (76).jpg,004
004/004 (77).jpg,004
004/004 (78).jpg,004
004/004 (79).jpg,004
004/004 (8).jpg,004
004/004 (80).jpg,004
004/004 (81).jpg,004
004/004 (82).jpg,004
004/004 (83).jpg,004
004/004 (84).jpg,004
004/004 (85).jpg,004
004/004 (86).jpg,004
004/004 (87).jpg,004
004/004 (88).jpg,004
004/004 (89).jpg,004
004/004 (9).jpg,004
004/004 (90).jpg,004
004/004 (91).jpg,004
004/004 (92).jpg,004
004/004 (93).jpg,004
004/004 (94).jpg,004
004/004 (95).jpg,004
004/004 (96).jpg,004
004/004 (97).jpg,004
004/004 (98).jpg,004
004/004 (99).jpg,004
005/005 (1).jpg,005
005/005 (10).jpg,005
005/005 (100).jpg,005
005/005 (101).jpg,005
005/005 (102).jpg,005
005/005 (103).jpg,005
005/005 (104).jpg,005
005/005 (105).jpg,005
005/005 (106).jpg,005
005/005 (107).jpg,005
005/005 (108).jpg,005
005/005 (109).jpg,005
005/005 (11).jpg,005
005/005 (110).jpg,005
005/005 (111).jpg,005
005/005 (112).jpg,005
005/005 (113).jpg,005
005/005 (114).jpg,005
005/005 (115).jpg,005
005/005 (116).jpg,005
005/005 (117).jpg,005
005/005 (118).jpg,005
005/005 (119).jpg,005
005/005 (12).jpg,005
005/005 (120).jpg,005
005/005 (121).jpg,005
005/005 (122).jpg,005
005/005 (123).jpg,005
005/005 (124).jpg,005
005/005 (125).jpg,005
005/005 (126).jpg,005
005/005 (127).jpg,005
005/005 (128).jpg,005
005/005 (129).jpg,005
005/005 (13).jpg,005
005/005 (130).jpg,005
005/005 (131).jpg,005
005/005 (132).jpg,005
005/005 (133).jpg,005
005/005 (134).jpg,005
005/005 (135).jpg,005
005/005 (136).jpg,005
005/005 (137).jpg,005
005/005 (138).jpg,005
005/005 (139).jpg,005
005/005 (14).jpg,005
005/005 (140).jpg,005
005/005 (141).jpg,005
005/005 (142).jpg,005
005/005 (143).jpg,005
005/005 (144).jpg,005
005/005 (145).jpg,005
005/005 (146).jpg,005
005/005 (147).jpg,005
005/005 (148).jpg,005
005/005 (149).jpg,005
005/005 (15).jpg,005
005/005 (150).jpg,005
005/005 (151).jpg,005
005/005 (152).jpg,005
005/005 (153).jpg,005
005/005 (154).jpg,005
005/005 (155).jpg,005
005/005 (156).jpg,005
005/005 (157).jpg,005
005/005 (158).jpg,005
005/005 (159).jpg,005
005/005 (16).jpg,005
005/005 (160).jpg,005
005/005 (161).jpg,005
005/005 (162).jpg,005
005/005 (163).jpg,005
005/005 (164).jpg,005
005/005 (165).jpg,005
005/005 (166).jpg,005
005/005 (167).jpg,005
005/005 (168).jpg,005
005/005 (169).jpg,005
005/005 (17).jpg,005
005/005 (170).jpg,005
005/005 (171).jpg,005
005/005 (172).jpg,005
005/005 (173).jpg,005
005/005 (174).jpg,005
005/005 (175).jpg,005
005/005 (176).jpg,005
005/005 (177).jpg,005
005/005 (178).jpg,005
005/005 (179).jpg,005
005/005 (18).jpg,005
005/005 (180).jpg,005
005/005 (181).jpg,005
005/005 (182).jpg,005
005/005 (183).jpg,005
005/005 (184).jpg,005
005/005 (185).jpg,005
005/005 (186).jpg,005
005/005 (187).jpg,005
005/005 (188).jpg,005
005/005 (189).jpg,005
005/005 (19).jpg,005
005/005 (190).jpg,005
005/005 (191).jpg,005
005/005 (192).jpg,005
005/005 (193).jpg,005
005/005 (194).jpg,005
005/005 (195).jpg,005
005/005 (196).jpg,005
005/005 (197).jpg,005
005/005 (198).jpg,005
005/005 (199).jpg,005
005/005 (2).jpg,005
005/005 (20).jpg,005
005/005 (200).jpg,005
005/005 (21).jpg,005
005/005 (22).jpg,005
005/005 (23).jpg,005
005/005 (24).jpg,005
005/005 (25).jpg,005
005/005 (26).jpg,005
005/005 (27).jpg,005
005/005 (28).jpg,005
005/005 (29).jpg,005
005/005 (3).jpg,005
005/005 (30).jpg,005
005/005 (31).jpg,005
005/005 (32).jpg,005
005/005 (33).jpg,005
005/005 (34).jpg,005
005/005 (35).jpg,005
005/005 (36).jpg,005
005/005 (37).jpg,005
005/005 (38).jpg,005
005/005 (39).jpg,005
005/005 (4).jpg,005
005/005 (40).jpg,005
005/005 (41).jpg,005
005/005 (42).jpg,005
005/005 (43).jpg,005
005/005 (44).jpg,005
005/005 (45).jpg,005
005/005 (46).jpg,005
005/005 (47).jpg,005
005/005 (48).jpg,005
005/005 (49).jpg,005
005/005 (5).jpg,005
005/005 (50).jpg,005
005/005 (51).jpg,005
005/005 (52).jpg,005
005/005 (53).jpg,005
005/005 (54).jpg,005
005/005 (55).jpg,005
005/005 (56).jpg,005
005/005 (57).jpg,005
005/005 (58).jpg,005
005/005 (59).jpg,005
005/005 (6).jpg,005
005/005 (60).jpg,005
005/005 (61).jpg,005
005/005 (62).jpg,005
005/005 (63).jpg,005
005/005 (64).jpg,005
005/005 (65).jpg,005
005/005 (66).jpg,005
005/005 (67).jpg,005
005/005 (68).jpg,005
005/005 (69).jpg,005
005/005 (7).jpg,005
005/005 (70).jpg,005
005/005 (71).jpg,005
005/005 (72).jpg,005
005/005 (73).jpg,005
005/005 (74).jpg,005
005/005 (75).jpg,005
005/005 (76).jpg,005
005/005 (77).jpg,005
005/005 (78).jpg,005
005/005 (79).jpg,005
005/005 (8).jpg,005
005/005 (80).jpg,005
005/005 (81).jpg,005
005/005 (82).jpg,005
005/005 (83).jpg,005
005/005 (84).jpg,005
005/005 (85).jpg,005
005/005 (86).jpg,005
005/005 (87).jpg,005
005/005 (88).jpg,005
005/005 (89).jpg,005
005/005 (9).jpg,005
005/005 (90).jpg,005
005/005 (91).jpg,005
005/005 (92).jpg,005
005/005 (93).jpg,005
005/005 (94).jpg,005
005/005 (95).jpg,005
005/005 (96).jpg,005
005/005 (97).jpg,005
005/005 (98).jpg,005
005/005 (99).jpg,005
006/006 (1).jpg,006
006/006 (10).jpg,006
006/006 (100).jpg,006
006/006 (101).jpg,006
006/006 (102).jpg,006
006/006 (103).jpg,006
006/006 (104).jpg,006
006/006 (105).jpg,006
006/006 (106).jpg,006
006/006 (107).jpg,006
006/006 (108).jpg,006
006/006 (109).jpg,006
006/006 (11).jpg,006
006/006 (110).jpg,006
006/006 (111).jpg,006
006/006 (112).jpg,006
006/006 (113).jpg,006
006/006 (114).jpg,006
006/006 (115).jpg,006
006/006 (116).jpg,006
006/006 (117).jpg,006
006/006 (118).jpg,006
006/006 (119).jpg,006
006/006 (12).jpg,006
006/006 (120).jpg,006
006/006 (121).jpg,006
006/006 (122).jpg,006
006/006 (123).jpg,006
006/006 (124).jpg,006
006/006 (125).jpg,006
006/006 (126).jpg,006
006/006 (127).jpg,006
006/006 (128).jpg,006
006/006 (129).jpg,006
006/006 (13).jpg,006
006/006 (130).jpg,006
006/006 (131).jpg,006
006/006 (132).jpg,006
006/006 (133).jpg,006
006/006 (134).jpg,006
006/006 (135).jpg,006
006/006 (136).jpg,006
006/006 (137).jpg,006
006/006 (138).jpg,006
006/006 (139).jpg,006
006/006 (14).jpg,006
006/006 (140).jpg,006
006/006 (141).jpg,006
006/006 (142).jpg,006
006/006 (143).jpg,006
006/006 (144).jpg,006
006/006 (145).jpg,006
006/006 (146).jpg,006
006/006 (147).jpg,006
006/006 (148).jpg,006
006/006 (149).jpg,006
006/006 (15).jpg,006
006/006 (150).jpg,006
006/006 (151).jpg,006
006/006 (152).jpg,006
006/006 (153).jpg,006
006/006 (154).jpg,006
006/006 (155).jpg,006
006/006 (156).jpg,006
006/006 (157).jpg,006
006/006 (158).jpg,006
006/006 (159).jpg,006
006/006 (16).jpg,006
006/006 (160).jpg,006
006/006 (161).jpg,006
006/006 (162).jpg,006
006/006 (163).jpg,006
006/006 (164).jpg,006
006/006 (165).jpg,006
006/006 (166).jpg,006
006/006 (167).jpg,006
006/006 (168).jpg,006
006/006 (169).jpg,006
006/006 (17).jpg,006
006/006 (170).jpg,006
006/006 (171).jpg,006
006/006 (172).jpg,006
006/006 (173).jpg,006
006/006 (174).jpg,006
006/006 (175).jpg,006
006/006 (176).jpg,006
006/006 (177).jpg,006
006/006 (178).jpg,006
006/006 (179).jpg,006
006/006 (18).jpg,006
006/006 (180).jpg,006
006/006 (181).jpg,006
006/006 (182).jpg,006
006/006 (183).jpg,006
006/006 (184).jpg,006
006/006 (185).jpg,006
006/006 (186).jpg,006
006/006 (187).jpg,006
006/006 (19).jpg,006
006/006 (2).jpg,006
006/006 (20).jpg,006
006/006 (21).jpg,006
006/006 (22).jpg,006
006/006 (23).jpg,006
006/006 (24).jpg,006
006/006 (25).jpg,006
006/006 (26).jpg,006
006/006 (27).jpg,006
006/006 (28).jpg,006
006/006 (29).jpg,006
006/006 (3).jpg,006
006/006 (30).jpg,006
006/006 (31).jpg,006
006/006 (32).jpg,006
006/006 (33).jpg,006
006/006 (34).jpg,006
006/006 (35).jpg,006
006/006 (36).jpg,006
006/006 (37).jpg,006
006/006 (38).jpg,006
006/006 (39).jpg,006
006/006 (4).jpg,006
006/006 (40).jpg,006
006/006 (41).jpg,006
006/006 (42).jpg,006
006/006 (43).jpg,006
006/006 (44).jpg,006
006/006 (45).jpg,006
006/006 (46).jpg,006
006/006 (47).jpg,006
006/006 (48).jpg,006
006/006 (49).jpg,006
006/006 (5).jpg,006
006/006 (50).jpg,006
006/006 (51).jpg,006
006/006 (52).jpg,006
006/006 (53).jpg,006
006/006 (54).jpg,006
006/006 (55).jpg,006
006/006 (56).jpg,006
006/006 (57).jpg,006
006/006 (58).jpg,006
006/006 (59).jpg,006
006/006 (6).jpg,006
006/006 (60).jpg,006
006/006 (61).jpg,006
006/006 (62).jpg,006
006/006 (63).jpg,006
006/006 (64).jpg,006
006/006 (65).jpg,006
006/006 (66).jpg,006
006/006 (67).jpg,006
006/006 (68).jpg,006
006/006 (69).jpg,006
006/006 (7).jpg,006
006/006 (70).jpg,006
006/006 (71).jpg,006
006/006 (72).jpg,006
006/006 (73).jpg,006
006/006 (74).jpg,006
006/006 (75).jpg,006
006/006 (76).jpg,006
006/006 (77).jpg,006
006/006 (78).jpg,006
006/006 (79).jpg,006
006/006 (8).jpg,006
006/006 (80).jpg,006
006/006 (81).jpg,006
006/006 (82).jpg,006
006/006 (83).jpg,006
006/006 (84).jpg,006
006/006 (85).jpg,006
006/006 (86).jpg,006
006/006 (87).jpg,006
006/006 (88).jpg,006
006/006 (89).jpg,006
006/006 (9).jpg,006
006/006 (90).jpg,006
006/006 (91).jpg,006
006/006 (92).jpg,006
006/006 (93).jpg,006
006/006 (94).jpg,006
006/006 (95).jpg,006
006/006 (96).jpg,006
006/006 (97).jpg,006
006/006 (98).jpg,006
006/006 (99).jpg,006
007/007 (1).jpg,007
007/007 (10).jpg,007
007/007 (100).jpg,007
007/007 (101).jpg,007
007/007 (102).jpg,007
007/007 (103).jpg,007
007/007 (104).jpg,007
007/007 (105).jpg,007
007/007 (106).jpg,007
007/007 (107).jpg,007
007/007 (108).jpg,007
007/007 (109).jpg,007
007/007 (11).jpg,007
007/007 (110).jpg,007
007/007 (111).jpg,007
007/007 (112).jpg,007
007/007 (113).jpg,007
007/007 (114).jpg,007
007/007 (115).jpg,007
007/007 (116).jpg,007
007/007 (117).jpg,007
007/007 (118).jpg,007
007/007 (119).jpg,007
007/007 (12).jpg,007
007/007 (120).jpg,007
007/007 (121).jpg,007
007/007 (122).jpg,007
007/007 (123).jpg,007
007/007 (124).jpg,007
007/007 (125).jpg,007
007/007 (126).jpg,007
007/007 (127).jpg,007
007/007 (128).jpg,007
007/007 (129).jpg,007
007/007 (13).jpg,007
007/007 (130).jpg,007
007/007 (131).jpg,007
007/007 (132).jpg,007
007/007 (133).jpg,007
007/007 (134).jpg,007
007/007 (135).jpg,007
007/007 (136).jpg,007
007/007 (137).jpg,007
007/007 (138).jpg,007
007/007 (139).jpg,007
007/007 (14).jpg,007
007/007 (140).jpg,007
007/007 (141).jpg,007
007/007 (142).jpg,007
007/007 (143).jpg,007
007/007 (144).jpg,007
007/007 (145).jpg,007
007/007 (146).jpg,007
007/007 (147).jpg,007
007/007 (148).jpg,007
007/007 (149).jpg,007
007/007 (15).jpg,007
007/007 (150).jpg,007
007/007 (151).jpg,007
007/007 (152).jpg,007
007/007 (153).jpg,007
007/007 (154).jpg,007
007/007 (155).jpg,007
007/007 (156).jpg,007
007/007 (157).jpg,007
007/007 (158).jpg,007
007/007 (159).jpg,007
007/007 (16).jpg,007
007/007 (160).jpg,007
007/007 (161).jpg,007
007/007 (162).jpg,007
007/007 (163).jpg,007
007/007 (164).jpg,007
007/007 (165).jpg,007
007/007 (166).jpg,007
007/007 (167).jpg,007
007/007 (168).jpg,007
007/007 (169).jpg,007
007/007 (17).jpg,007
007/007 (170).jpg,007
007/007 (171).jpg,007
007/007 (172).jpg,007
007/007 (173).jpg,007
007/007 (174).jpg,007
007/007 (175).jpg,007
007/007 (176).jpg,007
007/007 (177).jpg,007
007/007 (178).jpg,007
007/007 (179).jpg,007
007/007 (18).jpg,007
007/007 (180).jpg,007
007/007 (181).jpg,007
007/007 (182).jpg,007
007/007 (183).jpg,007
007/007 (184).jpg,007
007/007 (185).jpg,007
007/007 (186).jpg,007
007/007 (187).jpg,007
007/007 (188).jpg,007
007/007 (189).jpg,007
007/007 (19).jpg,007
007/007 (190).jpg,007
007/007 (2).jpg,007
007/007 (20).jpg,007
007/007 (21).jpg,007
007/007 (22).jpg,007
007/007 (23).jpg,007
007/007 (24).jpg,007
007/007 (25).jpg,007
007/007 (26).jpg,007
007/007 (27).jpg,007
007/007 (28).jpg,007
007/007 (29).jpg,007
007/007 (3).jpg,007
007/007 (30).jpg,007
007/007 (31).jpg,007
007/007 (32).jpg,007
007/007 (33).jpg,007
007/007 (34).jpg,007
007/007 (35).jpg,007
007/007 (36).jpg,007
007/007 (37).jpg,007
007/007 (38).jpg,007
007/007 (39).jpg,007
007/007 (4).jpg,007
007/007 (40).jpg,007
007/007 (41).jpg,007
007/007 (42).jpg,007
007/007 (43).jpg,007
007/007 (44).jpg,007
007/007 (45).jpg,007
007/007 (46).jpg,007
007/007 (47).jpg,007
007/007 (48).jpg,007
007/007 (49).jpg,007
007/007 (5).jpg,007
007/007 (50).jpg,007
007/007 (51).jpg,007
007/007 (52).jpg,007
007/007 (53).jpg,007
007/007 (54).jpg,007
007/007 (55).jpg,007
007/007 (56).jpg,007
007/007 (57).jpg,007
007/007 (58).jpg,007
007/007 (59).jpg,007
007/007 (6).jpg,007
007/007 (60).jpg,007
007/007 (61).jpg,007
007/007 (62).jpg,007
007/007 (63).jpg,007
007/007 (64).jpg,007
007/007 (65).jpg,007
007/007 (66).jpg,007
007/007 (67).jpg,007
007/007 (68).jpg,007
007/007 (69).jpg,007
007/007 (7).jpg,007
007/007 (70).jpg,007
007/007 (71).jpg,007
007/007 (72).jpg,007
007/007 (73).jpg,007
007/007 (74).jpg,007
007/007 (75).jpg,007
007/007 (76).jpg,007
007/007 (77).jpg,007
007/007 (78).jpg,007
007/007 (79).jpg,007
007/007 (8).jpg,007
007/007 (80).jpg,007
007/007 (81).jpg,007
007/007 (82).jpg,007
007/007 (83).jpg,007
007/007 (84).jpg,007
007/007 (85).jpg,007
007/007 (86).jpg,007
007/007 (87).jpg,007
007/007 (88).jpg,007
007/007 (89).jpg,007
007/007 (9).jpg,007
007/007 (90).jpg,007
007/007 (91).jpg,007
007/007 (92).jpg,007
007/007 (93).jpg,007
007/007 (94).jpg,007
007/007 (95).jpg,007
007/007 (96).jpg,007
007/007 (97).jpg,007
007/007 (98).jpg,007
007/007 (99).jpg,007
008/008 (1).jpg,008
008/008 (10).jpg,008
008/008 (100).jpg,008
008/008 (101).jpg,008
008/008 (102).jpg,008
008/008 (103).jpg,008
008/008 (104).jpg,008
008/008 (105).jpg,008
008/008 (106).jpg,008
008/008 (107).jpg,008
008/008 (108).jpg,008
008/008 (109).jpg,008
008/008 (11).jpg,008
008/008 (110).jpg,008
008/008 (111).jpg,008
008/008 (112).jpg,008
008/008 (113).jpg,008
008/008 (114).jpg,008
008/008 (115).jpg,008
008/008 (116).jpg,008
008/008 (117).jpg,008
008/008 (118).jpg,008
008/008 (119).jpg,008
008/008 (12).jpg,008
008/008 (120).jpg,008
008/008 (121).jpg,008
008/008 (122).jpg,008
008/008 (123).jpg,008
008/008 (124).jpg,008
008/008 (125).jpg,008
008/008 (126).jpg,008
008/008 (127).jpg,008
008/008 (128).jpg,008
008/008 (129).jpg,008
008/008 (13).jpg,008
008/008 (130).jpg,008
008/008 (131).jpg,008
008/008 (132).jpg,008
008/008 (133).jpg,008
008/008 (134).jpg,008
008/008 (135).jpg,008
008/008 (136).jpg,008
008/008 (137).jpg,008
008/008 (138).jpg,008
008/008 (139).jpg,008
008/008 (14).jpg,008
008/008 (140).jpg,008
008/008 (141).jpg,008
008/008 (142).jpg,008
008/008 (143).jpg,008
008/008 (144).jpg,008
008/008 (145).jpg,008
008/008 (146).jpg,008
008/008 (147).jpg,008
008/008 (148).jpg,008
008/008 (149).jpg,008
008/008 (15).jpg,008
008/008 (150).jpg,008
008/008 (151).jpg,008
008/008 (152).jpg,008
008/008 (153).jpg,008
008/008 (154).jpg,008
008/008 (155).jpg,008
008/008 (156).jpg,008
008/008 (157).jpg,008
008/008 (158).jpg,008
008/008 (159).jpg,008
008/008 (16).jpg,008
008/008 (160).jpg,008
008/008 (161).jpg,008
008/008 (162).jpg,008
008/008 (163).jpg,008
008/008 (164).jpg,008
008/008 (165).jpg,008
008/008 (166).jpg,008
008/008 (167).jpg,008
008/008 (168).jpg,008
008/008 (169).jpg,008
008/008 (17).jpg,008
008/008 (170).jpg,008
008/008 (171).jpg,008
008/008 (172).jpg,008
008/008 (173).jpg,008
008/008 (174).jpg,008
008/008 (175).jpg,008
008/008 (176).jpg,008
008/008 (177).jpg,008
008/008 (178).jpg,008
008/008 (179).jpg,008
008/008 (18).jpg,008
008/008 (180).jpg,008
008/008 (181).jpg,008
008/008 (182).jpg,008
008/008 (183).jpg,008
008/008 (184).jpg,008
008/008 (185).jpg,008
008/008 (186).jpg,008
008/008 (187).jpg,008
008/008 (188).jpg,008
008/008 (189).jpg,008
008/008 (19).jpg,008
008/008 (190).jpg,008
008/008 (191).jpg,008
008/008 (192).jpg,008
008/008 (193).jpg,008
008/008 (194).jpg,008
008/008 (195).jpg,008
008/008 (196).jpg,008
008/008 (197).jpg,008
008/008 (198).jpg,008
008/008 (199).jpg,008
008/008 (2).jpg,008
008/008 (20).jpg,008
008/008 (200).jpg,008
008/008 (21).jpg,008
008/008 (22).jpg,008
008/008 (23).jpg,008
008/008 (24).jpg,008
008/008 (25).jpg,008
008/008 (26).jpg,008
008/008 (27).jpg,008
008/008 (28).jpg,008
008/008 (29).jpg,008
008/008 (3).jpg,008
008/008 (30).jpg,008
008/008 (31).jpg,008
008/008 (32).jpg,008
008/008 (33).jpg,008
008/008 (34).jpg,008
008/008 (35).jpg,008
008/008 (36).jpg,008
008/008 (37).jpg,008
008/008 (38).jpg,008
008/008 (39).jpg,008
008/008 (4).jpg,008
008/008 (40).jpg,008
008/008 (41).jpg,008
008/008 (42).jpg,008
008/008 (43).jpg,008
008/008 (44).jpg,008
008/008 (45).jpg,008
008/008 (46).jpg,008
008/008 (47).jpg,008
008/008 (48).jpg,008
008/008 (49).jpg,008
008/008 (5).jpg,008
008/008 (50).jpg,008
008/008 (51).jpg,008
008/008 (52).jpg,008
008/008 (53).jpg,008
008/008 (54).jpg,008
008/008 (55).jpg,008
008/008 (56).jpg,008
008/008 (57).jpg,008
008/008 (58).jpg,008
008/008 (59).jpg,008
008/008 (6).jpg,008
008/008 (60).jpg,008
008/008 (61).jpg,008
008/008 (62).jpg,008
008/008 (63).jpg,008
008/008 (64).jpg,008
008/008 (65).jpg,008
008/008 (66).jpg,008
008/008 (67).jpg,008
008/008 (68).jpg,008
008/008 (69).jpg,008
008/008 (7).jpg,008
008/008 (70).jpg,008
008/008 (71).jpg,008
008/008 (72).jpg,008
008/008 (73).jpg,008
008/008 (74).jpg,008
008/008 (75).jpg,008
008/008 (76).jpg,008
008/008 (77).jpg,008
008/008 (78).jpg,008
008/008 (79).jpg,008
008/008 (8).jpg,008
008/008 (80).jpg,008
008/008 (81).jpg,008
008/008 (82).jpg,008
008/008 (83).jpg,008
008/008 (84).jpg,008
008/008 (85).jpg,008
008/008 (86).jpg,008
008/008 (87).jpg,008
008/008 (88).jpg,008
008/008 (89).jpg,008
008/008 (9).jpg,008
008/008 (90).jpg,008
008/008 (91).jpg,008
008/008 (92).jpg,008
008/008 (93).jpg,008
008/008 (94).jpg,008
008/008 (95).jpg,008
008/008 (96).jpg,008
008/008 (97).jpg,008
008/008 (98).jpg,008
008/008 (99).jpg,008
009/009 (1).jpg,009
009/009 (10).jpg,009
009/009 (100).jpg,009
009/009 (101).jpg,009
009/009 (102).jpg,009
009/009 (103).jpg,009
009/009 (104).jpg,009
009/009 (105).jpg,009
009/009 (106).jpg,009
009/009 (107).jpg,009
009/009 (108).jpg,009
009/009 (109).jpg,009
009/009 (11).jpg,009
009/009 (110).jpg,009
009/009 (111).jpg,009
009/009 (112).jpg,009
009/009 (113).jpg,009
009/009 (114).jpg,009
009/009 (115).jpg,009
009/009 (116).jpg,009
009/009 (117).jpg,009
009/009 (118).jpg,009
009/009 (119).jpg,009
009/009 (12).jpg,009
009/009 (120).jpg,009
009/009 (121).jpg,009
009/009 (122).jpg,009
009/009 (123).jpg,009
009/009 (124).jpg,009
009/009 (125).jpg,009
009/009 (126).jpg,009
009/009 (127).jpg,009
009/009 (128).jpg,009
009/009 (129).jpg,009
009/009 (13).jpg,009
009/009 (130).jpg,009
009/009 (131).jpg,009
009/009 (132).jpg,009
009/009 (133).jpg,009
009/009 (134).jpg,009
009/009 (135).jpg,009
009/009 (136).jpg,009
009/009 (137).jpg,009
009/009 (138).jpg,009
009/009 (139).jpg,009
009/009 (14).jpg,009
009/009 (140).jpg,009
009/009 (141).jpg,009
009/009 (142).jpg,009
009/009 (143).jpg,009
009/009 (144).jpg,009
009/009 (145).jpg,009
009/009 (146).jpg,009
009/009 (147).jpg,009
009/009 (148).jpg,009
009/009 (149).jpg,009
009/009 (15).jpg,009
009/009 (150).jpg,009
009/009 (151).jpg,009
009/009 (152).jpg,009
009/009 (153).jpg,009
009/009 (154).jpg,009
009/009 (155).jpg,009
009/009 (156).jpg,009
009/009 (157).jpg,009
009/009 (158).jpg,009
009/009 (159).jpg,009
009/009 (16).jpg,009
009/009 (160).jpg,009
009/009 (161).jpg,009
009/009 (162).jpg,009
009/009 (163).jpg,009
009/009 (164).jpg,009
009/009 (165).jpg,009
009/009 (166).jpg,009
009/009 (167).jpg,009
009/009 (168).jpg,009
009/009 (169).jpg,009
009/009 (17).jpg,009
009/009 (170).jpg,009
009/009 (171).jpg,009
009/009 (172).jpg,009
009/009 (173).jpg,009
009/009 (174).jpg,009
009/009 (175).jpg,009
009/009 (176).jpg,009
009/009 (177).jpg,009
009/009 (178).jpg,009
009/009 (179).jpg,009
009/009 (18).jpg,009
009/009 (180).jpg,009
009/009 (181).jpg,009
009/009 (182).jpg,009
009/009 (183).jpg,009
009/009 (184).jpg,009
009/009 (185).jpg,009
009/009 (186).jpg,009
009/009 (187).jpg,009
009/009 (188).jpg,009
009/009 (189).jpg,009
009/009 (19).jpg,009
009/009 (190).jpg,009
009/009 (191).jpg,009
009/009 (192).jpg,009
009/009 (193).jpg,009
009/009 (194).jpg,009
009/009 (195).jpg,009
009/009 (196).jpg,009
009/009 (197).jpg,009
009/009 (198).jpg,009
009/009 (199).jpg,009
009/009 (2).jpg,009
009/009 (20).jpg,009
009/009 (200).jpg,009
009/009 (201).jpg,009
009/009 (202).jpg,009
009/009 (203).jpg,009
009/009 (204).jpg,009
009/009 (205).jpg,009
009/009 (206).jpg,009
009/009 (207).jpg,009
009/009 (208).jpg,009
009/009 (209).jpg,009
009/009 (21).jpg,009
009/009 (210).jpg,009
009/009 (211).jpg,009
009/009 (212).jpg,009
009/009 (22).jpg,009
009/009 (23).jpg,009
009/009 (24).jpg,009
009/009 (25).jpg,009
009/009 (26).jpg,009
009/009 (27).jpg,009
009/009 (28).jpg,009
009/009 (29).jpg,009
009/009 (3).jpg,009
009/009 (30).jpg,009
009/009 (31).jpg,009
009/009 (32).jpg,009
009/009 (33).jpg,009
009/009 (34).jpg,009
009/009 (35).jpg,009
009/009 (36).jpg,009
009/009 (37).jpg,009
009/009 (38).jpg,009
009/009 (39).jpg,009
009/009 (4).jpg,009
009/009 (40).jpg,009
009/009 (41).jpg,009
009/009 (42).jpg,009
009/009 (43).jpg,009
009/009 (44).jpg,009
009/009 (45).jpg,009
009/009 (46).jpg,009
009/009 (47).jpg,009
009/009 (48).jpg,009
009/009 (49).jpg,009
009/009 (5).jpg,009
009/009 (50).jpg,009
009/009 (51).jpg,009
009/009 (52).jpg,009
009/009 (53).jpg,009
009/009 (54).jpg,009
009/009 (55).jpg,009
009/009 (56).jpg,009
009/009 (57).jpg,009
009/009 (58).jpg,009
009/009 (59).jpg,009
009/009 (6).jpg,009
009/009 (60).jpg,009
009/009 (61).jpg,009
009/009 (62).jpg,009
009/009 (63).jpg,009
009/009 (64).jpg,009
009/009 (65).jpg,009
009/009 (66).jpg,009
009/009 (67).jpg,009
009/009 (68).jpg,009
009/009 (69).jpg,009
009/009 (7).jpg,009
009/009 (70).jpg,009
009/009 (71).jpg,009
009/009 (72).jpg,009
009/009 (73).jpg,009
009/009 (74).jpg,009
009/009 (75).jpg,009
009/009 (76).jpg,009
009/009 (77).jpg,009
009/009 (78).jpg,009
009/009 (79).jpg,009
009/009 (8).jpg,009
009/009 (80).jpg,009
009/009 (81).jpg,009
009/009 (82).jpg,009
009/009 (83).jpg,009
009/009 (84).jpg,009
009/009 (85).jpg,009
009/009 (86).jpg,009
009/009 (87).jpg,009
009/009 (88).jpg,009
009/009 (89).jpg,009
009/009 (9).jpg,009
009/009 (90).jpg,009
009/009 (91).jpg,009
009/009 (92).jpg,009
009/009 (93).jpg,009
009/009 (94).jpg,009
009/009 (95).jpg,009
009/009 (96).jpg,009
009/009 (97).jpg,009
009/009 (98).jpg,009
009/009 (99).jpg,009
010/010 (1).jpg,010
010/010 (10).jpg,010
010/010 (100).jpg,010
010/010 (101).jpg,010
010/010 (102).jpg,010
010/010 (103).jpg,010
010/010 (104).jpg,010
010/010 (105).jpg,010
010/010 (106).jpg,010
010/010 (107).jpg,010
010/010 (108).jpg,010
010/010 (109).jpg,010
010/010 (11).jpg,010
010/010 (110).jpg,010
010/010 (111).jpg,010
010/010 (112).jpg,010
010/010 (113).jpg,010
010/010 (114).jpg,010
010/010 (115).jpg,010
010/010 (116).jpg,010
010/010 (117).jpg,010
010/010 (118).jpg,010
010/010 (119).jpg,010
010/010 (12).jpg,010
010/010 (120).jpg,010
010/010 (121).jpg,010
010/010 (122).jpg,010
010/010 (123).jpg,010
010/010 (124).jpg,010
010/010 (125).jpg,010
010/010 (126).jpg,010
010/010 (127).jpg,010
010/010 (128).jpg,010
010/010 (129).jpg,010
010/010 (13).jpg,010
010/010 (130).jpg,010
010/010 (131).jpg,010
010/010 (132).jpg,010
010/010 (133).jpg,010
010/010 (134).jpg,010
010/010 (135).jpg,010
010/010 (136).jpg,010
010/010 (137).jpg,010
010/010 (138).jpg,010
010/010 (139).jpg,010
010/010 (14).jpg,010
010/010 (140).jpg,010
010/010 (141).jpg,010
010/010 (142).jpg,010
010/010 (143).jpg,010
010/010 (144).jpg,010
010/010 (145).jpg,010
010/010 (146).jpg,010
010/010 (147).jpg,010
010/010 (148).jpg,010
010/010 (149).jpg,010
010/010 (15).jpg,010
010/010 (150).jpg,010
010/010 (151).jpg,010
010/010 (152).jpg,010
010/010 (153).jpg,010
010/010 (154).jpg,010
010/010 (155).jpg,010
010/010 (156).jpg,010
010/010 (157).jpg,010
010/010 (158).jpg,010
010/010 (159).jpg,010
010/010 (16).jpg,010
010/010 (160).jpg,010
010/010 (161).jpg,010
010/010 (162).jpg,010
010/010 (163).jpg,010
010/010 (164).jpg,010
010/010 (165).jpg,010
010/010 (166).jpg,010
010/010 (167).jpg,010
010/010 (168).jpg,010
010/010 (169).jpg,010
010/010 (17).jpg,010
010/010 (170).jpg,010
010/010 (171).jpg,010
010/010 (172).jpg,010
010/010 (173).jpg,010
010/010 (174).jpg,010
010/010 (175).jpg,010
010/010 (176).jpg,010
010/010 (177).jpg,010
010/010 (178).jpg,010
010/010 (179).jpg,010
010/010 (18).jpg,010
010/010 (180).jpg,010
010/010 (181).jpg,010
010/010 (182).jpg,010
010/010 (183).jpg,010
010/010 (184).jpg,010
010/010 (185).jpg,010
010/010 (186).jpg,010
010/010 (187).jpg,010
010/010 (188).jpg,010
010/010 (189).jpg,010
010/010 (19).jpg,010
010/010 (190).jpg,010
010/010 (191).jpg,010
010/010 (192).jpg,010
010/010 (193).jpg,010
010/010 (194).jpg,010
010/010 (195).jpg,010
010/010 (196).jpg,010
010/010 (197).jpg,010
010/010 (198).jpg,010
010/010 (199).jpg,010
010/010 (2).jpg,010
010/010 (20).jpg,010
010/010 (200).jpg,010
010/010 (21).jpg,010
010/010 (22).jpg,010
010/010 (23).jpg,010
010/010 (24).jpg,010
010/010 (25).jpg,010
010/010 (26).jpg,010
010/010 (27).jpg,010
010/010 (28).jpg,010
010/010 (29).jpg,010
010/010 (3).jpg,010
010/010 (30).jpg,010
010/010 (31).jpg,010
010/010 (32).jpg,010
010/010 (33).jpg,010
010/010 (34).jpg,010
010/010 (35).jpg,010
010/010 (36).jpg,010
010/010 (37).jpg,010
010/010 (38).jpg,010
010/010 (39).jpg,010
010/010 (4).jpg,010
010/010 (40).jpg,010
010/010 (41).jpg,010
010/010 (42).jpg,010
010/010 (43).jpg,010
010/010 (44).jpg,010
010/010 (45).jpg,010
010/010 (46).jpg,010
010/010 (47).jpg,010
010/010 (48).jpg,010
010/010 (49).jpg,010
010/010 (5).jpg,010
010/010 (50).jpg,010
010/010 (51).jpg,010
010/010 (52).jpg,010
010/010 (53).jpg,010
010/010 (54).jpg,010
010/010 (55).jpg,010
010/010 (56).jpg,010
010/010 (57).jpg,010
010/010 (58).jpg,010
010/010 (59).jpg,010
010/010 (6).jpg,010
010/010 (60).jpg,010
010/010 (61).jpg,010
010/010 (62).jpg,010
010/010 (63).jpg,010
010/010 (64).jpg,010
010/010 (65).jpg,010
010/010 (66).jpg,010
010/010 (67).jpg,010
010/010 (68).jpg,010
010/010 (69).jpg,010
010/010 (7).jpg,010
010/010 (70).jpg,010
010/010 (71).jpg,010
010/010 (72).jpg,010
010/010 (73).jpg,010
010/010 (74).jpg,010
010/010 (75).jpg,010
010/010 (76).jpg,010
010/010 (77).jpg,010
010/010 (78).jpg,010
010/010 (79).jpg,010
010/010 (8).jpg,010
010/010 (80).jpg,010
010/010 (81).jpg,010
010/010 (82).jpg,010
010/010 (83).jpg,010
010/010 (84).jpg,010
010/010 (85).jpg,010
010/010 (86).jpg,010
010/010 (87).jpg,010
010/010 (88).jpg,010
010/010 (89).jpg,010
010/010 (9).jpg,010
010/010 (90).jpg,010
010/010 (91).jpg,010
010/010 (92).jpg,010
010/010 (93).jpg,010
010/010 (94).jpg,010
010/010 (95).jpg,010
010/010 (96).jpg,010
010/010 (97).jpg,010
010/010 (98).jpg,010
010/010 (99).jpg,010
011/011 (1).jpg,011
011/011 (10).jpg,011
011/011 (100).jpg,011
011/011 (101).jpg,011
011/011 (102).jpg,011
011/011 (103).jpg,011
011/011 (104).jpg,011
011/011 (105).jpg,011
011/011 (106).jpg,011
011/011 (107).jpg,011
011/011 (108).jpg,011
011/011 (109).jpg,011
011/011 (11).jpg,011
011/011 (110).jpg,011
011/011 (111).jpg,011
011/011 (112).jpg,011
011/011 (113).jpg,011
011/011 (114).jpg,011
011/011 (115).jpg,011
011/011 (116).jpg,011
011/011 (117).jpg,011
011/011 (118).jpg,011
011/011 (119).jpg,011
011/011 (12).jpg,011
011/011 (120).jpg,011
011/011 (121).jpg,011
011/011 (122).jpg,011
011/011 (123).jpg,011
011/011 (124).jpg,011
011/011 (125).jpg,011
011/011 (126).jpg,011
011/011 (127).jpg,011
011/011 (128).jpg,011
011/011 (129).jpg,011
011/011 (13).jpg,011
011/011 (130).jpg,011
011/011 (131).jpg,011
011/011 (132).jpg,011
011/011 (133).jpg,011
011/011 (134).jpg,011
011/011 (135).jpg,011
011/011 (136).jpg,011
011/011 (137).jpg,011
011/011 (138).jpg,011
011/011 (139).jpg,011
011/011 (14).jpg,011
011/011 (140).jpg,011
011/011 (141).jpg,011
011/011 (142).jpg,011
011/011 (143).jpg,011
011/011 (144).jpg,011
011/011 (145).jpg,011
011/011 (146).jpg,011
011/011 (147).jpg,011
011/011 (148).jpg,011
011/011 (149).jpg,011
011/011 (15).jpg,011
011/011 (150).jpg,011
011/011 (151).jpg,011
011/011 (152).jpg,011
011/011 (153).jpg,011
011/011 (154).jpg,011
011/011 (155).jpg,011
011/011 (156).jpg,011
011/011 (157).jpg,011
011/011 (158).jpg,011
011/011 (159).jpg,011
011/011 (16).jpg,011
011/011 (160).jpg,011
011/011 (17).jpg,011
011/011 (18).jpg,011
011/011 (19).jpg,011
011/011 (2).jpg,011
011/011 (20).jpg,011
011/011 (21).jpg,011
011/011 (22).jpg,011
011/011 (23).jpg,011
011/011 (24).jpg,011
011/011 (25).jpg,011
011/011 (26).jpg,011
011/011 (27).jpg,011
011/011 (28).jpg,011
011/011 (29).jpg,011
011/011 (3).jpg,011
011/011 (30).jpg,011
011/011 (31).jpg,011
011/011 (32).jpg,011
011/011 (33).jpg,011
011/011 (34).jpg,011
011/011 (35).jpg,011
011/011 (36).jpg,011
011/011 (37).jpg,011
011/011 (38).jpg,011
011/011 (39).jpg,011
011/011 (4).jpg,011
011/011 (40).jpg,011
011/011 (41).jpg,011
011/011 (42).jpg,011
011/011 (43).jpg,011
011/011 (44).jpg,011
011/011 (45).jpg,011
011/011 (46).jpg,011
011/011 (47).jpg,011
011/011 (48).jpg,011
011/011 (49).jpg,011
011/011 (5).jpg,011
011/011 (50).jpg,011
011/011 (51).jpg,011
011/011 (52).jpg,011
011/011 (53).jpg,011
011/011 (54).jpg,011
011/011 (55).jpg,011
011/011 (56).jpg,011
011/011 (57).jpg,011
011/011 (58).jpg,011
011/011 (59).jpg,011
011/011 (6).jpg,011
011/011 (60).jpg,011
011/011 (61).jpg,011
011/011 (62).jpg,011
011/011 (63).jpg,011
011/011 (64).jpg,011
011/011 (65).jpg,011
011/011 (66).jpg,011
011/011 (67).jpg,011
011/011 (68).jpg,011
011/011 (69).jpg,011
011/011 (7).jpg,011
011/011 (70).jpg,011
011/011 (71).jpg,011
011/011 (72).jpg,011
011/011 (73).jpg,011
011/011 (74).jpg,011
011/011 (75).jpg,011
011/011 (76).jpg,011
011/011 (77).jpg,011
011/011 (78).jpg,011
011/011 (79).jpg,011
011/011 (8).jpg,011
011/011 (80).jpg,011
011/011 (81).jpg,011
011/011 (82).jpg,011
011/011 (83).jpg,011
011/011 (84).jpg,011
011/011 (85).jpg,011
011/011 (86).jpg,011
011/011 (87).jpg,011
011/011 (88).jpg,011
011/011 (89).jpg,011
011/011 (9).jpg,011
011/011 (90).jpg,011
011/011 (91).jpg,011
011/011 (92).jpg,011
011/011 (93).jpg,011
011/011 (94).jpg,011
011/011 (95).jpg,011
011/011 (96).jpg,011
011/011 (97).jpg,011
011/011 (98).jpg,011
011/011 (99).jpg,011
012/012 (1).jpg,012
012/012 (10).jpg,012
012/012 (100).jpg,012
012/012 (101).jpg,012
012/012 (102).jpg,012
012/012 (103).jpg,012
012/012 (104).jpg,012
012/012 (105).jpg,012
012/012 (106).jpg,012
012/012 (107).jpg,012
012/012 (108).jpg,012
012/012 (109).jpg,012
012/012 (11).jpg,012
012/012 (110).jpg,012
012/012 (111).jpg,012
012/012 (112).jpg,012
012/012 (113).jpg,012
012/012 (114).jpg,012
012/012 (115).jpg,012
012/012 (116).jpg,012
012/012 (117).jpg,012
012/012 (118).jpg,012
012/012 (119).jpg,012
012/012 (12).jpg,012
012/012 (120).jpg,012
012/012 (121).jpg,012
012/012 (122).jpg,012
012/012 (123).jpg,012
012/012 (124).jpg,012
012/012 (125).jpg,012
012/012 (126).jpg,012
012/012 (127).jpg,012
012/012 (128).jpg,012
012/012 (129).jpg,012
012/012 (13).jpg,012
012/012 (130).jpg,012
012/012 (131).jpg,012
012/012 (132).jpg,012
012/012 (133).jpg,012
012/012 (134).jpg,012
012/012 (135).jpg,012
012/012 (136).jpg,012
012/012 (137).jpg,012
012/012 (138).jpg,012
012/012 (139).jpg,012
012/012 (14).jpg,012
012/012 (140).jpg,012
012/012 (141).jpg,012
012/012 (142).jpg,012
012/012 (143).jpg,012
012/012 (144).jpg,012
012/012 (145).jpg,012
012/012 (146).jpg,012
012/012 (147).jpg,012
012/012 (148).jpg,012
012/012 (149).jpg,012
012/012 (15).jpg,012
012/012 (150).jpg,012
012/012 (151).jpg,012
012/012 (152).jpg,012
012/012 (153).jpg,012
012/012 (154).jpg,012
012/012 (155).jpg,012
012/012 (156).jpg,012
012/012 (157).jpg,012
012/012 (158).jpg,012
012/012 (159).jpg,012
012/012 (16).jpg,012
012/012 (160).jpg,012
012/012 (161).jpg,012
012/012 (162).jpg,012
012/012 (163).jpg,012
012/012 (164).jpg,012
012/012 (165).jpg,012
012/012 (166).jpg,012
012/012 (167).jpg,012
012/012 (168).jpg,012
012/012 (169).jpg,012
012/012 (17).jpg,012
012/012 (170).jpg,012
012/012 (171).jpg,012
012/012 (172).jpg,012
012/012 (173).jpg,012
012/012 (174).jpg,012
012/012 (175).jpg,012
012/012 (176).jpg,012
012/012 (177).jpg,012
012/012 (178).jpg,012
012/012 (179).jpg,012
012/012 (18).jpg,012
012/012 (180).jpg,012
012/012 (181).jpg,012
012/012 (182).jpg,012
012/012 (183).jpg,012
012/012 (184).jpg,012
012/012 (185).jpg,012
012/012 (186).jpg,012
012/012 (187).jpg,012
012/012 (188).jpg,012
012/012 (189).jpg,012
012/012 (19).jpg,012
012/012 (190).jpg,012
012/012 (191).jpg,012
012/012 (192).jpg,012
012/012 (193).jpg,012
012/012 (194).jpg,012
012/012 (195).jpg,012
012/012 (196).jpg,012
012/012 (197).jpg,012
012/012 (198).jpg,012
012/012 (199).jpg,012
012/012 (2).jpg,012
012/012 (20).jpg,012
012/012 (200).jpg,012
012/012 (201).jpg,012
012/012 (202).jpg,012
012/012 (203).jpg,012
012/012 (204).jpg,012
012/012 (205).jpg,012
012/012 (206).jpg,012
012/012 (207).jpg,012
012/012 (208).jpg,012
012/012 (209).jpg,012
012/012 (21).jpg,012
012/012 (210).jpg,012
012/012 (211).jpg,012
012/012 (212).jpg,012
012/012 (213).jpg,012
012/012 (214).jpg,012
012/012 (215).jpg,012
012/012 (216).jpg,012
012/012 (217).jpg,012
012/012 (218).jpg,012
012/012 (219).jpg,012
012/012 (22).jpg,012
012/012 (220).jpg,012
012/012 (221).jpg,012
012/012 (222).jpg,012
012/012 (223).jpg,012
012/012 (224).jpg,012
012/012 (225).jpg,012
012/012 (226).jpg,012
012/012 (227).jpg,012
012/012 (228).jpg,012
012/012 (229).jpg,012
012/012 (23).jpg,012
012/012 (230).jpg,012
012/012 (231).jpg,012
012/012 (232).jpg,012
012/012 (233).jpg,012
012/012 (234).jpg,012
012/012 (235).jpg,012
012/012 (236).jpg,012
012/012 (237).jpg,012
012/012 (238).jpg,012
012/012 (239).jpg,012
012/012 (24).jpg,012
012/012 (240).jpg,012
012/012 (241).jpg,012
012/012 (242).jpg,012
012/012 (243).jpg,012
012/012 (244).jpg,012
012/012 (245).jpg,012
012/012 (246).jpg,012
012/012 (247).jpg,012
012/012 (248).jpg,012
012/012 (249).jpg,012
012/012 (25).jpg,012
012/012 (250).jpg,012
012/012 (26).jpg,012
012/012 (27).jpg,012
012/012 (28).jpg,012
012/012 (29).jpg,012
012/012 (3).jpg,012
012/012 (30).jpg,012
012/012 (31).jpg,012
012/012 (32).jpg,012
012/012 (33).jpg,012
012/012 (34).jpg,012
012/012 (35).jpg,012
012/012 (36).jpg,012
012/012 (37).jpg,012
012/012 (38).jpg,012
012/012 (39).jpg,012
012/012 (4).jpg,012
012/012 (40).jpg,012
012/012 (41).jpg,012
012/012 (42).jpg,012
012/012 (43).jpg,012
012/012 (44).jpg,012
012/012 (45).jpg,012
012/012 (46).jpg,012
012/012 (47).jpg,012
012/012 (48).jpg,012
012/012 (49).jpg,012
012/012 (5).jpg,012
012/012 (50).jpg,012
012/012 (51).jpg,012
012/012 (52).jpg,012
012/012 (53).jpg,012
012/012 (54).jpg,012
012/012 (55).jpg,012
012/012 (56).jpg,012
012/012 (57).jpg,012
012/012 (58).jpg,012
012/012 (59).jpg,012
012/012 (6).jpg,012
012/012 (60).jpg,012
012/012 (61).jpg,012
012/012 (62).jpg,012
012/012 (63).jpg,012
012/012 (64).jpg,012
012/012 (65).jpg,012
012/012 (66).jpg,012
012/012 (67).jpg,012
012/012 (68).jpg,012
012/012 (69).jpg,012
012/012 (7).jpg,012
012/012 (70).jpg,012
012/012 (71).jpg,012
012/012 (72).jpg,012
012/012 (73).jpg,012
012/012 (74).jpg,012
012/012 (75).jpg,012
012/012 (76).jpg,012
012/012 (77).jpg,012
012/012 (78).jpg,012
012/012 (79).jpg,012
012/012 (8).jpg,012
012/012 (80).jpg,012
012/012 (81).jpg,012
012/012 (82).jpg,012
012/012 (83).jpg,012
012/012 (84).jpg,012
012/012 (85).jpg,012
012/012 (86).jpg,012
012/012 (87).jpg,012
012/012 (88).jpg,012
012/012 (89).jpg,012
012/012 (9).jpg,012
012/012 (90).jpg,012
012/012 (91).jpg,012
012/012 (92).jpg,012
012/012 (93).jpg,012
012/012 (94).jpg,012
012/012 (95).jpg,012
012/012 (96).jpg,012
012/012 (97).jpg,012
012/012 (98).jpg,012
012/012 (99).jpg,012
013/013 (1).jpg,013
013/013 (10).jpg,013
013/013 (100).jpg,013
013/013 (101).jpg,013
013/013 (102).jpg,013
013/013 (103).jpg,013
013/013 (104).jpg,013
013/013 (105).jpg,013
013/013 (106).jpg,013
013/013 (107).jpg,013
013/013 (108).jpg,013
013/013 (109).jpg,013
013/013 (11).jpg,013
013/013 (110).jpg,013
013/013 (111).jpg,013
013/013 (112).jpg,013
013/013 (113).jpg,013
013/013 (114).jpg,013
013/013 (115).jpg,013
013/013 (116).jpg,013
013/013 (117).jpg,013
013/013 (118).jpg,013
013/013 (119).jpg,013
013/013 (12).jpg,013
013/013 (120).jpg,013
013/013 (121).jpg,013
013/013 (122).jpg,013
013/013 (123).jpg,013
013/013 (124).jpg,013
013/013 (125).jpg,013
013/013 (126).jpg,013
013/013 (127).jpg,013
013/013 (128).jpg,013
013/013 (129).jpg,013
013/013 (13).jpg,013
013/013 (130).jpg,013
013/013 (131).jpg,013
013/013 (132).jpg,013
013/013 (133).jpg,013
013/013 (134).jpg,013
013/013 (135).jpg,013
013/013 (136).jpg,013
013/013 (137).jpg,013
013/013 (138).jpg,013
013/013 (139).jpg,013
013/013 (14).jpg,013
013/013 (140).jpg,013
013/013 (141).jpg,013
013/013 (142).jpg,013
013/013 (143).jpg,013
013/013 (144).jpg,013
013/013 (145).jpg,013
013/013 (146).jpg,013
013/013 (147).jpg,013
013/013 (148).jpg,013
013/013 (149).jpg,013
013/013 (15).jpg,013
013/013 (150).jpg,013
013/013 (151).jpg,013
013/013 (152).jpg,013
013/013 (153).jpg,013
013/013 (154).jpg,013
013/013 (155).jpg,013
013/013 (156).jpg,013
013/013 (157).jpg,013
013/013 (158).jpg,013
013/013 (159).jpg,013
013/013 (16).jpg,013
013/013 (160).jpg,013
013/013 (161).jpg,013
013/013 (162).jpg,013
013/013 (163).jpg,013
013/013 (164).jpg,013
013/013 (165).jpg,013
013/013 (166).jpg,013
013/013 (167).jpg,013
013/013 (168).jpg,013
013/013 (169).jpg,013
013/013 (17).jpg,013
013/013 (170).jpg,013
013/013 (171).jpg,013
013/013 (172).jpg,013
013/013 (173).jpg,013
013/013 (174).jpg,013
013/013 (175).jpg,013
013/013 (176).jpg,013
013/013 (177).jpg,013
013/013 (178).jpg,013
013/013 (179).jpg,013
013/013 (18).jpg,013
013/013 (180).jpg,013
013/013 (181).jpg,013
013/013 (182).jpg,013
013/013 (183).jpg,013
013/013 (184).jpg,013
013/013 (185).jpg,013
013/013 (186).jpg,013
013/013 (187).jpg,013
013/013 (188).jpg,013
013/013 (189).jpg,013
013/013 (19).jpg,013
013/013 (190).jpg,013
013/013 (191).jpg,013
013/013 (192).jpg,013
013/013 (193).jpg,013
013/013 (194).jpg,013
013/013 (195).jpg,013
013/013 (196).jpg,013
013/013 (197).jpg,013
013/013 (198).jpg,013
013/013 (199).jpg,013
013/013 (2).jpg,013
013/013 (20).jpg,013
013/013 (200).jpg,013
013/013 (201).jpg,013
013/013 (21).jpg,013
013/013 (22).jpg,013
013/013 (23).jpg,013
013/013 (24).jpg,013
013/013 (25).jpg,013
013/013 (26).jpg,013
013/013 (27).jpg,013
013/013 (28).jpg,013
013/013 (29).jpg,013
013/013 (3).jpg,013
013/013 (30).jpg,013
013/013 (31).jpg,013
013/013 (32).jpg,013
013/013 (33).jpg,013
013/013 (34).jpg,013
013/013 (35).jpg,013
013/013 (36).jpg,013
013/013 (37).jpg,013
013/013 (38).jpg,013
013/013 (39).jpg,013
013/013 (4).jpg,013
013/013 (40).jpg,013
013/013 (41).jpg,013
013/013 (42).jpg,013
013/013 (43).jpg,013
013/013 (44).jpg,013
013/013 (45).jpg,013
013/013 (46).jpg,013
013/013 (47).jpg,013
013/013 (48).jpg,013
013/013 (49).jpg,013
013/013 (5).jpg,013
013/013 (50).jpg,013
013/013 (51).jpg,013
013/013 (52).jpg,013
013/013 (53).jpg,013
013/013 (54).jpg,013
013/013 (55).jpg,013
013/013 (56).jpg,013
013/013 (57).jpg,013
013/013 (58).jpg,013
013/013 (59).jpg,013
013/013 (6).jpg,013
013/013 (60).jpg,013
013/013 (61).jpg,013
013/013 (62).jpg,013
013/013 (63).jpg,013
013/013 (64).jpg,013
013/013 (65).jpg,013
013/013 (66).jpg,013
013/013 (67).jpg,013
013/013 (68).jpg,013
013/013 (69).jpg,013
013/013 (7).jpg,013
013/013 (70).jpg,013
013/013 (71).jpg,013
013/013 (72).jpg,013
013/013 (73).jpg,013
013/013 (74).jpg,013
013/013 (75).jpg,013
013/013 (76).jpg,013
013/013 (77).jpg,013
013/013 (78).jpg,013
013/013 (79).jpg,013
013/013 (8).jpg,013
013/013 (80).jpg,013
013/013 (81).jpg,013
013/013 (82).jpg,013
013/013 (83).jpg,013
013/013 (84).jpg,013
013/013 (85).jpg,013
013/013 (86).jpg,013
013/013 (87).jpg,013
013/013 (88).jpg,013
013/013 (89).jpg,013
013/013 (9).jpg,013
013/013 (90).jpg,013
013/013 (91).jpg,013
013/013 (92).jpg,013
013/013 (93).jpg,013
013/013 (94).jpg,013
013/013 (95).jpg,013
013/013 (96).jpg,013
013/013 (97).jpg,013
013/013 (98).jpg,013
013/013 (99).jpg,013
014/014 (1).jpg,014
014/014 (10).jpg,014
014/014 (100).jpg,014
014/014 (101).jpg,014
014/014 (102).jpg,014
014/014 (103).jpg,014
014/014 (104).jpg,014
014/014 (105).jpg,014
014/014 (106).jpg,014
014/014 (107).jpg,014
014/014 (108).jpg,014
014/014 (109).jpg,014
014/014 (11).jpg,014
014/014 (110).jpg,014
014/014 (111).jpg,014
014/014 (112).jpg,014
014/014 (113).jpg,014
014/014 (114).jpg,014
014/014 (115).jpg,014
014/014 (116).jpg,014
014/014 (117).jpg,014
014/014 (118).jpg,014
014/014 (119).jpg,014
014/014 (12).jpg,014
014/014 (120).jpg,014
014/014 (121).jpg,014
014/014 (122).jpg,014
014/014 (123).jpg,014
014/014 (124).jpg,014
014/014 (125).jpg,014
014/014 (126).jpg,014
014/014 (127).jpg,014
014/014 (128).jpg,014
014/014 (129).jpg,014
014/014 (13).jpg,014
014/014 (130).jpg,014
014/014 (131).jpg,014
014/014 (132).jpg,014
014/014 (133).jpg,014
014/014 (134).jpg,014
014/014 (135).jpg,014
014/014 (136).jpg,014
014/014 (137).jpg,014
014/014 (138).jpg,014
014/014 (139).jpg,014
014/014 (14).jpg,014
014/014 (140).jpg,014
014/014 (141).jpg,014
014/014 (142).jpg,014
014/014 (143).jpg,014
014/014 (144).jpg,014
014/014 (145).jpg,014
014/014 (146).jpg,014
014/014 (147).jpg,014
014/014 (148).jpg,014
014/014 (149).jpg,014
014/014 (15).jpg,014
014/014 (150).jpg,014
014/014 (151).jpg,014
014/014 (152).jpg,014
014/014 (153).jpg,014
014/014 (154).jpg,014
014/014 (155).jpg,014
014/014 (156).jpg,014
014/014 (157).jpg,014
014/014 (158).jpg,014
014/014 (159).jpg,014
014/014 (16).jpg,014
014/014 (160).jpg,014
014/014 (161).jpg,014
014/014 (162).jpg,014
014/014 (163).jpg,014
014/014 (164).jpg,014
014/014 (165).jpg,014
014/014 (166).jpg,014
014/014 (167).jpg,014
014/014 (168).jpg,014
014/014 (169).jpg,014
014/014 (17).jpg,014
014/014 (170).jpg,014
014/014 (171).jpg,014
014/014 (172).jpg,014
014/014 (173).jpg,014
014/014 (174).jpg,014
014/014 (175).jpg,014
014/014 (176).jpg,014
014/014 (177).jpg,014
014/014 (178).jpg,014
014/014 (179).jpg,014
014/014 (18).jpg,014
014/014 (180).jpg,014
014/014 (181).jpg,014
014/014 (182).jpg,014
014/014 (183).jpg,014
014/014 (184).jpg,014
014/014 (185).jpg,014
014/014 (186).jpg,014
014/014 (187).jpg,014
014/014 (188).jpg,014
014/014 (189).jpg,014
014/014 (19).jpg,014
014/014 (190).jpg,014
014/014 (191).jpg,014
014/014 (192).jpg,014
014/014 (193).jpg,014
014/014 (194).jpg,014
014/014 (195).jpg,014
014/014 (196).jpg,014
014/014 (2).jpg,014
014/014 (20).jpg,014
014/014 (21).jpg,014
014/014 (22).jpg,014
014/014 (23).jpg,014
014/014 (24).jpg,014
014/014 (25).jpg,014
014/014 (26).jpg,014
014/014 (27).jpg,014
014/014 (28).jpg,014
014/014 (29).jpg,014
014/014 (3).jpg,014
014/014 (30).jpg,014
014/014 (31).jpg,014
014/014 (32).jpg,014
014/014 (33).jpg,014
014/014 (34).jpg,014
014/014 (35).jpg,014
014/014 (36).jpg,014
014/014 (37).jpg,014
014/014 (38).jpg,014
014/014 (39).jpg,014
014/014 (4).jpg,014
014/014 (40).jpg,014
014/014 (41).jpg,014
014/014 (42).jpg,014
014/014 (43).jpg,014
014/014 (44).jpg,014
014/014 (45).jpg,014
014/014 (46).jpg,014
014/014 (47).jpg,014
014/014 (48).jpg,014
014/014 (49).jpg,014
014/014 (5).jpg,014
014/014 (50).jpg,014
014/014 (51).jpg,014
014/014 (52).jpg,014
014/014 (53).jpg,014
014/014 (54).jpg,014
014/014 (55).jpg,014
014/014 (56).jpg,014
014/014 (57).jpg,014
014/014 (58).jpg,014
014/014 (59).jpg,014
014/014 (6).jpg,014
014/014 (60).jpg,014
014/014 (61).jpg,014
014/014 (62).jpg,014
014/014 (63).jpg,014
014/014 (64).jpg,014
014/014 (65).jpg,014
014/014 (66).jpg,014
014/014 (67).jpg,014
014/014 (68).jpg,014
014/014 (69).jpg,014
014/014 (7).jpg,014
014/014 (70).jpg,014
014/014 (71).jpg,014
014/014 (72).jpg,014
014/014 (73).jpg,014
014/014 (74).jpg,014
014/014 (75).jpg,014
014/014 (76).jpg,014
014/014 (77).jpg,014
014/014 (78).jpg,014
014/014 (79).jpg,014
014/014 (8).jpg,014
014/014 (80).jpg,014
014/014 (81).jpg,014
014/014 (82).jpg,014
014/014 (83).jpg,014
014/014 (84).jpg,014
014/014 (85).jpg,014
014/014 (86).jpg,014
014/014 (87).jpg,014
014/014 (88).jpg,014
014/014 (89).jpg,014
014/014 (9).jpg,014
014/014 (90).jpg,014
014/014 (91).jpg,014
014/014 (92).jpg,014
014/014 (93).jpg,014
014/014 (94).jpg,014
014/014 (95).jpg,014
014/014 (96).jpg,014
014/014 (97).jpg,014
014/014 (98).jpg,014
014/014 (99).jpg,014
015/015 (1).jpg,015
015/015 (10).jpg,015
015/015 (100).jpg,015
015/015 (101).jpg,015
015/015 (102).jpg,015
015/015 (103).jpg,015
015/015 (104).jpg,015
015/015 (105).jpg,015
015/015 (106).jpg,015
015/015 (107).jpg,015
015/015 (108).jpg,015
015/015 (109).jpg,015
015/015 (11).jpg,015
015/015 (110).jpg,015
015/015 (111).jpg,015
015/015 (112).jpg,015
015/015 (113).jpg,015
015/015 (114).jpg,015
015/015 (115).jpg,015
015/015 (116).jpg,015
015/015 (117).jpg,015
015/015 (118).jpg,015
015/015 (119).jpg,015
015/015 (12).jpg,015
015/015 (120).jpg,015
015/015 (121).jpg,015
015/015 (122).jpg,015
015/015 (123).jpg,015
015/015 (124).jpg,015
015/015 (125).jpg,015
015/015 (126).jpg,015
015/015 (127).jpg,015
015/015 (128).jpg,015
015/015 (129).jpg,015
015/015 (13).jpg,015
015/015 (130).jpg,015
015/015 (131).jpg,015
015/015 (132).jpg,015
015/015 (133).jpg,015
015/015 (134).jpg,015
015/015 (135).jpg,015
015/015 (136).jpg,015
015/015 (137).jpg,015
015/015 (138).jpg,015
015/015 (139).jpg,015
015/015 (14).jpg,015
015/015 (140).jpg,015
015/015 (141).jpg,015
015/015 (142).jpg,015
015/015 (143).jpg,015
015/015 (144).jpg,015
015/015 (145).jpg,015
015/015 (146).jpg,015
015/015 (147).jpg,015
015/015 (148).jpg,015
015/015 (149).jpg,015
015/015 (15).jpg,015
015/015 (150).jpg,015
015/015 (151).jpg,015
015/015 (152).jpg,015
015/015 (153).jpg,015
015/015 (154).jpg,015
015/015 (155).jpg,015
015/015 (156).jpg,015
015/015 (157).jpg,015
015/015 (158).jpg,015
015/015 (159).jpg,015
015/015 (16).jpg,015
015/015 (160).jpg,015
015/015 (161).jpg,015
015/015 (162).jpg,015
015/015 (163).jpg,015
015/015 (164).jpg,015
015/015 (165).jpg,015
015/015 (166).jpg,015
015/015 (167).jpg,015
015/015 (168).jpg,015
015/015 (169).jpg,015
015/015 (17).jpg,015
015/015 (170).jpg,015
015/015 (171).jpg,015
015/015 (172).jpg,015
015/015 (173).jpg,015
015/015 (174).jpg,015
015/015 (175).jpg,015
015/015 (176).jpg,015
015/015 (177).jpg,015
015/015 (178).jpg,015
015/015 (179).jpg,015
015/015 (18).jpg,015
015/015 (180).jpg,015
015/015 (181).jpg,015
015/015 (182).jpg,015
015/015 (183).jpg,015
015/015 (184).jpg,015
015/015 (185).jpg,015
015/015 (186).jpg,015
015/015 (187).jpg,015
015/015 (188).jpg,015
015/015 (189).jpg,015
015/015 (19).jpg,015
015/015 (190).jpg,015
015/015 (191).jpg,015
015/015 (192).jpg,015
015/015 (193).jpg,015
015/015 (194).jpg,015
015/015 (195).jpg,015
015/015 (196).jpg,015
015/015 (197).jpg,015
015/015 (198).jpg,015
015/015 (199).jpg,015
015/015 (2).jpg,015
015/015 (20).jpg,015
015/015 (200).jpg,015
015/015 (201).jpg,015
015/015 (21).jpg,015
015/015 (22).jpg,015
015/015 (23).jpg,015
015/015 (24).jpg,015
015/015 (25).jpg,015
015/015 (26).jpg,015
015/015 (27).jpg,015
015/015 (28).jpg,015
015/015 (29).jpg,015
015/015 (3).jpg,015
015/015 (30).jpg,015
015/015 (31).jpg,015
015/015 (32).jpg,015
015/015 (33).jpg,015
015/015 (34).jpg,015
015/015 (35).jpg,015
015/015 (36).jpg,015
015/015 (37).jpg,015
015/015 (38).jpg,015
015/015 (39).jpg,015
015/015 (4).jpg,015
015/015 (40).jpg,015
015/015 (41).jpg,015
015/015 (42).jpg,015
015/015 (43).jpg,015
015/015 (44).jpg,015
015/015 (45).jpg,015
015/015 (46).jpg,015
015/015 (47).jpg,015
015/015 (48).jpg,015
015/015 (49).jpg,015
015/015 (5).jpg,015
015/015 (50).jpg,015
015/015 (51).jpg,015
015/015 (52).jpg,015
015/015 (53).jpg,015
015/015 (54).jpg,015
015/015 (55).jpg,015
015/015 (56).jpg,015
015/015 (57).jpg,015
015/015 (58).jpg,015
015/015 (59).jpg,015
015/015 (6).jpg,015
015/015 (60).jpg,015
015/015 (61).jpg,015
015/015 (62).jpg,015
015/015 (63).jpg,015
015/015 (64).jpg,015
015/015 (65).jpg,015
015/015 (66).jpg,015
015/015 (67).jpg,015
015/015 (68).jpg,015
015/015 (69).jpg,015
015/015 (7).jpg,015
015/015 (70).jpg,015
015/015 (71).jpg,015
015/015 (72).jpg,015
015/015 (73).jpg,015
015/015 (74).jpg,015
015/015 (75).jpg,015
015/015 (76).jpg,015
015/015 (77).jpg,015
015/015 (78).jpg,015
015/015 (79).jpg,015
015/015 (8).jpg,015
015/015 (80).jpg,015
015/015 (81).jpg,015
015/015 (82).jpg,015
015/015 (83).jpg,015
015/015 (84).jpg,015
015/015 (85).jpg,015
015/015 (86).jpg,015
015/015 (87).jpg,015
015/015 (88).jpg,015
015/015 (89).jpg,015
015/015 (9).jpg,015
015/015 (90).jpg,015
015/015 (91).jpg,015
015/015 (92).jpg,015
015/015 (93).jpg,015
015/015 (94).jpg,015
015/015 (95).jpg,015
015/015 (96).jpg,015
015/015 (97).jpg,015
015/015 (98).jpg,015
015/015 (99).jpg,015
016/016 (1).jpg,016
016/016 (10).jpg,016
016/016 (100).jpg,016
016/016 (101).jpg,016
016/016 (102).jpg,016
016/016 (103).jpg,016
016/016 (104).jpg,016
016/016 (105).jpg,016
016/016 (106).jpg,016
016/016 (107).jpg,016
016/016 (108).jpg,016
016/016 (109).jpg,016
016/016 (11).jpg,016
016/016 (110).jpg,016
016/016 (111).jpg,016
016/016 (112).jpg,016
016/016 (113).jpg,016
016/016 (114).jpg,016
016/016 (115).jpg,016
016/016 (116).jpg,016
016/016 (117).jpg,016
016/016 (118).jpg,016
016/016 (119).jpg,016
016/016 (12).jpg,016
016/016 (120).jpg,016
016/016 (121).jpg,016
016/016 (122).jpg,016
016/016 (123).jpg,016
016/016 (124).jpg,016
016/016 (125).jpg,016
016/016 (126).jpg,016
016/016 (127).jpg,016
016/016 (128).jpg,016
016/016 (129).jpg,016
016/016 (13).jpg,016
016/016 (130).jpg,016
016/016 (131).jpg,016
016/016 (132).jpg,016
016/016 (133).jpg,016
016/016 (134).jpg,016
016/016 (135).jpg,016
016/016 (136).jpg,016
016/016 (137).jpg,016
016/016 (138).jpg,016
016/016 (139).jpg,016
016/016 (14).jpg,016
016/016 (140).jpg,016
016/016 (141).jpg,016
016/016 (142).jpg,016
016/016 (143).jpg,016
016/016 (144).jpg,016
016/016 (145).jpg,016
016/016 (146).jpg,016
016/016 (147).jpg,016
016/016 (148).jpg,016
016/016 (149).jpg,016
016/016 (15).jpg,016
016/016 (150).jpg,016
016/016 (151).jpg,016
016/016 (152).jpg,016
016/016 (153).jpg,016
016/016 (154).jpg,016
016/016 (155).jpg,016
016/016 (156).jpg,016
016/016 (157).jpg,016
016/016 (158).jpg,016
016/016 (159).jpg,016
016/016 (16).jpg,016
016/016 (160).jpg,016
016/016 (161).jpg,016
016/016 (17).jpg,016
016/016 (18).jpg,016
016/016 (19).jpg,016
016/016 (2).jpg,016
016/016 (20).jpg,016
016/016 (21).jpg,016
016/016 (22).jpg,016
016/016 (23).jpg,016
016/016 (24).jpg,016
016/016 (25).jpg,016
016/016 (26).jpg,016
016/016 (27).jpg,016
016/016 (28).jpg,016
016/016 (29).jpg,016
016/016 (3).jpg,016
016/016 (30).jpg,016
016/016 (31).jpg,016
016/016 (32).jpg,016
016/016 (33).jpg,016
016/016 (34).jpg,016
016/016 (35).jpg,016
016/016 (36).jpg,016
016/016 (37).jpg,016
016/016 (38).jpg,016
016/016 (39).jpg,016
016/016 (4).jpg,016
016/016 (40).jpg,016
016/016 (41).jpg,016
016/016 (42).jpg,016
016/016 (43).jpg,016
016/016 (44).jpg,016
016/016 (45).jpg,016
016/016 (46).jpg,016
016/016 (47).jpg,016
016/016 (48).jpg,016
016/016 (49).jpg,016
016/016 (5).jpg,016
016/016 (50).jpg,016
016/016 (51).jpg,016
016/016 (52).jpg,016
016/016 (53).jpg,016
016/016 (54).jpg,016
016/016 (55).jpg,016
016/016 (56).jpg,016
016/016 (57).jpg,016
016/016 (58).jpg,016
016/016 (59).jpg,016
016/016 (6).jpg,016
016/016 (60).jpg,016
016/016 (61).jpg,016
016/016 (62).jpg,016
016/016 (63).jpg,016
016/016 (64).jpg,016
016/016 (65).jpg,016
016/016 (66).jpg,016
016/016 (67).jpg,016
016/016 (68).jpg,016
016/016 (69).jpg,016
016/016 (7).jpg,016
016/016 (70).jpg,016
016/016 (71).jpg,016
016/016 (72).jpg,016
016/016 (73).jpg,016
016/016 (74).jpg,016
016/016 (75).jpg,016
016/016 (76).jpg,016
016/016 (77).jpg,016
016/016 (78).jpg,016
016/016 (79).jpg,016
016/016 (8).jpg,016
016/016 (80).jpg,016
016/016 (81).jpg,016
016/016 (82).jpg,016
016/016 (83).jpg,016
016/016 (84).jpg,016
016/016 (85).jpg,016
016/016 (86).jpg,016
016/016 (87).jpg,016
016/016 (88).jpg,016
016/016 (89).jpg,016
016/016 (9).jpg,016
016/016 (90).jpg,016
016/016 (91).jpg,016
016/016 (92).jpg,016
016/016 (93).jpg,016
016/016 (94).jpg,016
016/016 (95).jpg,016
016/016 (96).jpg,016
016/016 (97).jpg,016
016/016 (98).jpg,016
016/016 (99).jpg,016
017/017 (1).jpg,017
017/017 (10).jpg,017
017/017 (100).jpg,017
017/017 (101).jpg,017
017/017 (102).jpg,017
017/017 (103).jpg,017
017/017 (104).jpg,017
017/017 (105).jpg,017
017/017 (106).jpg,017
017/017 (107).jpg,017
017/017 (108).jpg,017
017/017 (109).jpg,017
017/017 (11).jpg,017
017/017 (110).jpg,017
017/017 (111).jpg,017
017/017 (112).jpg,017
017/017 (113).jpg,017
017/017 (114).jpg,017
017/017 (115).jpg,017
017/017 (116).jpg,017
017/017 (117).jpg,017
017/017 (118).jpg,017
017/017 (119).jpg,017
017/017 (12).jpg,017
017/017 (120).jpg,017
017/017 (121).jpg,017
017/017 (122).jpg,017
017/017 (123).jpg,017
017/017 (124).jpg,017
017/017 (125).jpg,017
017/017 (126).jpg,017
017/017 (127).jpg,017
017/017 (128).jpg,017
017/017 (129).jpg,017
017/017 (13).jpg,017
017/017 (130).jpg,017
017/017 (131).jpg,017
017/017 (132).jpg,017
017/017 (133).jpg,017
017/017 (134).jpg,017
017/017 (135).jpg,017
017/017 (136).jpg,017
017/017 (137).jpg,017
017/017 (138).jpg,017
017/017 (139).jpg,017
017/017 (14).jpg,017
017/017 (140).jpg,017
017/017 (141).jpg,017
017/017 (142).jpg,017
017/017 (143).jpg,017
017/017 (144).jpg,017
017/017 (145).jpg,017
017/017 (146).jpg,017
017/017 (147).jpg,017
017/017 (148).jpg,017
017/017 (149).jpg,017
017/017 (15).jpg,017
017/017 (150).jpg,017
017/017 (151).jpg,017
017/017 (152).jpg,017
017/017 (153).jpg,017
017/017 (154).jpg,017
017/017 (155).jpg,017
017/017 (156).jpg,017
017/017 (157).jpg,017
017/017 (158).jpg,017
017/017 (159).jpg,017
017/017 (16).jpg,017
017/017 (160).jpg,017
017/017 (161).jpg,017
017/017 (162).jpg,017
017/017 (163).jpg,017
017/017 (164).jpg,017
017/017 (165).jpg,017
017/017 (166).jpg,017
017/017 (167).jpg,017
017/017 (168).jpg,017
017/017 (169).jpg,017
017/017 (17).jpg,017
017/017 (170).jpg,017
017/017 (171).jpg,017
017/017 (172).jpg,017
017/017 (173).jpg,017
017/017 (174).jpg,017
017/017 (175).jpg,017
017/017 (176).jpg,017
017/017 (177).jpg,017
017/017 (178).jpg,017
017/017 (179).jpg,017
017/017 (18).jpg,017
017/017 (180).jpg,017
017/017 (181).jpg,017
017/017 (182).jpg,017
017/017 (183).jpg,017
017/017 (184).jpg,017
017/017 (185).jpg,017
017/017 (186).jpg,017
017/017 (187).jpg,017
017/017 (188).jpg,017
017/017 (189).jpg,017
017/017 (19).jpg,017
017/017 (190).jpg,017
017/017 (191).jpg,017
017/017 (192).jpg,017
017/017 (193).jpg,017
017/017 (194).jpg,017
017/017 (195).jpg,017
017/017 (196).jpg,017
017/017 (197).jpg,017
017/017 (198).jpg,017
017/017 (199).jpg,017
017/017 (2).jpg,017
017/017 (20).jpg,017
017/017 (200).jpg,017
017/017 (201).jpg,017
017/017 (202).jpg,017
017/017 (203).jpg,017
017/017 (204).jpg,017
017/017 (205).jpg,017
017/017 (206).jpg,017
017/017 (207).jpg,017
017/017 (208).jpg,017
017/017 (209).jpg,017
017/017 (21).jpg,017
017/017 (210).jpg,017
017/017 (211).jpg,017
017/017 (212).jpg,017
017/017 (213).jpg,017
017/017 (214).jpg,017
017/017 (215).jpg,017
017/017 (216).jpg,017
017/017 (217).jpg,017
017/017 (218).jpg,017
017/017 (219).jpg,017
017/017 (22).jpg,017
017/017 (23).jpg,017
017/017 (24).jpg,017
017/017 (25).jpg,017
017/017 (26).jpg,017
017/017 (27).jpg,017
017/017 (28).jpg,017
017/017 (29).jpg,017
017/017 (3).jpg,017
017/017 (30).jpg,017
017/017 (31).jpg,017
017/017 (32).jpg,017
017/017 (33).jpg,017
017/017 (34).jpg,017
017/017 (35).jpg,017
017/017 (36).jpg,017
017/017 (37).jpg,017
017/017 (38).jpg,017
017/017 (39).jpg,017
017/017 (4).jpg,017
017/017 (40).jpg,017
017/017 (41).jpg,017
017/017 (42).jpg,017
017/017 (43).jpg,017
017/017 (44).jpg,017
017/017 (45).jpg,017
017/017 (46).jpg,017
017/017 (47).jpg,017
017/017 (48).jpg,017
017/017 (49).jpg,017
017/017 (5).jpg,017
017/017 (50).jpg,017
017/017 (51).jpg,017
017/017 (52).jpg,017
017/017 (53).jpg,017
017/017 (54).jpg,017
017/017 (55).jpg,017
017/017 (56).jpg,017
017/017 (57).jpg,017
017/017 (58).jpg,017
017/017 (59).jpg,017
017/017 (6).jpg,017
017/017 (60).jpg,017
017/017 (61).jpg,017
017/017 (62).jpg,017
017/017 (63).jpg,017
017/017 (64).jpg,017
017/017 (65).jpg,017
017/017 (66).jpg,017
017/017 (67).jpg,017
017/017 (68).jpg,017
017/017 (69).jpg,017
017/017 (7).jpg,017
017/017 (70).jpg,017
017/017 (71).jpg,017
017/017 (72).jpg,017
017/017 (73).jpg,017
017/017 (74).jpg,017
017/017 (75).jpg,017
017/017 (76).jpg,017
017/017 (77).jpg,017
017/017 (78).jpg,017
017/017 (79).jpg,017
017/017 (8).jpg,017
017/017 (80).jpg,017
017/017 (81).jpg,017
017/017 (82).jpg,017
017/017 (83).jpg,017
017/017 (84).jpg,017
017/017 (85).jpg,017
017/017 (86).jpg,017
017/017 (87).jpg,017
017/017 (88).jpg,017
017/017 (89).jpg,017
017/017 (9).jpg,017
017/017 (90).jpg,017
017/017 (91).jpg,017
017/017 (92).jpg,017
017/017 (93).jpg,017
017/017 (94).jpg,017
017/017 (95).jpg,017
017/017 (96).jpg,017
017/017 (97).jpg,017
017/017 (98).jpg,017
017/017 (99).jpg,017
018/018 (1).jpg,018
018/018 (10).jpg,018
018/018 (100).jpg,018
018/018 (101).jpg,018
018/018 (102).jpg,018
018/018 (103).jpg,018
018/018 (104).jpg,018
018/018 (105).jpg,018
018/018 (106).jpg,018
018/018 (107).jpg,018
018/018 (108).jpg,018
018/018 (109).jpg,018
018/018 (11).jpg,018
018/018 (110).jpg,018
018/018 (111).jpg,018
018/018 (112).jpg,018
018/018 (113).jpg,018
018/018 (114).jpg,018
018/018 (115).jpg,018
018/018 (116).jpg,018
018/018 (117).jpg,018
018/018 (118).jpg,018
018/018 (119).jpg,018
018/018 (12).jpg,018
018/018 (120).jpg,018
018/018 (121).jpg,018
018/018 (122).jpg,018
018/018 (123).jpg,018
018/018 (124).jpg,018
018/018 (125).jpg,018
018/018 (126).jpg,018
018/018 (127).jpg,018
018/018 (128).jpg,018
018/018 (129).jpg,018
018/018 (13).jpg,018
018/018 (130).jpg,018
018/018 (131).jpg,018
018/018 (132).jpg,018
018/018 (133).jpg,018
018/018 (134).jpg,018
018/018 (135).jpg,018
018/018 (136).jpg,018
018/018 (137).jpg,018
018/018 (138).jpg,018
018/018 (139).jpg,018
018/018 (14).jpg,018
018/018 (140).jpg,018
018/018 (141).jpg,018
018/018 (142).jpg,018
018/018 (143).jpg,018
018/018 (144).jpg,018
018/018 (145).jpg,018
018/018 (146).jpg,018
018/018 (147).jpg,018
018/018 (148).jpg,018
018/018 (149).jpg,018
018/018 (15).jpg,018
018/018 (150).jpg,018
018/018 (151).jpg,018
018/018 (152).jpg,018
018/018 (153).jpg,018
018/018 (154).jpg,018
018/018 (155).jpg,018
018/018 (156).jpg,018
018/018 (157).jpg,018
018/018 (158).jpg,018
018/018 (159).jpg,018
018/018 (16).jpg,018
018/018 (160).jpg,018
018/018 (161).jpg,018
018/018 (162).jpg,018
018/018 (163).jpg,018
018/018 (164).jpg,018
018/018 (165).jpg,018
018/018 (166).jpg,018
018/018 (167).jpg,018
018/018 (168).jpg,018
018/018 (169).jpg,018
018/018 (17).jpg,018
018/018 (170).jpg,018
018/018 (171).jpg,018
018/018 (172).jpg,018
018/018 (173).jpg,018
018/018 (174).jpg,018
018/018 (175).jpg,018
018/018 (176).jpg,018
018/018 (177).jpg,018
018/018 (178).jpg,018
018/018 (179).jpg,018
018/018 (18).jpg,018
018/018 (180).jpg,018
018/018 (181).jpg,018
018/018 (182).jpg,018
018/018 (183).jpg,018
018/018 (184).jpg,018
018/018 (185).jpg,018
018/018 (186).jpg,018
018/018 (187).jpg,018
018/018 (188).jpg,018
018/018 (189).jpg,018
018/018 (19).jpg,018
018/018 (190).jpg,018
018/018 (191).jpg,018
018/018 (192).jpg,018
018/018 (193).jpg,018
018/018 (194).jpg,018
018/018 (195).jpg,018
018/018 (196).jpg,018
018/018 (197).jpg,018
018/018 (198).jpg,018
018/018 (199).jpg,018
018/018 (2).jpg,018
018/018 (20).jpg,018
018/018 (200).jpg,018
018/018 (201).jpg,018
018/018 (21).jpg,018
018/018 (22).jpg,018
018/018 (23).jpg,018
018/018 (24).jpg,018
018/018 (25).jpg,018
018/018 (26).jpg,018
018/018 (27).jpg,018
018/018 (28).jpg,018
018/018 (29).jpg,018
018/018 (3).jpg,018
018/018 (30).jpg,018
018/018 (31).jpg,018
018/018 (32).jpg,018
018/018 (33).jpg,018
018/018 (34).jpg,018
018/018 (35).jpg,018
018/018 (36).jpg,018
018/018 (37).jpg,018
018/018 (38).jpg,018
018/018 (39).jpg,018
018/018 (4).jpg,018
018/018 (40).jpg,018
018/018 (41).jpg,018
018/018 (42).jpg,018
018/018 (43).jpg,018
018/018 (44).jpg,018
018/018 (45).jpg,018
018/018 (46).jpg,018
018/018 (47).jpg,018
018/018 (48).jpg,018
018/018 (49).jpg,018
018/018 (5).jpg,018
018/018 (50).jpg,018
018/018 (51).jpg,018
018/018 (52).jpg,018
018/018 (53).jpg,018
018/018 (54).jpg,018
018/018 (55).jpg,018
018/018 (56).jpg,018
018/018 (57).jpg,018
018/018 (58).jpg,018
018/018 (59).jpg,018
018/018 (6).jpg,018
018/018 (60).jpg,018
018/018 (61).jpg,018
018/018 (62).jpg,018
018/018 (63).jpg,018
018/018 (64).jpg,018
018/018 (65).jpg,018
018/018 (66).jpg,018
018/018 (67).jpg,018
018/018 (68).jpg,018
018/018 (69).jpg,018
018/018 (7).jpg,018
018/018 (70).jpg,018
018/018 (71).jpg,018
018/018 (72).jpg,018
018/018 (73).jpg,018
018/018 (74).jpg,018
018/018 (75).jpg,018
018/018 (76).jpg,018
018/018 (77).jpg,018
018/018 (78).jpg,018
018/018 (79).jpg,018
018/018 (8).jpg,018
018/018 (80).jpg,018
018/018 (81).jpg,018
018/018 (82).jpg,018
018/018 (83).jpg,018
018/018 (84).jpg,018
018/018 (85).jpg,018
018/018 (86).jpg,018
018/018 (87).jpg,018
018/018 (88).jpg,018
018/018 (89).jpg,018
018/018 (9).jpg,018
018/018 (90).jpg,018
018/018 (91).jpg,018
018/018 (92).jpg,018
018/018 (93).jpg,018
018/018 (94).jpg,018
018/018 (95).jpg,018
018/018 (96).jpg,018
018/018 (97).jpg,018
018/018 (98).jpg,018
018/018 (99).jpg,018
019/019 (1).jpg,019
019/019 (10).jpg,019
019/019 (100).jpg,019
019/019 (101).jpg,019
019/019 (102).jpg,019
019/019 (103).jpg,019
019/019 (104).jpg,019
019/019 (105).jpg,019
019/019 (106).jpg,019
019/019 (107).jpg,019
019/019 (108).jpg,019
019/019 (109).jpg,019
019/019 (11).jpg,019
019/019 (110).jpg,019
019/019 (111).jpg,019
019/019 (112).jpg,019
019/019 (113).jpg,019
019/019 (114).jpg,019
019/019 (115).jpg,019
019/019 (116).jpg,019
019/019 (117).jpg,019
019/019 (118).jpg,019
019/019 (119).jpg,019
019/019 (12).jpg,019
019/019 (120).jpg,019
019/019 (121).jpg,019
019/019 (122).jpg,019
019/019 (123).jpg,019
019/019 (124).jpg,019
019/019 (125).jpg,019
019/019 (126).jpg,019
019/019 (127).jpg,019
019/019 (128).jpg,019
019/019 (129).jpg,019
019/019 (13).jpg,019
019/019 (130).jpg,019
019/019 (131).jpg,019
019/019 (132).jpg,019
019/019 (133).jpg,019
019/019 (134).jpg,019
019/019 (135).jpg,019
019/019 (136).jpg,019
019/019 (137).jpg,019
019/019 (138).jpg,019
019/019 (139).jpg,019
019/019 (14).jpg,019
019/019 (140).jpg,019
019/019 (141).jpg,019
019/019 (142).jpg,019
019/019 (143).jpg,019
019/019 (144).jpg,019
019/019 (145).jpg,019
019/019 (146).jpg,019
019/019 (147).jpg,019
019/019 (148).jpg,019
019/019 (149).jpg,019
019/019 (15).jpg,019
019/019 (150).jpg,019
019/019 (151).jpg,019
019/019 (152).jpg,019
019/019 (153).jpg,019
019/019 (154).jpg,019
019/019 (155).jpg,019
019/019 (156).jpg,019
019/019 (157).jpg,019
019/019 (158).jpg,019
019/019 (159).jpg,019
019/019 (16).jpg,019
019/019 (160).jpg,019
019/019 (161).jpg,019
019/019 (162).jpg,019
019/019 (163).jpg,019
019/019 (164).jpg,019
019/019 (165).jpg,019
019/019 (166).jpg,019
019/019 (167).jpg,019
019/019 (168).jpg,019
019/019 (169).jpg,019
019/019 (17).jpg,019
019/019 (170).jpg,019
019/019 (171).jpg,019
019/019 (172).jpg,019
019/019 (173).jpg,019
019/019 (174).jpg,019
019/019 (175).jpg,019
019/019 (176).jpg,019
019/019 (177).jpg,019
019/019 (178).jpg,019
019/019 (179).jpg,019
019/019 (18).jpg,019
019/019 (180).jpg,019
019/019 (181).jpg,019
019/019 (182).jpg,019
019/019 (183).jpg,019
019/019 (184).jpg,019
019/019 (185).jpg,019
019/019 (186).jpg,019
019/019 (187).jpg,019
019/019 (188).jpg,019
019/019 (189).jpg,019
019/019 (19).jpg,019
019/019 (190).jpg,019
019/019 (191).jpg,019
019/019 (192).jpg,019
019/019 (193).jpg,019
019/019 (194).jpg,019
019/019 (195).jpg,019
019/019 (196).jpg,019
019/019 (197).jpg,019
019/019 (198).jpg,019
019/019 (199).jpg,019
019/019 (2).jpg,019
019/019 (20).jpg,019
019/019 (200).jpg,019
019/019 (201).jpg,019
019/019 (21).jpg,019
019/019 (22).jpg,019
019/019 (23).jpg,019
019/019 (24).jpg,019
019/019 (25).jpg,019
019/019 (26).jpg,019
019/019 (27).jpg,019
019/019 (28).jpg,019
019/019 (29).jpg,019
019/019 (3).jpg,019
019/019 (30).jpg,019
019/019 (31).jpg,019
019/019 (32).jpg,019
019/019 (33).jpg,019
019/019 (34).jpg,019
019/019 (35).jpg,019
019/019 (36).jpg,019
019/019 (37).jpg,019
019/019 (38).jpg,019
019/019 (39).jpg,019
019/019 (4).jpg,019
019/019 (40).jpg,019
019/019 (41).jpg,019
019/019 (42).jpg,019
019/019 (43).jpg,019
019/019 (44).jpg,019
019/019 (45).jpg,019
019/019 (46).jpg,019
019/019 (47).jpg,019
019/019 (48).jpg,019
019/019 (49).jpg,019
019/019 (5).jpg,019
019/019 (50).jpg,019
019/019 (51).jpg,019
019/019 (52).jpg,019
019/019 (53).jpg,019
019/019 (54).jpg,019
019/019 (55).jpg,019
019/019 (56).jpg,019
019/019 (57).jpg,019
019/019 (58).jpg,019
019/019 (59).jpg,019
019/019 (6).jpg,019
019/019 (60).jpg,019
019/019 (61).jpg,019
019/019 (62).jpg,019
019/019 (63).jpg,019
019/019 (64).jpg,019
019/019 (65).jpg,019
019/019 (66).jpg,019
019/019 (67).jpg,019
019/019 (68).jpg,019
019/019 (69).jpg,019
019/019 (7).jpg,019
019/019 (70).jpg,019
019/019 (71).jpg,019
019/019 (72).jpg,019
019/019 (73).jpg,019
019/019 (74).jpg,019
019/019 (75).jpg,019
019/019 (76).jpg,019
019/019 (77).jpg,019
019/019 (78).jpg,019
019/019 (79).jpg,019
019/019 (8).jpg,019
019/019 (80).jpg,019
019/019 (81).jpg,019
019/019 (82).jpg,019
019/019 (83).jpg,019
019/019 (84).jpg,019
019/019 (85).jpg,019
019/019 (86).jpg,019
019/019 (87).jpg,019
019/019 (88).jpg,019
019/019 (89).jpg,019
019/019 (9).jpg,019
019/019 (90).jpg,019
019/019 (91).jpg,019
019/019 (92).jpg,019
019/019 (93).jpg,019
019/019 (94).jpg,019
019/019 (95).jpg,019
019/019 (96).jpg,019
019/019 (97).jpg,019
019/019 (98).jpg,019
019/019 (99).jpg,019
020/020 (1).jpg,020
020/020 (10).jpg,020
020/020 (100).jpg,020
020/020 (101).jpg,020
020/020 (102).jpg,020
020/020 (103).jpg,020
020/020 (104).jpg,020
020/020 (105).jpg,020
020/020 (106).jpg,020
020/020 (107).jpg,020
020/020 (108).jpg,020
020/020 (109).jpg,020
020/020 (11).jpg,020
020/020 (110).jpg,020
020/020 (111).jpg,020
020/020 (112).jpg,020
020/020 (113).jpg,020
020/020 (114).jpg,020
020/020 (115).jpg,020
020/020 (116).jpg,020
020/020 (117).jpg,020
020/020 (118).jpg,020
020/020 (119).jpg,020
020/020 (12).jpg,020
020/020 (120).jpg,020
020/020 (121).jpg,020
020/020 (122).jpg,020
020/020 (123).jpg,020
020/020 (124).jpg,020
020/020 (125).jpg,020
020/020 (126).jpg,020
020/020 (127).jpg,020
020/020 (128).jpg,020
020/020 (129).jpg,020
020/020 (13).jpg,020
020/020 (130).jpg,020
020/020 (131).jpg,020
020/020 (132).jpg,020
020/020 (133).jpg,020
020/020 (134).jpg,020
020/020 (135).jpg,020
020/020 (136).jpg,020
020/020 (137).jpg,020
020/020 (138).jpg,020
020/020 (139).jpg,020
020/020 (14).jpg,020
020/020 (140).jpg,020
020/020 (141).jpg,020
020/020 (142).jpg,020
020/020 (143).jpg,020
020/020 (144).jpg,020
020/020 (145).jpg,020
020/020 (146).jpg,020
020/020 (147).jpg,020
020/020 (148).jpg,020
020/020 (149).jpg,020
020/020 (15).jpg,020
020/020 (150).jpg,020
020/020 (151).jpg,020
020/020 (152).jpg,020
020/020 (153).jpg,020
020/020 (154).jpg,020
020/020 (155).jpg,020
020/020 (156).jpg,020
020/020 (157).jpg,020
020/020 (158).jpg,020
020/020 (159).jpg,020
020/020 (16).jpg,020
020/020 (160).jpg,020
020/020 (17).jpg,020
020/020 (18).jpg,020
020/020 (19).jpg,020
020/020 (2).jpg,020
020/020 (20).jpg,020
020/020 (21).jpg,020
020/020 (22).jpg,020
020/020 (23).jpg,020
020/020 (24).jpg,020
020/020 (25).jpg,020
020/020 (26).jpg,020
020/020 (27).jpg,020
020/020 (28).jpg,020
020/020 (29).jpg,020
020/020 (3).jpg,020
020/020 (30).jpg,020
020/020 (31).jpg,020
020/020 (32).jpg,020
020/020 (33).jpg,020
020/020 (34).jpg,020
020/020 (35).jpg,020
020/020 (36).jpg,020
020/020 (37).jpg,020
020/020 (38).jpg,020
020/020 (39).jpg,020
020/020 (4).jpg,020
020/020 (40).jpg,020
020/020 (41).jpg,020
020/020 (42).jpg,020
020/020 (43).jpg,020
020/020 (44).jpg,020
020/020 (45).jpg,020
020/020 (46).jpg,020
020/020 (47).jpg,020
020/020 (48).jpg,020
020/020 (49).jpg,020
020/020 (5).jpg,020
020/020 (50).jpg,020
020/020 (51).jpg,020
020/020 (52).jpg,020
020/020 (53).jpg,020
020/020 (54).jpg,020
020/020 (55).jpg,020
020/020 (56).jpg,020
020/020 (57).jpg,020
020/020 (58).jpg,020
020/020 (59).jpg,020
020/020 (6).jpg,020
020/020 (60).jpg,020
020/020 (61).jpg,020
020/020 (62).jpg,020
020/020 (63).jpg,020
020/020 (64).jpg,020
020/020 (65).jpg,020
020/020 (66).jpg,020
020/020 (67).jpg,020
020/020 (68).jpg,020
020/020 (69).jpg,020
020/020 (7).jpg,020
020/020 (70).jpg,020
020/020 (71).jpg,020
020/020 (72).jpg,020
020/020 (73).jpg,020
020/020 (74).jpg,020
020/020 (75).jpg,020
020/020 (76).jpg,020
020/020 (77).jpg,020
020/020 (78).jpg,020
020/020 (79).jpg,020
020/020 (8).jpg,020
020/020 (80).jpg,020
020/020 (81).jpg,020
020/020 (82).jpg,020
020/020 (83).jpg,020
020/020 (84).jpg,020
020/020 (85).jpg,020
020/020 (86).jpg,020
020/020 (87).jpg,020
020/020 (88).jpg,020
020/020 (89).jpg,020
020/020 (9).jpg,020
020/020 (90).jpg,020
020/020 (91).jpg,020
020/020 (92).jpg,020
020/020 (93).jpg,020
020/020 (94).jpg,020
020/020 (95).jpg,020
020/020 (96).jpg,020
020/020 (97).jpg,020
020/020 (98).jpg,020
020/020 (99).jpg,020
021/021 (1).jpg,021
021/021 (10).jpg,021
021/021 (100).jpg,021
021/021 (101).jpg,021
021/021 (102).jpg,021
021/021 (103).jpg,021
021/021 (104).jpg,021
021/021 (105).jpg,021
021/021 (106).jpg,021
021/021 (107).jpg,021
021/021 (108).jpg,021
021/021 (109).jpg,021
021/021 (11).jpg,021
021/021 (110).jpg,021
021/021 (111).jpg,021
021/021 (112).jpg,021
021/021 (113).jpg,021
021/021 (114).jpg,021
021/021 (115).jpg,021
021/021 (116).jpg,021
021/021 (117).jpg,021
021/021 (118).jpg,021
021/021 (119).jpg,021
021/021 (12).jpg,021
021/021 (120).jpg,021
021/021 (121).jpg,021
021/021 (122).jpg,021
021/021 (123).jpg,021
021/021 (124).jpg,021
021/021 (125).jpg,021
021/021 (126).jpg,021
021/021 (127).jpg,021
021/021 (128).jpg,021
021/021 (129).jpg,021
021/021 (13).jpg,021
021/021 (130).jpg,021
021/021 (131).jpg,021
021/021 (132).jpg,021
021/021 (133).jpg,021
021/021 (134).jpg,021
021/021 (135).jpg,021
021/021 (136).jpg,021
021/021 (137).jpg,021
021/021 (138).jpg,021
021/021 (139).jpg,021
021/021 (14).jpg,021
021/021 (140).jpg,021
021/021 (141).jpg,021
021/021 (142).jpg,021
021/021 (143).jpg,021
021/021 (144).jpg,021
021/021 (145).jpg,021
021/021 (146).jpg,021
021/021 (147).jpg,021
021/021 (148).jpg,021
021/021 (149).jpg,021
021/021 (15).jpg,021
021/021 (150).jpg,021
021/021 (151).jpg,021
021/021 (152).jpg,021
021/021 (153).jpg,021
021/021 (154).jpg,021
021/021 (155).jpg,021
021/021 (156).jpg,021
021/021 (157).jpg,021
021/021 (158).jpg,021
021/021 (159).jpg,021
021/021 (16).jpg,021
021/021 (160).jpg,021
021/021 (17).jpg,021
021/021 (18).jpg,021
021/021 (19).jpg,021
021/021 (2).jpg,021
021/021 (20).jpg,021
021/021 (21).jpg,021
021/021 (22).jpg,021
021/021 (23).jpg,021
021/021 (24).jpg,021
021/021 (25).jpg,021
021/021 (26).jpg,021
021/021 (27).jpg,021
021/021 (28).jpg,021
021/021 (29).jpg,021
021/021 (3).jpg,021
021/021 (30).jpg,021
021/021 (31).jpg,021
021/021 (32).jpg,021
021/021 (33).jpg,021
021/021 (34).jpg,021
021/021 (35).jpg,021
021/021 (36).jpg,021
021/021 (37).jpg,021
021/021 (38).jpg,021
021/021 (39).jpg,021
021/021 (4).jpg,021
021/021 (40).jpg,021
021/021 (41).jpg,021
021/021 (42).jpg,021
021/021 (43).jpg,021
021/021 (44).jpg,021
021/021 (45).jpg,021
021/021 (46).jpg,021
021/021 (47).jpg,021
021/021 (48).jpg,021
021/021 (49).jpg,021
021/021 (5).jpg,021
021/021 (50).jpg,021
021/021 (51).jpg,021
021/021 (52).jpg,021
021/021 (53).jpg,021
021/021 (54).jpg,021
021/021 (55).jpg,021
021/021 (56).jpg,021
021/021 (57).jpg,021
021/021 (58).jpg,021
021/021 (59).jpg,021
021/021 (6).jpg,021
021/021 (60).jpg,021
021/021 (61).jpg,021
021/021 (62).jpg,021
021/021 (63).jpg,021
021/021 (64).jpg,021
021/021 (65).jpg,021
021/021 (66).jpg,021
021/021 (67).jpg,021
021/021 (68).jpg,021
021/021 (69).jpg,021
021/021 (7).jpg,021
021/021 (70).jpg,021
021/021 (71).jpg,021
021/021 (72).jpg,021
021/021 (73).jpg,021
021/021 (74).jpg,021
021/021 (75).jpg,021
021/021 (76).jpg,021
021/021 (77).jpg,021
021/021 (78).jpg,021
021/021 (79).jpg,021
021/021 (8).jpg,021
021/021 (80).jpg,021
021/021 (81).jpg,021
021/021 (82).jpg,021
021/021 (83).jpg,021
021/021 (84).jpg,021
021/021 (85).jpg,021
021/021 (86).jpg,021
021/021 (87).jpg,021
021/021 (88).jpg,021
021/021 (89).jpg,021
021/021 (9).jpg,021
021/021 (90).jpg,021
021/021 (91).jpg,021
021/021 (92).jpg,021
021/021 (93).jpg,021
021/021 (94).jpg,021
021/021 (95).jpg,021
021/021 (96).jpg,021
021/021 (97).jpg,021
021/021 (98).jpg,021
021/021 (99).jpg,021
022/022 (1).jpg,022
022/022 (10).jpg,022
022/022 (100).jpg,022
022/022 (101).jpg,022
022/022 (102).jpg,022
022/022 (103).jpg,022
022/022 (104).jpg,022
022/022 (105).jpg,022
022/022 (106).jpg,022
022/022 (107).jpg,022
022/022 (108).jpg,022
022/022 (109).jpg,022
022/022 (11).jpg,022
022/022 (110).jpg,022
022/022 (111).jpg,022
022/022 (112).jpg,022
022/022 (113).jpg,022
022/022 (114).jpg,022
022/022 (115).jpg,022
022/022 (116).jpg,022
022/022 (117).jpg,022
022/022 (118).jpg,022
022/022 (119).jpg,022
022/022 (12).jpg,022
022/022 (120).jpg,022
022/022 (121).jpg,022
022/022 (122).jpg,022
022/022 (123).jpg,022
022/022 (124).jpg,022
022/022 (125).jpg,022
022/022 (126).jpg,022
022/022 (127).jpg,022
022/022 (128).jpg,022
022/022 (129).jpg,022
022/022 (13).jpg,022
022/022 (130).jpg,022
022/022 (131).jpg,022
022/022 (132).jpg,022
022/022 (133).jpg,022
022/022 (134).jpg,022
022/022 (135).jpg,022
022/022 (136).jpg,022
022/022 (137).jpg,022
022/022 (138).jpg,022
022/022 (139).jpg,022
022/022 (14).jpg,022
022/022 (140).jpg,022
022/022 (141).jpg,022
022/022 (142).jpg,022
022/022 (143).jpg,022
022/022 (144).jpg,022
022/022 (145).jpg,022
022/022 (146).jpg,022
022/022 (147).jpg,022
022/022 (148).jpg,022
022/022 (149).jpg,022
022/022 (15).jpg,022
022/022 (150).jpg,022
022/022 (151).jpg,022
022/022 (152).jpg,022
022/022 (153).jpg,022
022/022 (154).jpg,022
022/022 (155).jpg,022
022/022 (156).jpg,022
022/022 (157).jpg,022
022/022 (158).jpg,022
022/022 (159).jpg,022
022/022 (16).jpg,022
022/022 (160).jpg,022
022/022 (161).jpg,022
022/022 (162).jpg,022
022/022 (163).jpg,022
022/022 (164).jpg,022
022/022 (165).jpg,022
022/022 (166).jpg,022
022/022 (167).jpg,022
022/022 (168).jpg,022
022/022 (169).jpg,022
022/022 (17).jpg,022
022/022 (170).jpg,022
022/022 (171).jpg,022
022/022 (172).jpg,022
022/022 (173).jpg,022
022/022 (174).jpg,022
022/022 (175).jpg,022
022/022 (176).jpg,022
022/022 (177).jpg,022
022/022 (178).jpg,022
022/022 (179).jpg,022
022/022 (18).jpg,022
022/022 (180).jpg,022
022/022 (181).jpg,022
022/022 (182).jpg,022
022/022 (183).jpg,022
022/022 (184).jpg,022
022/022 (185).jpg,022
022/022 (186).jpg,022
022/022 (187).jpg,022
022/022 (188).jpg,022
022/022 (189).jpg,022
022/022 (19).jpg,022
022/022 (190).jpg,022
022/022 (191).jpg,022
022/022 (192).jpg,022
022/022 (193).jpg,022
022/022 (194).jpg,022
022/022 (195).jpg,022
022/022 (196).jpg,022
022/022 (197).jpg,022
022/022 (198).jpg,022
022/022 (199).jpg,022
022/022 (2).jpg,022
022/022 (20).jpg,022
022/022 (200).jpg,022
022/022 (21).jpg,022
022/022 (22).jpg,022
022/022 (23).jpg,022
022/022 (24).jpg,022
022/022 (25).jpg,022
022/022 (26).jpg,022
022/022 (27).jpg,022
022/022 (28).jpg,022
022/022 (29).jpg,022
022/022 (3).jpg,022
022/022 (30).jpg,022
022/022 (31).jpg,022
022/022 (32).jpg,022
022/022 (33).jpg,022
022/022 (34).jpg,022
022/022 (35).jpg,022
022/022 (36).jpg,022
022/022 (37).jpg,022
022/022 (38).jpg,022
022/022 (39).jpg,022
022/022 (4).jpg,022
022/022 (40).jpg,022
022/022 (41).jpg,022
022/022 (42).jpg,022
022/022 (43).jpg,022
022/022 (44).jpg,022
022/022 (45).jpg,022
022/022 (46).jpg,022
022/022 (47).jpg,022
022/022 (48).jpg,022
022/022 (49).jpg,022
022/022 (5).jpg,022
022/022 (50).jpg,022
022/022 (51).jpg,022
022/022 (52).jpg,022
022/022 (53).jpg,022
022/022 (54).jpg,022
022/022 (55).jpg,022
022/022 (56).jpg,022
022/022 (57).jpg,022
022/022 (58).jpg,022
022/022 (59).jpg,022
022/022 (6).jpg,022
022/022 (60).jpg,022
022/022 (61).jpg,022
022/022 (62).jpg,022
022/022 (63).jpg,022
022/022 (64).jpg,022
022/022 (65).jpg,022
022/022 (66).jpg,022
022/022 (67).jpg,022
022/022 (68).jpg,022
022/022 (69).jpg,022
022/022 (7).jpg,022
022/022 (70).jpg,022
022/022 (71).jpg,022
022/022 (72).jpg,022
022/022 (73).jpg,022
022/022 (74).jpg,022
022/022 (75).jpg,022
022/022 (76).jpg,022
022/022 (77).jpg,022
022/022 (78).jpg,022
022/022 (79).jpg,022
022/022 (8).jpg,022
022/022 (80).jpg,022
022/022 (81).jpg,022
022/022 (82).jpg,022
022/022 (83).jpg,022
022/022 (84).jpg,022
022/022 (85).jpg,022
022/022 (86).jpg,022
022/022 (87).jpg,022
022/022 (88).jpg,022
022/022 (89).jpg,022
022/022 (9).jpg,022
022/022 (90).jpg,022
022/022 (91).jpg,022
022/022 (92).jpg,022
022/022 (93).jpg,022
022/022 (94).jpg,022
022/022 (95).jpg,022
022/022 (96).jpg,022
022/022 (97).jpg,022
022/022 (98).jpg,022
022/022 (99).jpg,022
023/023 (1).jpg,023
023/023 (10).jpg,023
023/023 (100).jpg,023
023/023 (101).jpg,023
023/023 (102).jpg,023
023/023 (103).jpg,023
023/023 (104).jpg,023
023/023 (105).jpg,023
023/023 (106).jpg,023
023/023 (107).jpg,023
023/023 (108).jpg,023
023/023 (109).jpg,023
023/023 (11).jpg,023
023/023 (110).jpg,023
023/023 (111).jpg,023
023/023 (112).jpg,023
023/023 (113).jpg,023
023/023 (114).jpg,023
023/023 (115).jpg,023
023/023 (116).jpg,023
023/023 (117).jpg,023
023/023 (118).jpg,023
023/023 (119).jpg,023
023/023 (12).jpg,023
023/023 (120).jpg,023
023/023 (121).jpg,023
023/023 (122).jpg,023
023/023 (123).jpg,023
023/023 (124).jpg,023
023/023 (125).jpg,023
023/023 (126).jpg,023
023/023 (127).jpg,023
023/023 (128).jpg,023
023/023 (129).jpg,023
023/023 (13).jpg,023
023/023 (130).jpg,023
023/023 (131).jpg,023
023/023 (132).jpg,023
023/023 (133).jpg,023
023/023 (134).jpg,023
023/023 (135).jpg,023
023/023 (136).jpg,023
023/023 (137).jpg,023
023/023 (138).jpg,023
023/023 (139).jpg,023
023/023 (14).jpg,023
023/023 (140).jpg,023
023/023 (141).jpg,023
023/023 (142).jpg,023
023/023 (143).jpg,023
023/023 (144).jpg,023
023/023 (145).jpg,023
023/023 (146).jpg,023
023/023 (147).jpg,023
023/023 (148).jpg,023
023/023 (149).jpg,023
023/023 (15).jpg,023
023/023 (150).jpg,023
023/023 (151).jpg,023
023/023 (152).jpg,023
023/023 (153).jpg,023
023/023 (154).jpg,023
023/023 (155).jpg,023
023/023 (156).jpg,023
023/023 (157).jpg,023
023/023 (158).jpg,023
023/023 (159).jpg,023
023/023 (16).jpg,023
023/023 (160).jpg,023
023/023 (161).jpg,023
023/023 (162).jpg,023
023/023 (163).jpg,023
023/023 (164).jpg,023
023/023 (165).jpg,023
023/023 (166).jpg,023
023/023 (167).jpg,023
023/023 (168).jpg,023
023/023 (169).jpg,023
023/023 (17).jpg,023
023/023 (170).jpg,023
023/023 (171).jpg,023
023/023 (172).jpg,023
023/023 (173).jpg,023
023/023 (174).jpg,023
023/023 (175).jpg,023
023/023 (176).jpg,023
023/023 (177).jpg,023
023/023 (178).jpg,023
023/023 (179).jpg,023
023/023 (18).jpg,023
023/023 (180).jpg,023
023/023 (181).jpg,023
023/023 (182).jpg,023
023/023 (183).jpg,023
023/023 (184).jpg,023
023/023 (185).jpg,023
023/023 (186).jpg,023
023/023 (187).jpg,023
023/023 (188).jpg,023
023/023 (189).jpg,023
023/023 (19).jpg,023
023/023 (190).jpg,023
023/023 (191).jpg,023
023/023 (192).jpg,023
023/023 (193).jpg,023
023/023 (194).jpg,023
023/023 (195).jpg,023
023/023 (196).jpg,023
023/023 (197).jpg,023
023/023 (198).jpg,023
023/023 (199).jpg,023
023/023 (2).jpg,023
023/023 (20).jpg,023
023/023 (200).jpg,023
023/023 (201).jpg,023
023/023 (202).jpg,023
023/023 (203).jpg,023
023/023 (204).jpg,023
023/023 (21).jpg,023
023/023 (22).jpg,023
023/023 (23).jpg,023
023/023 (24).jpg,023
023/023 (25).jpg,023
023/023 (26).jpg,023
023/023 (27).jpg,023
023/023 (28).jpg,023
023/023 (29).jpg,023
023/023 (3).jpg,023
023/023 (30).jpg,023
023/023 (31).jpg,023
023/023 (32).jpg,023
023/023 (33).jpg,023
023/023 (34).jpg,023
023/023 (35).jpg,023
023/023 (36).jpg,023
023/023 (37).jpg,023
023/023 (38).jpg,023
023/023 (39).jpg,023
023/023 (4).jpg,023
023/023 (40).jpg,023
023/023 (41).jpg,023
023/023 (42).jpg,023
023/023 (43).jpg,023
023/023 (44).jpg,023
023/023 (45).jpg,023
023/023 (46).jpg,023
023/023 (47).jpg,023
023/023 (48).jpg,023
023/023 (49).jpg,023
023/023 (5).jpg,023
023/023 (50).jpg,023
023/023 (51).jpg,023
023/023 (52).jpg,023
023/023 (53).jpg,023
023/023 (54).jpg,023
023/023 (55).jpg,023
023/023 (56).jpg,023
023/023 (57).jpg,023
023/023 (58).jpg,023
023/023 (59).jpg,023
023/023 (6).jpg,023
023/023 (60).jpg,023
023/023 (61).jpg,023
023/023 (62).jpg,023
023/023 (63).jpg,023
023/023 (64).jpg,023
023/023 (65).jpg,023
023/023 (66).jpg,023
023/023 (67).jpg,023
023/023 (68).jpg,023
023/023 (69).jpg,023
023/023 (7).jpg,023
023/023 (70).jpg,023
023/023 (71).jpg,023
023/023 (72).jpg,023
023/023 (73).jpg,023
023/023 (74).jpg,023
023/023 (75).jpg,023
023/023 (76).jpg,023
023/023 (77).jpg,023
023/023 (78).jpg,023
023/023 (79).jpg,023
023/023 (8).jpg,023
023/023 (80).jpg,023
023/023 (81).jpg,023
023/023 (82).jpg,023
023/023 (83).jpg,023
023/023 (84).jpg,023
023/023 (85).jpg,023
023/023 (86).jpg,023
023/023 (87).jpg,023
023/023 (88).jpg,023
023/023 (89).jpg,023
023/023 (9).jpg,023
023/023 (90).jpg,023
023/023 (91).jpg,023
023/023 (92).jpg,023
023/023 (93).jpg,023
023/023 (94).jpg,023
023/023 (95).jpg,023
023/023 (96).jpg,023
023/023 (97).jpg,023
023/023 (98).jpg,023
023/023 (99).jpg,023
024/024 (1).jpg,024
024/024 (10).jpg,024
024/024 (100).jpg,024
024/024 (101).jpg,024
024/024 (102).jpg,024
024/024 (103).jpg,024
024/024 (104).jpg,024
024/024 (105).jpg,024
024/024 (106).jpg,024
024/024 (107).jpg,024
024/024 (108).jpg,024
024/024 (109).jpg,024
024/024 (11).jpg,024
024/024 (110).jpg,024
024/024 (111).jpg,024
024/024 (112).jpg,024
024/024 (113).jpg,024
024/024 (114).jpg,024
024/024 (115).jpg,024
024/024 (116).jpg,024
024/024 (117).jpg,024
024/024 (118).jpg,024
024/024 (119).jpg,024
024/024 (12).jpg,024
024/024 (120).jpg,024
024/024 (121).jpg,024
024/024 (122).jpg,024
024/024 (123).jpg,024
024/024 (124).jpg,024
024/024 (125).jpg,024
024/024 (126).jpg,024
024/024 (127).jpg,024
024/024 (128).jpg,024
024/024 (129).jpg,024
024/024 (13).jpg,024
024/024 (130).jpg,024
024/024 (131).jpg,024
024/024 (132).jpg,024
024/024 (133).jpg,024
024/024 (134).jpg,024
024/024 (135).jpg,024
024/024 (136).jpg,024
024/024 (137).jpg,024
024/024 (138).jpg,024
024/024 (139).jpg,024
024/024 (14).jpg,024
024/024 (140).jpg,024
024/024 (141).jpg,024
024/024 (142).jpg,024
024/024 (143).jpg,024
024/024 (144).jpg,024
024/024 (145).jpg,024
024/024 (146).jpg,024
024/024 (147).jpg,024
024/024 (148).jpg,024
024/024 (149).jpg,024
024/024 (15).jpg,024
024/024 (150).jpg,024
024/024 (151).jpg,024
024/024 (152).jpg,024
024/024 (153).jpg,024
024/024 (154).jpg,024
024/024 (155).jpg,024
024/024 (156).jpg,024
024/024 (157).jpg,024
024/024 (158).jpg,024
024/024 (159).jpg,024
024/024 (16).jpg,024
024/024 (160).jpg,024
024/024 (161).jpg,024
024/024 (162).jpg,024
024/024 (163).jpg,024
024/024 (164).jpg,024
024/024 (165).jpg,024
024/024 (166).jpg,024
024/024 (167).jpg,024
024/024 (168).jpg,024
024/024 (169).jpg,024
024/024 (17).jpg,024
024/024 (170).jpg,024
024/024 (171).jpg,024
024/024 (172).jpg,024
024/024 (173).jpg,024
024/024 (174).jpg,024
024/024 (175).jpg,024
024/024 (176).jpg,024
024/024 (177).jpg,024
024/024 (178).jpg,024
024/024 (179).jpg,024
024/024 (18).jpg,024
024/024 (180).jpg,024
024/024 (181).jpg,024
024/024 (182).jpg,024
024/024 (183).jpg,024
024/024 (184).jpg,024
024/024 (185).jpg,024
024/024 (186).jpg,024
024/024 (187).jpg,024
024/024 (188).jpg,024
024/024 (189).jpg,024
024/024 (19).jpg,024
024/024 (190).jpg,024
024/024 (191).jpg,024
024/024 (192).jpg,024
024/024 (193).jpg,024
024/024 (194).jpg,024
024/024 (195).jpg,024
024/024 (196).jpg,024
024/024 (197).jpg,024
024/024 (198).jpg,024
024/024 (199).jpg,024
024/024 (2).jpg,024
024/024 (20).jpg,024
024/024 (200).jpg,024
024/024 (201).jpg,024
024/024 (202).jpg,024
024/024 (203).jpg,024
024/024 (204).jpg,024
024/024 (205).jpg,024
024/024 (206).jpg,024
024/024 (207).jpg,024
024/024 (208).jpg,024
024/024 (21).jpg,024
024/024 (22).jpg,024
024/024 (23).jpg,024
024/024 (24).jpg,024
024/024 (25).jpg,024
024/024 (26).jpg,024
024/024 (27).jpg,024
024/024 (28).jpg,024
024/024 (29).jpg,024
024/024 (3).jpg,024
024/024 (30).jpg,024
024/024 (31).jpg,024
024/024 (32).jpg,024
024/024 (33).jpg,024
024/024 (34).jpg,024
024/024 (35).jpg,024
024/024 (36).jpg,024
024/024 (37).jpg,024
024/024 (38).jpg,024
024/024 (39).jpg,024
024/024 (4).jpg,024
024/024 (40).jpg,024
024/024 (41).jpg,024
024/024 (42).jpg,024
024/024 (43).jpg,024
024/024 (44).jpg,024
024/024 (45).jpg,024
024/024 (46).jpg,024
024/024 (47).jpg,024
024/024 (48).jpg,024
024/024 (49).jpg,024
024/024 (5).jpg,024
024/024 (50).jpg,024
024/024 (51).jpg,024
024/024 (52).jpg,024
024/024 (53).jpg,024
024/024 (54).jpg,024
024/024 (55).jpg,024
024/024 (56).jpg,024
024/024 (57).jpg,024
024/024 (58).jpg,024
024/024 (59).jpg,024
024/024 (6).jpg,024
024/024 (60).jpg,024
024/024 (61).jpg,024
024/024 (62).jpg,024
024/024 (63).jpg,024
024/024 (64).jpg,024
024/024 (65).jpg,024
024/024 (66).jpg,024
024/024 (67).jpg,024
024/024 (68).jpg,024
024/024 (69).jpg,024
024/024 (7).jpg,024
024/024 (70).jpg,024
024/024 (71).jpg,024
024/024 (72).jpg,024
024/024 (73).jpg,024
024/024 (74).jpg,024
024/024 (75).jpg,024
024/024 (76).jpg,024
024/024 (77).jpg,024
024/024 (78).jpg,024
024/024 (79).jpg,024
024/024 (8).jpg,024
024/024 (80).jpg,024
024/024 (81).jpg,024
024/024 (82).jpg,024
024/024 (83).jpg,024
024/024 (84).jpg,024
024/024 (85).jpg,024
024/024 (86).jpg,024
024/024 (87).jpg,024
024/024 (88).jpg,024
024/024 (89).jpg,024
024/024 (9).jpg,024
024/024 (90).jpg,024
024/024 (91).jpg,024
024/024 (92).jpg,024
024/024 (93).jpg,024
024/024 (94).jpg,024
024/024 (95).jpg,024
024/024 (96).jpg,024
024/024 (97).jpg,024
024/024 (98).jpg,024
024/024 (99).jpg,024
025/025 (1).jpg,025
025/025 (10).jpg,025
025/025 (100).jpg,025
025/025 (101).jpg,025
025/025 (102).jpg,025
025/025 (103).jpg,025
025/025 (104).jpg,025
025/025 (105).jpg,025
025/025 (106).jpg,025
025/025 (107).jpg,025
025/025 (108).jpg,025
025/025 (109).jpg,025
025/025 (11).jpg,025
025/025 (110).jpg,025
025/025 (111).jpg,025
025/025 (112).jpg,025
025/025 (113).jpg,025
025/025 (114).jpg,025
025/025 (115).jpg,025
025/025 (116).jpg,025
025/025 (117).jpg,025
025/025 (118).jpg,025
025/025 (119).jpg,025
025/025 (12).jpg,025
025/025 (120).jpg,025
025/025 (121).jpg,025
025/025 (122).jpg,025
025/025 (123).jpg,025
025/025 (124).jpg,025
025/025 (125).jpg,025
025/025 (126).jpg,025
025/025 (127).jpg,025
025/025 (128).jpg,025
025/025 (129).jpg,025
025/025 (13).jpg,025
025/025 (130).jpg,025
025/025 (131).jpg,025
025/025 (132).jpg,025
025/025 (133).jpg,025
025/025 (134).jpg,025
025/025 (135).jpg,025
025/025 (136).jpg,025
025/025 (137).jpg,025
025/025 (138).jpg,025
025/025 (139).jpg,025
025/025 (14).jpg,025
025/025 (140).jpg,025
025/025 (141).jpg,025
025/025 (142).jpg,025
025/025 (143).jpg,025
025/025 (144).jpg,025
025/025 (145).jpg,025
025/025 (146).jpg,025
025/025 (147).jpg,025
025/025 (148).jpg,025
025/025 (149).jpg,025
025/025 (15).jpg,025
025/025 (150).jpg,025
025/025 (151).jpg,025
025/025 (152).jpg,025
025/025 (153).jpg,025
025/025 (154).jpg,025
025/025 (155).jpg,025
025/025 (156).jpg,025
025/025 (157).jpg,025
025/025 (158).jpg,025
025/025 (159).jpg,025
025/025 (16).jpg,025
025/025 (160).jpg,025
025/025 (161).jpg,025
025/025 (162).jpg,025
025/025 (163).jpg,025
025/025 (164).jpg,025
025/025 (165).jpg,025
025/025 (166).jpg,025
025/025 (167).jpg,025
025/025 (168).jpg,025
025/025 (169).jpg,025
025/025 (17).jpg,025
025/025 (170).jpg,025
025/025 (171).jpg,025
025/025 (172).jpg,025
025/025 (173).jpg,025
025/025 (174).jpg,025
025/025 (175).jpg,025
025/025 (176).jpg,025
025/025 (177).jpg,025
025/025 (178).jpg,025
025/025 (179).jpg,025
025/025 (18).jpg,025
025/025 (180).jpg,025
025/025 (181).jpg,025
025/025 (182).jpg,025
025/025 (183).jpg,025
025/025 (184).jpg,025
025/025 (185).jpg,025
025/025 (186).jpg,025
025/025 (187).jpg,025
025/025 (188).jpg,025
025/025 (189).jpg,025
025/025 (19).jpg,025
025/025 (190).jpg,025
025/025 (191).jpg,025
025/025 (192).jpg,025
025/025 (193).jpg,025
025/025 (194).jpg,025
025/025 (195).jpg,025
025/025 (196).jpg,025
025/025 (197).jpg,025
025/025 (198).jpg,025
025/025 (199).jpg,025
025/025 (2).jpg,025
025/025 (20).jpg,025
025/025 (200).jpg,025
025/025 (201).jpg,025
025/025 (202).jpg,025
025/025 (203).jpg,025
025/025 (204).jpg,025
025/025 (205).jpg,025
025/025 (206).jpg,025
025/025 (207).jpg,025
025/025 (208).jpg,025
025/025 (209).jpg,025
025/025 (21).jpg,025
025/025 (22).jpg,025
025/025 (23).jpg,025
025/025 (24).jpg,025
025/025 (25).jpg,025
025/025 (26).jpg,025
025/025 (27).jpg,025
025/025 (28).jpg,025
025/025 (29).jpg,025
025/025 (3).jpg,025
025/025 (30).jpg,025
025/025 (31).jpg,025
025/025 (32).jpg,025
025/025 (33).jpg,025
025/025 (34).jpg,025
025/025 (35).jpg,025
025/025 (36).jpg,025
025/025 (37).jpg,025
025/025 (38).jpg,025
025/025 (39).jpg,025
025/025 (4).jpg,025
025/025 (40).jpg,025
025/025 (41).jpg,025
025/025 (42).jpg,025
025/025 (43).jpg,025
025/025 (44).jpg,025
025/025 (45).jpg,025
025/025 (46).jpg,025
025/025 (47).jpg,025
025/025 (48).jpg,025
025/025 (49).jpg,025
025/025 (5).jpg,025
025/025 (50).jpg,025
025/025 (51).jpg,025
025/025 (52).jpg,025
025/025 (53).jpg,025
025/025 (54).jpg,025
025/025 (55).jpg,025
025/025 (56).jpg,025
025/025 (57).jpg,025
025/025 (58).jpg,025
025/025 (59).jpg,025
025/025 (6).jpg,025
025/025 (60).jpg,025
025/025 (61).jpg,025
025/025 (62).jpg,025
025/025 (63).jpg,025
025/025 (64).jpg,025
025/025 (65).jpg,025
025/025 (66).jpg,025
025/025 (67).jpg,025
025/025 (68).jpg,025
025/025 (69).jpg,025
025/025 (7).jpg,025
025/025 (70).jpg,025
025/025 (71).jpg,025
025/025 (72).jpg,025
025/025 (73).jpg,025
025/025 (74).jpg,025
025/025 (75).jpg,025
025/025 (76).jpg,025
025/025 (77).jpg,025
025/025 (78).jpg,025
025/025 (79).jpg,025
025/025 (8).jpg,025
025/025 (80).jpg,025
025/025 (81).jpg,025
025/025 (82).jpg,025
025/025 (83).jpg,025
025/025 (84).jpg,025
025/025 (85).jpg,025
025/025 (86).jpg,025
025/025 (87).jpg,025
025/025 (88).jpg,025
025/025 (89).jpg,025
025/025 (9).jpg,025
025/025 (90).jpg,025
025/025 (91).jpg,025
025/025 (92).jpg,025
025/025 (93).jpg,025
025/025 (94).jpg,025
025/025 (95).jpg,025
025/025 (96).jpg,025
025/025 (97).jpg,025
025/025 (98).jpg,025
025/025 (99).jpg,025
026/026 (1).jpg,026
026/026 (10).jpg,026
026/026 (100).jpg,026
026/026 (101).jpg,026
026/026 (102).jpg,026
026/026 (103).jpg,026
026/026 (104).jpg,026
026/026 (105).jpg,026
026/026 (106).jpg,026
026/026 (107).jpg,026
026/026 (108).jpg,026
026/026 (109).jpg,026
026/026 (11).jpg,026
026/026 (110).jpg,026
026/026 (111).jpg,026
026/026 (112).jpg,026
026/026 (113).jpg,026
026/026 (114).jpg,026
026/026 (115).jpg,026
026/026 (116).jpg,026
026/026 (117).jpg,026
026/026 (118).jpg,026
026/026 (119).jpg,026
026/026 (12).jpg,026
026/026 (120).jpg,026
026/026 (121).jpg,026
026/026 (122).jpg,026
026/026 (123).jpg,026
026/026 (124).jpg,026
026/026 (125).jpg,026
026/026 (126).jpg,026
026/026 (127).jpg,026
026/026 (128).jpg,026
026/026 (129).jpg,026
026/026 (13).jpg,026
026/026 (130).jpg,026
026/026 (131).jpg,026
026/026 (132).jpg,026
026/026 (133).jpg,026
026/026 (134).jpg,026
026/026 (135).jpg,026
026/026 (136).jpg,026
026/026 (137).jpg,026
026/026 (138).jpg,026
026/026 (139).jpg,026
026/026 (14).jpg,026
026/026 (140).jpg,026
026/026 (141).jpg,026
026/026 (142).jpg,026
026/026 (143).jpg,026
026/026 (144).jpg,026
026/026 (145).jpg,026
026/026 (146).jpg,026
026/026 (147).jpg,026
026/026 (148).jpg,026
026/026 (149).jpg,026
026/026 (15).jpg,026
026/026 (150).jpg,026
026/026 (151).jpg,026
026/026 (152).jpg,026
026/026 (153).jpg,026
026/026 (154).jpg,026
026/026 (155).jpg,026
026/026 (156).jpg,026
026/026 (157).jpg,026
026/026 (158).jpg,026
026/026 (159).jpg,026
026/026 (16).jpg,026
026/026 (160).jpg,026
026/026 (17).jpg,026
026/026 (18).jpg,026
026/026 (19).jpg,026
026/026 (2).jpg,026
026/026 (20).jpg,026
026/026 (21).jpg,026
026/026 (22).jpg,026
026/026 (23).jpg,026
026/026 (24).jpg,026
026/026 (25).jpg,026
026/026 (26).jpg,026
026/026 (27).jpg,026
026/026 (28).jpg,026
026/026 (29).jpg,026
026/026 (3).jpg,026
026/026 (30).jpg,026
026/026 (31).jpg,026
026/026 (32).jpg,026
026/026 (33).jpg,026
026/026 (34).jpg,026
026/026 (35).jpg,026
026/026 (36).jpg,026
026/026 (37).jpg,026
026/026 (38).jpg,026
026/026 (39).jpg,026
026/026 (4).jpg,026
026/026 (40).jpg,026
026/026 (41).jpg,026
026/026 (42).jpg,026
026/026 (43).jpg,026
026/026 (44).jpg,026
026/026 (45).jpg,026
026/026 (46).jpg,026
026/026 (47).jpg,026
026/026 (48).jpg,026
026/026 (49).jpg,026
026/026 (5).jpg,026
026/026 (50).jpg,026
026/026 (51).jpg,026
026/026 (52).jpg,026
026/026 (53).jpg,026
026/026 (54).jpg,026
026/026 (55).jpg,026
026/026 (56).jpg,026
026/026 (57).jpg,026
026/026 (58).jpg,026
026/026 (59).jpg,026
026/026 (6).jpg,026
026/026 (60).jpg,026
026/026 (61).jpg,026
026/026 (62).jpg,026
026/026 (63).jpg,026
026/026 (64).jpg,026
026/026 (65).jpg,026
026/026 (66).jpg,026
026/026 (67).jpg,026
026/026 (68).jpg,026
026/026 (69).jpg,026
026/026 (7).jpg,026
026/026 (70).jpg,026
026/026 (71).jpg,026
026/026 (72).jpg,026
026/026 (73).jpg,026
026/026 (74).jpg,026
026/026 (75).jpg,026
026/026 (76).jpg,026
026/026 (77).jpg,026
026/026 (78).jpg,026
026/026 (79).jpg,026
026/026 (8).jpg,026
026/026 (80).jpg,026
026/026 (81).jpg,026
026/026 (82).jpg,026
026/026 (83).jpg,026
026/026 (84).jpg,026
026/026 (85).jpg,026
026/026 (86).jpg,026
026/026 (87).jpg,026
026/026 (88).jpg,026
026/026 (89).jpg,026
026/026 (9).jpg,026
026/026 (90).jpg,026
026/026 (91).jpg,026
026/026 (92).jpg,026
026/026 (93).jpg,026
026/026 (94).jpg,026
026/026 (95).jpg,026
026/026 (96).jpg,026
026/026 (97).jpg,026
026/026 (98).jpg,026
026/026 (99).jpg,026
027/027 (1).jpg,027
027/027 (10).jpg,027
027/027 (100).jpg,027
027/027 (101).jpg,027
027/027 (102).jpg,027
027/027 (103).jpg,027
027/027 (104).jpg,027
027/027 (105).jpg,027
027/027 (106).jpg,027
027/027 (107).jpg,027
027/027 (108).jpg,027
027/027 (109).jpg,027
027/027 (11).jpg,027
027/027 (110).jpg,027
027/027 (111).jpg,027
027/027 (112).jpg,027
027/027 (113).jpg,027
027/027 (114).jpg,027
027/027 (115).jpg,027
027/027 (116).jpg,027
027/027 (117).jpg,027
027/027 (118).jpg,027
027/027 (119).jpg,027
027/027 (12).jpg,027
027/027 (120).jpg,027
027/027 (121).jpg,027
027/027 (122).jpg,027
027/027 (123).jpg,027
027/027 (124).jpg,027
027/027 (125).jpg,027
027/027 (126).jpg,027
027/027 (127).jpg,027
027/027 (128).jpg,027
027/027 (129).jpg,027
027/027 (13).jpg,027
027/027 (130).jpg,027
027/027 (131).jpg,027
027/027 (132).jpg,027
027/027 (133).jpg,027
027/027 (134).jpg,027
027/027 (135).jpg,027
027/027 (136).jpg,027
027/027 (137).jpg,027
027/027 (138).jpg,027
027/027 (139).jpg,027
027/027 (14).jpg,027
027/027 (140).jpg,027
027/027 (141).jpg,027
027/027 (142).jpg,027
027/027 (143).jpg,027
027/027 (144).jpg,027
027/027 (145).jpg,027
027/027 (146).jpg,027
027/027 (147).jpg,027
027/027 (148).jpg,027
027/027 (149).jpg,027
027/027 (15).jpg,027
027/027 (150).jpg,027
027/027 (151).jpg,027
027/027 (152).jpg,027
027/027 (153).jpg,027
027/027 (154).jpg,027
027/027 (155).jpg,027
027/027 (156).jpg,027
027/027 (157).jpg,027
027/027 (158).jpg,027
027/027 (159).jpg,027
027/027 (16).jpg,027
027/027 (160).jpg,027
027/027 (161).jpg,027
027/027 (162).jpg,027
027/027 (163).jpg,027
027/027 (164).jpg,027
027/027 (165).jpg,027
027/027 (166).jpg,027
027/027 (167).jpg,027
027/027 (168).jpg,027
027/027 (169).jpg,027
027/027 (17).jpg,027
027/027 (170).jpg,027
027/027 (171).jpg,027
027/027 (172).jpg,027
027/027 (173).jpg,027
027/027 (174).jpg,027
027/027 (175).jpg,027
027/027 (176).jpg,027
027/027 (177).jpg,027
027/027 (178).jpg,027
027/027 (179).jpg,027
027/027 (18).jpg,027
027/027 (180).jpg,027
027/027 (181).jpg,027
027/027 (182).jpg,027
027/027 (183).jpg,027
027/027 (184).jpg,027
027/027 (185).jpg,027
027/027 (186).jpg,027
027/027 (187).jpg,027
027/027 (188).jpg,027
027/027 (189).jpg,027
027/027 (19).jpg,027
027/027 (190).jpg,027
027/027 (191).jpg,027
027/027 (192).jpg,027
027/027 (193).jpg,027
027/027 (194).jpg,027
027/027 (195).jpg,027
027/027 (196).jpg,027
027/027 (197).jpg,027
027/027 (198).jpg,027
027/027 (199).jpg,027
027/027 (2).jpg,027
027/027 (20).jpg,027
027/027 (200).jpg,027
027/027 (21).jpg,027
027/027 (22).jpg,027
027/027 (23).jpg,027
027/027 (24).jpg,027
027/027 (25).jpg,027
027/027 (26).jpg,027
027/027 (27).jpg,027
027/027 (28).jpg,027
027/027 (29).jpg,027
027/027 (3).jpg,027
027/027 (30).jpg,027
027/027 (31).jpg,027
027/027 (32).jpg,027
027/027 (33).jpg,027
027/027 (34).jpg,027
027/027 (35).jpg,027
027/027 (36).jpg,027
027/027 (37).jpg,027
027/027 (38).jpg,027
027/027 (39).jpg,027
027/027 (4).jpg,027
027/027 (40).jpg,027
027/027 (41).jpg,027
027/027 (42).jpg,027
027/027 (43).jpg,027
027/027 (44).jpg,027
027/027 (45).jpg,027
027/027 (46).jpg,027
027/027 (47).jpg,027
027/027 (48).jpg,027
027/027 (49).jpg,027
027/027 (5).jpg,027
027/027 (50).jpg,027
027/027 (51).jpg,027
027/027 (52).jpg,027
027/027 (53).jpg,027
027/027 (54).jpg,027
027/027 (55).jpg,027
027/027 (56).jpg,027
027/027 (57).jpg,027
027/027 (58).jpg,027
027/027 (59).jpg,027
027/027 (6).jpg,027
027/027 (60).jpg,027
027/027 (61).jpg,027
027/027 (62).jpg,027
027/027 (63).jpg,027
027/027 (64).jpg,027
027/027 (65).jpg,027
027/027 (66).jpg,027
027/027 (67).jpg,027
027/027 (68).jpg,027
027/027 (69).jpg,027
027/027 (7).jpg,027
027/027 (70).jpg,027
027/027 (71).jpg,027
027/027 (72).jpg,027
027/027 (73).jpg,027
027/027 (74).jpg,027
027/027 (75).jpg,027
027/027 (76).jpg,027
027/027 (77).jpg,027
027/027 (78).jpg,027
027/027 (79).jpg,027
027/027 (8).jpg,027
027/027 (80).jpg,027
027/027 (81).jpg,027
027/027 (82).jpg,027
027/027 (83).jpg,027
027/027 (84).jpg,027
027/027 (85).jpg,027
027/027 (86).jpg,027
027/027 (87).jpg,027
027/027 (88).jpg,027
027/027 (89).jpg,027
027/027 (9).jpg,027
027/027 (90).jpg,027
027/027 (91).jpg,027
027/027 (92).jpg,027
027/027 (93).jpg,027
027/027 (94).jpg,027
027/027 (95).jpg,027
027/027 (96).jpg,027
027/027 (97).jpg,027
027/027 (98).jpg,027
027/027 (99).jpg,027
028/028 (1).jpg,028
028/028 (10).jpg,028
028/028 (100).jpg,028
028/028 (101).jpg,028
028/028 (102).jpg,028
028/028 (103).jpg,028
028/028 (104).jpg,028
028/028 (105).jpg,028
028/028 (106).jpg,028
028/028 (107).jpg,028
028/028 (108).jpg,028
028/028 (109).jpg,028
028/028 (11).jpg,028
028/028 (110).jpg,028
028/028 (111).jpg,028
028/028 (112).jpg,028
028/028 (113).jpg,028
028/028 (114).jpg,028
028/028 (115).jpg,028
028/028 (116).jpg,028
028/028 (117).jpg,028
028/028 (118).jpg,028
028/028 (119).jpg,028
028/028 (12).jpg,028
028/028 (120).jpg,028
028/028 (121).jpg,028
028/028 (122).jpg,028
028/028 (123).jpg,028
028/028 (124).jpg,028
028/028 (125).jpg,028
028/028 (126).jpg,028
028/028 (127).jpg,028
028/028 (128).jpg,028
028/028 (129).jpg,028
028/028 (13).jpg,028
028/028 (130).jpg,028
028/028 (131).jpg,028
028/028 (132).jpg,028
028/028 (133).jpg,028
028/028 (134).jpg,028
028/028 (135).jpg,028
028/028 (136).jpg,028
028/028 (137).jpg,028
028/028 (138).jpg,028
028/028 (139).jpg,028
028/028 (14).jpg,028
028/028 (140).jpg,028
028/028 (141).jpg,028
028/028 (142).jpg,028
028/028 (143).jpg,028
028/028 (144).jpg,028
028/028 (145).jpg,028
028/028 (146).jpg,028
028/028 (147).jpg,028
028/028 (148).jpg,028
028/028 (149).jpg,028
028/028 (15).jpg,028
028/028 (150).jpg,028
028/028 (151).jpg,028
028/028 (152).jpg,028
028/028 (153).jpg,028
028/028 (154).jpg,028
028/028 (155).jpg,028
028/028 (156).jpg,028
028/028 (157).jpg,028
028/028 (158).jpg,028
028/028 (159).jpg,028
028/028 (16).jpg,028
028/028 (160).jpg,028
028/028 (161).jpg,028
028/028 (162).jpg,028
028/028 (163).jpg,028
028/028 (164).jpg,028
028/028 (165).jpg,028
028/028 (166).jpg,028
028/028 (167).jpg,028
028/028 (168).jpg,028
028/028 (169).jpg,028
028/028 (17).jpg,028
028/028 (170).jpg,028
028/028 (171).jpg,028
028/028 (172).jpg,028
028/028 (173).jpg,028
028/028 (174).jpg,028
028/028 (175).jpg,028
028/028 (176).jpg,028
028/028 (177).jpg,028
028/028 (178).jpg,028
028/028 (179).jpg,028
028/028 (18).jpg,028
028/028 (180).jpg,028
028/028 (181).jpg,028
028/028 (182).jpg,028
028/028 (183).jpg,028
028/028 (184).jpg,028
028/028 (185).jpg,028
028/028 (186).jpg,028
028/028 (187).jpg,028
028/028 (188).jpg,028
028/028 (189).jpg,028
028/028 (19).jpg,028
028/028 (190).jpg,028
028/028 (191).jpg,028
028/028 (192).jpg,028
028/028 (193).jpg,028
028/028 (194).jpg,028
028/028 (195).jpg,028
028/028 (196).jpg,028
028/028 (197).jpg,028
028/028 (198).jpg,028
028/028 (199).jpg,028
028/028 (2).jpg,028
028/028 (20).jpg,028
028/028 (200).jpg,028
028/028 (201).jpg,028
028/028 (21).jpg,028
028/028 (22).jpg,028
028/028 (23).jpg,028
028/028 (24).jpg,028
028/028 (25).jpg,028
028/028 (26).jpg,028
028/028 (27).jpg,028
028/028 (28).jpg,028
028/028 (29).jpg,028
028/028 (3).jpg,028
028/028 (30).jpg,028
028/028 (31).jpg,028
028/028 (32).jpg,028
028/028 (33).jpg,028
028/028 (34).jpg,028
028/028 (35).jpg,028
028/028 (36).jpg,028
028/028 (37).jpg,028
028/028 (38).jpg,028
028/028 (39).jpg,028
028/028 (4).jpg,028
028/028 (40).jpg,028
028/028 (41).jpg,028
028/028 (42).jpg,028
028/028 (43).jpg,028
028/028 (44).jpg,028
028/028 (45).jpg,028
028/028 (46).jpg,028
028/028 (47).jpg,028
028/028 (48).jpg,028
028/028 (49).jpg,028
028/028 (5).jpg,028
028/028 (50).jpg,028
028/028 (51).jpg,028
028/028 (52).jpg,028
028/028 (53).jpg,028
028/028 (54).jpg,028
028/028 (55).jpg,028
028/028 (56).jpg,028
028/028 (57).jpg,028
028/028 (58).jpg,028
028/028 (59).jpg,028
028/028 (6).jpg,028
028/028 (60).jpg,028
028/028 (61).jpg,028
028/028 (62).jpg,028
028/028 (63).jpg,028
028/028 (64).jpg,028
028/028 (65).jpg,028
028/028 (66).jpg,028
028/028 (67).jpg,028
028/028 (68).jpg,028
028/028 (69).jpg,028
028/028 (7).jpg,028
028/028 (70).jpg,028
028/028 (71).jpg,028
028/028 (72).jpg,028
028/028 (73).jpg,028
028/028 (74).jpg,028
028/028 (75).jpg,028
028/028 (76).jpg,028
028/028 (77).jpg,028
028/028 (78).jpg,028
028/028 (79).jpg,028
028/028 (8).jpg,028
028/028 (80).jpg,028
028/028 (81).jpg,028
028/028 (82).jpg,028
028/028 (83).jpg,028
028/028 (84).jpg,028
028/028 (85).jpg,028
028/028 (86).jpg,028
028/028 (87).jpg,028
028/028 (88).jpg,028
028/028 (89).jpg,028
028/028 (9).jpg,028
028/028 (90).jpg,028
028/028 (91).jpg,028
028/028 (92).jpg,028
028/028 (93).jpg,028
028/028 (94).jpg,028
028/028 (95).jpg,028
028/028 (96).jpg,028
028/028 (97).jpg,028
028/028 (98).jpg,028
028/028 (99).jpg,028
029/029 (1).jpg,029
029/029 (10).jpg,029
029/029 (100).jpg,029
029/029 (101).jpg,029
029/029 (102).jpg,029
029/029 (103).jpg,029
029/029 (104).jpg,029
029/029 (105).jpg,029
029/029 (106).jpg,029
029/029 (107).jpg,029
029/029 (108).jpg,029
029/029 (109).jpg,029
029/029 (11).jpg,029
029/029 (110).jpg,029
029/029 (111).jpg,029
029/029 (112).jpg,029
029/029 (113).jpg,029
029/029 (114).jpg,029
029/029 (115).jpg,029
029/029 (116).jpg,029
029/029 (117).jpg,029
029/029 (118).jpg,029
029/029 (119).jpg,029
029/029 (12).jpg,029
029/029 (120).jpg,029
029/029 (121).jpg,029
029/029 (122).jpg,029
029/029 (123).jpg,029
029/029 (124).jpg,029
029/029 (125).jpg,029
029/029 (126).jpg,029
029/029 (127).jpg,029
029/029 (128).jpg,029
029/029 (129).jpg,029
029/029 (13).jpg,029
029/029 (130).jpg,029
029/029 (131).jpg,029
029/029 (132).jpg,029
029/029 (133).jpg,029
029/029 (134).jpg,029
029/029 (135).jpg,029
029/029 (136).jpg,029
029/029 (137).jpg,029
029/029 (138).jpg,029
029/029 (139).jpg,029
029/029 (14).jpg,029
029/029 (140).jpg,029
029/029 (141).jpg,029
029/029 (142).jpg,029
029/029 (143).jpg,029
029/029 (144).jpg,029
029/029 (145).jpg,029
029/029 (146).jpg,029
029/029 (147).jpg,029
029/029 (148).jpg,029
029/029 (149).jpg,029
029/029 (15).jpg,029
029/029 (150).jpg,029
029/029 (151).jpg,029
029/029 (152).jpg,029
029/029 (153).jpg,029
029/029 (154).jpg,029
029/029 (155).jpg,029
029/029 (156).jpg,029
029/029 (157).jpg,029
029/029 (158).jpg,029
029/029 (159).jpg,029
029/029 (16).jpg,029
029/029 (160).jpg,029
029/029 (161).jpg,029
029/029 (162).jpg,029
029/029 (163).jpg,029
029/029 (164).jpg,029
029/029 (165).jpg,029
029/029 (166).jpg,029
029/029 (167).jpg,029
029/029 (168).jpg,029
029/029 (169).jpg,029
029/029 (17).jpg,029
029/029 (170).jpg,029
029/029 (171).jpg,029
029/029 (172).jpg,029
029/029 (173).jpg,029
029/029 (174).jpg,029
029/029 (175).jpg,029
029/029 (176).jpg,029
029/029 (177).jpg,029
029/029 (178).jpg,029
029/029 (179).jpg,029
029/029 (18).jpg,029
029/029 (180).jpg,029
029/029 (181).jpg,029
029/029 (182).jpg,029
029/029 (183).jpg,029
029/029 (184).jpg,029
029/029 (185).jpg,029
029/029 (186).jpg,029
029/029 (187).jpg,029
029/029 (188).jpg,029
029/029 (189).jpg,029
029/029 (19).jpg,029
029/029 (190).jpg,029
029/029 (191).jpg,029
029/029 (192).jpg,029
029/029 (193).jpg,029
029/029 (194).jpg,029
029/029 (195).jpg,029
029/029 (196).jpg,029
029/029 (197).jpg,029
029/029 (198).jpg,029
029/029 (199).jpg,029
029/029 (2).jpg,029
029/029 (20).jpg,029
029/029 (200).jpg,029
029/029 (21).jpg,029
029/029 (22).jpg,029
029/029 (23).jpg,029
029/029 (24).jpg,029
029/029 (25).jpg,029
029/029 (26).jpg,029
029/029 (27).jpg,029
029/029 (28).jpg,029
029/029 (29).jpg,029
029/029 (3).jpg,029
029/029 (30).jpg,029
029/029 (31).jpg,029
029/029 (32).jpg,029
029/029 (33).jpg,029
029/029 (34).jpg,029
029/029 (35).jpg,029
029/029 (36).jpg,029
029/029 (37).jpg,029
029/029 (38).jpg,029
029/029 (39).jpg,029
029/029 (4).jpg,029
029/029 (40).jpg,029
029/029 (41).jpg,029
029/029 (42).jpg,029
029/029 (43).jpg,029
029/029 (44).jpg,029
029/029 (45).jpg,029
029/029 (46).jpg,029
029/029 (47).jpg,029
029/029 (48).jpg,029
029/029 (49).jpg,029
029/029 (5).jpg,029
029/029 (50).jpg,029
029/029 (51).jpg,029
029/029 (52).jpg,029
029/029 (53).jpg,029
029/029 (54).jpg,029
029/029 (55).jpg,029
029/029 (56).jpg,029
029/029 (57).jpg,029
029/029 (58).jpg,029
029/029 (59).jpg,029
029/029 (6).jpg,029
029/029 (60).jpg,029
029/029 (61).jpg,029
029/029 (62).jpg,029
029/029 (63).jpg,029
029/029 (64).jpg,029
029/029 (65).jpg,029
029/029 (66).jpg,029
029/029 (67).jpg,029
029/029 (68).jpg,029
029/029 (69).jpg,029
029/029 (7).jpg,029
029/029 (70).jpg,029
029/029 (71).jpg,029
029/029 (72).jpg,029
029/029 (73).jpg,029
029/029 (74).jpg,029
029/029 (75).jpg,029
029/029 (76).jpg,029
029/029 (77).jpg,029
029/029 (78).jpg,029
029/029 (79).jpg,029
029/029 (8).jpg,029
029/029 (80).jpg,029
029/029 (81).jpg,029
029/029 (82).jpg,029
029/029 (83).jpg,029
029/029 (84).jpg,029
029/029 (85).jpg,029
029/029 (86).jpg,029
029/029 (87).jpg,029
029/029 (88).jpg,029
029/029 (89).jpg,029
029/029 (9).jpg,029
029/029 (90).jpg,029
029/029 (91).jpg,029
029/029 (92).jpg,029
029/029 (93).jpg,029
029/029 (94).jpg,029
029/029 (95).jpg,029
029/029 (96).jpg,029
029/029 (97).jpg,029
029/029 (98).jpg,029
029/029 (99).jpg,029
030/030 (1).jpg,030
030/030 (10).jpg,030
030/030 (100).jpg,030
030/030 (101).jpg,030
030/030 (102).jpg,030
030/030 (103).jpg,030
030/030 (104).jpg,030
030/030 (105).jpg,030
030/030 (106).jpg,030
030/030 (107).jpg,030
030/030 (108).jpg,030
030/030 (109).jpg,030
030/030 (11).jpg,030
030/030 (110).jpg,030
030/030 (111).jpg,030
030/030 (112).jpg,030
030/030 (113).jpg,030
030/030 (114).jpg,030
030/030 (115).jpg,030
030/030 (116).jpg,030
030/030 (117).jpg,030
030/030 (118).jpg,030
030/030 (119).jpg,030
030/030 (12).jpg,030
030/030 (120).jpg,030
030/030 (121).jpg,030
030/030 (122).jpg,030
030/030 (123).jpg,030
030/030 (124).jpg,030
030/030 (125).jpg,030
030/030 (126).jpg,030
030/030 (127).jpg,030
030/030 (128).jpg,030
030/030 (129).jpg,030
030/030 (13).jpg,030
030/030 (130).jpg,030
030/030 (131).jpg,030
030/030 (132).jpg,030
030/030 (133).jpg,030
030/030 (134).jpg,030
030/030 (135).jpg,030
030/030 (136).jpg,030
030/030 (137).jpg,030
030/030 (138).jpg,030
030/030 (139).jpg,030
030/030 (14).jpg,030
030/030 (140).jpg,030
030/030 (141).jpg,030
030/030 (142).jpg,030
030/030 (143).jpg,030
030/030 (144).jpg,030
030/030 (145).jpg,030
030/030 (146).jpg,030
030/030 (147).jpg,030
030/030 (148).jpg,030
030/030 (149).jpg,030
030/030 (15).jpg,030
030/030 (150).jpg,030
030/030 (151).jpg,030
030/030 (152).jpg,030
030/030 (153).jpg,030
030/030 (154).jpg,030
030/030 (155).jpg,030
030/030 (156).jpg,030
030/030 (157).jpg,030
030/030 (158).jpg,030
030/030 (159).jpg,030
030/030 (16).jpg,030
030/030 (160).jpg,030
030/030 (161).jpg,030
030/030 (162).jpg,030
030/030 (163).jpg,030
030/030 (164).jpg,030
030/030 (165).jpg,030
030/030 (166).jpg,030
030/030 (167).jpg,030
030/030 (168).jpg,030
030/030 (169).jpg,030
030/030 (17).jpg,030
030/030 (170).jpg,030
030/030 (171).jpg,030
030/030 (172).jpg,030
030/030 (173).jpg,030
030/030 (174).jpg,030
030/030 (175).jpg,030
030/030 (176).jpg,030
030/030 (177).jpg,030
030/030 (178).jpg,030
030/030 (179).jpg,030
030/030 (18).jpg,030
030/030 (180).jpg,030
030/030 (181).jpg,030
030/030 (182).jpg,030
030/030 (183).jpg,030
030/030 (184).jpg,030
030/030 (185).jpg,030
030/030 (186).jpg,030
030/030 (187).jpg,030
030/030 (188).jpg,030
030/030 (189).jpg,030
030/030 (19).jpg,030
030/030 (190).jpg,030
030/030 (191).jpg,030
030/030 (192).jpg,030
030/030 (193).jpg,030
030/030 (194).jpg,030
030/030 (195).jpg,030
030/030 (196).jpg,030
030/030 (197).jpg,030
030/030 (198).jpg,030
030/030 (199).jpg,030
030/030 (2).jpg,030
030/030 (20).jpg,030
030/030 (200).jpg,030
030/030 (201).jpg,030
030/030 (202).jpg,030
030/030 (203).jpg,030
030/030 (204).jpg,030
030/030 (21).jpg,030
030/030 (22).jpg,030
030/030 (23).jpg,030
030/030 (24).jpg,030
030/030 (25).jpg,030
030/030 (26).jpg,030
030/030 (27).jpg,030
030/030 (28).jpg,030
030/030 (29).jpg,030
030/030 (3).jpg,030
030/030 (30).jpg,030
030/030 (31).jpg,030
030/030 (32).jpg,030
030/030 (33).jpg,030
030/030 (34).jpg,030
030/030 (35).jpg,030
030/030 (36).jpg,030
030/030 (37).jpg,030
030/030 (38).jpg,030
030/030 (39).jpg,030
030/030 (4).jpg,030
030/030 (40).jpg,030
030/030 (41).jpg,030
030/030 (42).jpg,030
030/030 (43).jpg,030
030/030 (44).jpg,030
030/030 (45).jpg,030
030/030 (46).jpg,030
030/030 (47).jpg,030
030/030 (48).jpg,030
030/030 (49).jpg,030
030/030 (5).jpg,030
030/030 (50).jpg,030
030/030 (51).jpg,030
030/030 (52).jpg,030
030/030 (53).jpg,030
030/030 (54).jpg,030
030/030 (55).jpg,030
030/030 (56).jpg,030
030/030 (57).jpg,030
030/030 (58).jpg,030
030/030 (59).jpg,030
030/030 (6).jpg,030
030/030 (60).jpg,030
030/030 (61).jpg,030
030/030 (62).jpg,030
030/030 (63).jpg,030
030/030 (64).jpg,030
030/030 (65).jpg,030
030/030 (66).jpg,030
030/030 (67).jpg,030
030/030 (68).jpg,030
030/030 (69).jpg,030
030/030 (7).jpg,030
030/030 (70).jpg,030
030/030 (71).jpg,030
030/030 (72).jpg,030
030/030 (73).jpg,030
030/030 (74).jpg,030
030/030 (75).jpg,030
030/030 (76).jpg,030
030/030 (77).jpg,030
030/030 (78).jpg,030
030/030 (79).jpg,030
030/030 (8).jpg,030
030/030 (80).jpg,030
030/030 (81).jpg,030
030/030 (82).jpg,030
030/030 (83).jpg,030
030/030 (84).jpg,030
030/030 (85).jpg,030
030/030 (86).jpg,030
030/030 (87).jpg,030
030/030 (88).jpg,030
030/030 (89).jpg,030
030/030 (9).jpg,030
030/030 (90).jpg,030
030/030 (91).jpg,030
030/030 (92).jpg,030
030/030 (93).jpg,030
030/030 (94).jpg,030
030/030 (95).jpg,030
030/030 (96).jpg,030
030/030 (97).jpg,030
030/030 (98).jpg,030
030/030 (99).jpg,030
031/031 (1).jpg,031
031/031 (10).jpg,031
031/031 (100).jpg,031
031/031 (101).jpg,031
031/031 (102).jpg,031
031/031 (103).jpg,031
031/031 (104).jpg,031
031/031 (105).jpg,031
031/031 (106).jpg,031
031/031 (107).jpg,031
031/031 (108).jpg,031
031/031 (109).jpg,031
031/031 (11).jpg,031
031/031 (110).jpg,031
031/031 (111).jpg,031
031/031 (112).jpg,031
031/031 (113).jpg,031
031/031 (114).jpg,031
031/031 (115).jpg,031
031/031 (116).jpg,031
031/031 (117).jpg,031
031/031 (118).jpg,031
031/031 (119).jpg,031
031/031 (12).jpg,031
031/031 (120).jpg,031
031/031 (121).jpg,031
031/031 (122).jpg,031
031/031 (123).jpg,031
031/031 (124).jpg,031
031/031 (125).jpg,031
031/031 (126).jpg,031
031/031 (127).jpg,031
031/031 (128).jpg,031
031/031 (129).jpg,031
031/031 (13).jpg,031
031/031 (130).jpg,031
031/031 (131).jpg,031
031/031 (132).jpg,031
031/031 (133).jpg,031
031/031 (134).jpg,031
031/031 (135).jpg,031
031/031 (136).jpg,031
031/031 (137).jpg,031
031/031 (138).jpg,031
031/031 (139).jpg,031
031/031 (14).jpg,031
031/031 (140).jpg,031
031/031 (141).jpg,031
031/031 (142).jpg,031
031/031 (143).jpg,031
031/031 (144).jpg,031
031/031 (145).jpg,031
031/031 (146).jpg,031
031/031 (147).jpg,031
031/031 (148).jpg,031
031/031 (149).jpg,031
031/031 (15).jpg,031
031/031 (150).jpg,031
031/031 (151).jpg,031
031/031 (152).jpg,031
031/031 (153).jpg,031
031/031 (154).jpg,031
031/031 (155).jpg,031
031/031 (156).jpg,031
031/031 (157).jpg,031
031/031 (158).jpg,031
031/031 (159).jpg,031
031/031 (16).jpg,031
031/031 (160).jpg,031
031/031 (161).jpg,031
031/031 (162).jpg,031
031/031 (163).jpg,031
031/031 (164).jpg,031
031/031 (165).jpg,031
031/031 (166).jpg,031
031/031 (167).jpg,031
031/031 (168).jpg,031
031/031 (169).jpg,031
031/031 (17).jpg,031
031/031 (170).jpg,031
031/031 (171).jpg,031
031/031 (172).jpg,031
031/031 (173).jpg,031
031/031 (174).jpg,031
031/031 (175).jpg,031
031/031 (176).jpg,031
031/031 (177).jpg,031
031/031 (178).jpg,031
031/031 (179).jpg,031
031/031 (18).jpg,031
031/031 (180).jpg,031
031/031 (181).jpg,031
031/031 (182).jpg,031
031/031 (183).jpg,031
031/031 (184).jpg,031
031/031 (185).jpg,031
031/031 (186).jpg,031
031/031 (187).jpg,031
031/031 (188).jpg,031
031/031 (189).jpg,031
031/031 (19).jpg,031
031/031 (190).jpg,031
031/031 (191).jpg,031
031/031 (192).jpg,031
031/031 (193).jpg,031
031/031 (194).jpg,031
031/031 (195).jpg,031
031/031 (196).jpg,031
031/031 (197).jpg,031
031/031 (198).jpg,031
031/031 (199).jpg,031
031/031 (2).jpg,031
031/031 (20).jpg,031
031/031 (200).jpg,031
031/031 (21).jpg,031
031/031 (22).jpg,031
031/031 (23).jpg,031
031/031 (24).jpg,031
031/031 (25).jpg,031
031/031 (26).jpg,031
031/031 (27).jpg,031
031/031 (28).jpg,031
031/031 (29).jpg,031
031/031 (3).jpg,031
031/031 (30).jpg,031
031/031 (31).jpg,031
031/031 (32).jpg,031
031/031 (33).jpg,031
031/031 (34).jpg,031
031/031 (35).jpg,031
031/031 (36).jpg,031
031/031 (37).jpg,031
031/031 (38).jpg,031
031/031 (39).jpg,031
031/031 (4).jpg,031
031/031 (40).jpg,031
031/031 (41).jpg,031
031/031 (42).jpg,031
031/031 (43).jpg,031
031/031 (44).jpg,031
031/031 (45).jpg,031
031/031 (46).jpg,031
031/031 (47).jpg,031
031/031 (48).jpg,031
031/031 (49).jpg,031
031/031 (5).jpg,031
031/031 (50).jpg,031
031/031 (51).jpg,031
031/031 (52).jpg,031
031/031 (53).jpg,031
031/031 (54).jpg,031
031/031 (55).jpg,031
031/031 (56).jpg,031
031/031 (57).jpg,031
031/031 (58).jpg,031
031/031 (59).jpg,031
031/031 (6).jpg,031
031/031 (60).jpg,031
031/031 (61).jpg,031
031/031 (62).jpg,031
031/031 (63).jpg,031
031/031 (64).jpg,031
031/031 (65).jpg,031
031/031 (66).jpg,031
031/031 (67).jpg,031
031/031 (68).jpg,031
031/031 (69).jpg,031
031/031 (7).jpg,031
031/031 (70).jpg,031
031/031 (71).jpg,031
031/031 (72).jpg,031
031/031 (73).jpg,031
031/031 (74).jpg,031
031/031 (75).jpg,031
031/031 (76).jpg,031
031/031 (77).jpg,031
031/031 (78).jpg,031
031/031 (79).jpg,031
031/031 (8).jpg,031
031/031 (80).jpg,031
031/031 (81).jpg,031
031/031 (82).jpg,031
031/031 (83).jpg,031
031/031 (84).jpg,031
031/031 (85).jpg,031
031/031 (86).jpg,031
031/031 (87).jpg,031
031/031 (88).jpg,031
031/031 (89).jpg,031
031/031 (9).jpg,031
031/031 (90).jpg,031
031/031 (91).jpg,031
031/031 (92).jpg,031
031/031 (93).jpg,031
031/031 (94).jpg,031
031/031 (95).jpg,031
031/031 (96).jpg,031
031/031 (97).jpg,031
031/031 (98).jpg,031
031/031 (99).jpg,031
032/032 (1).jpg,032
032/032 (10).jpg,032
032/032 (100).jpg,032
032/032 (101).jpg,032
032/032 (102).jpg,032
032/032 (103).jpg,032
032/032 (104).jpg,032
032/032 (105).jpg,032
032/032 (106).jpg,032
032/032 (107).jpg,032
032/032 (108).jpg,032
032/032 (109).jpg,032
032/032 (11).jpg,032
032/032 (110).jpg,032
032/032 (111).jpg,032
032/032 (112).jpg,032
032/032 (113).jpg,032
032/032 (114).jpg,032
032/032 (115).jpg,032
032/032 (116).jpg,032
032/032 (117).jpg,032
032/032 (118).jpg,032
032/032 (119).jpg,032
032/032 (12).jpg,032
032/032 (120).jpg,032
032/032 (121).jpg,032
032/032 (122).jpg,032
032/032 (123).jpg,032
032/032 (124).jpg,032
032/032 (125).jpg,032
032/032 (126).jpg,032
032/032 (127).jpg,032
032/032 (128).jpg,032
032/032 (129).jpg,032
032/032 (13).jpg,032
032/032 (130).jpg,032
032/032 (131).jpg,032
032/032 (132).jpg,032
032/032 (133).jpg,032
032/032 (134).jpg,032
032/032 (135).jpg,032
032/032 (136).jpg,032
032/032 (137).jpg,032
032/032 (138).jpg,032
032/032 (139).jpg,032
032/032 (14).jpg,032
032/032 (140).jpg,032
032/032 (141).jpg,032
032/032 (142).jpg,032
032/032 (143).jpg,032
032/032 (144).jpg,032
032/032 (145).jpg,032
032/032 (146).jpg,032
032/032 (147).jpg,032
032/032 (148).jpg,032
032/032 (149).jpg,032
032/032 (15).jpg,032
032/032 (150).jpg,032
032/032 (151).jpg,032
032/032 (152).jpg,032
032/032 (153).jpg,032
032/032 (154).jpg,032
032/032 (155).jpg,032
032/032 (156).jpg,032
032/032 (157).jpg,032
032/032 (158).jpg,032
032/032 (159).jpg,032
032/032 (16).jpg,032
032/032 (160).jpg,032
032/032 (161).jpg,032
032/032 (162).jpg,032
032/032 (163).jpg,032
032/032 (164).jpg,032
032/032 (165).jpg,032
032/032 (166).jpg,032
032/032 (167).jpg,032
032/032 (168).jpg,032
032/032 (169).jpg,032
032/032 (17).jpg,032
032/032 (170).jpg,032
032/032 (171).jpg,032
032/032 (172).jpg,032
032/032 (173).jpg,032
032/032 (174).jpg,032
032/032 (175).jpg,032
032/032 (176).jpg,032
032/032 (177).jpg,032
032/032 (178).jpg,032
032/032 (179).jpg,032
032/032 (18).jpg,032
032/032 (180).jpg,032
032/032 (181).jpg,032
032/032 (182).jpg,032
032/032 (183).jpg,032
032/032 (184).jpg,032
032/032 (185).jpg,032
032/032 (186).jpg,032
032/032 (187).jpg,032
032/032 (188).jpg,032
032/032 (189).jpg,032
032/032 (19).jpg,032
032/032 (190).jpg,032
032/032 (191).jpg,032
032/032 (192).jpg,032
032/032 (193).jpg,032
032/032 (194).jpg,032
032/032 (195).jpg,032
032/032 (196).jpg,032
032/032 (197).jpg,032
032/032 (198).jpg,032
032/032 (199).jpg,032
032/032 (2).jpg,032
032/032 (20).jpg,032
032/032 (200).jpg,032
032/032 (201).jpg,032
032/032 (202).jpg,032
032/032 (203).jpg,032
032/032 (21).jpg,032
032/032 (22).jpg,032
032/032 (23).jpg,032
032/032 (24).jpg,032
032/032 (25).jpg,032
032/032 (26).jpg,032
032/032 (27).jpg,032
032/032 (28).jpg,032
032/032 (29).jpg,032
032/032 (3).jpg,032
032/032 (30).jpg,032
032/032 (31).jpg,032
032/032 (32).jpg,032
032/032 (33).jpg,032
032/032 (34).jpg,032
032/032 (35).jpg,032
032/032 (36).jpg,032
032/032 (37).jpg,032
032/032 (38).jpg,032
032/032 (39).jpg,032
032/032 (4).jpg,032
032/032 (40).jpg,032
032/032 (41).jpg,032
032/032 (42).jpg,032
032/032 (43).jpg,032
032/032 (44).jpg,032
032/032 (45).jpg,032
032/032 (46).jpg,032
032/032 (47).jpg,032
032/032 (48).jpg,032
032/032 (49).jpg,032
032/032 (5).jpg,032
032/032 (50).jpg,032
032/032 (51).jpg,032
032/032 (52).jpg,032
032/032 (53).jpg,032
032/032 (54).jpg,032
032/032 (55).jpg,032
032/032 (56).jpg,032
032/032 (57).jpg,032
032/032 (58).jpg,032
032/032 (59).jpg,032
032/032 (6).jpg,032
032/032 (60).jpg,032
032/032 (61).jpg,032
032/032 (62).jpg,032
032/032 (63).jpg,032
032/032 (64).jpg,032
032/032 (65).jpg,032
032/032 (66).jpg,032
032/032 (67).jpg,032
032/032 (68).jpg,032
032/032 (69).jpg,032
032/032 (7).jpg,032
032/032 (70).jpg,032
032/032 (71).jpg,032
032/032 (72).jpg,032
032/032 (73).jpg,032
032/032 (74).jpg,032
032/032 (75).jpg,032
032/032 (76).jpg,032
032/032 (77).jpg,032
032/032 (78).jpg,032
032/032 (79).jpg,032
032/032 (8).jpg,032
032/032 (80).jpg,032
032/032 (81).jpg,032
032/032 (82).jpg,032
032/032 (83).jpg,032
032/032 (84).jpg,032
032/032 (85).jpg,032
032/032 (86).jpg,032
032/032 (87).jpg,032
032/032 (88).jpg,032
032/032 (89).jpg,032
032/032 (9).jpg,032
032/032 (90).jpg,032
032/032 (91).jpg,032
032/032 (92).jpg,032
032/032 (93).jpg,032
032/032 (94).jpg,032
032/032 (95).jpg,032
032/032 (96).jpg,032
032/032 (97).jpg,032
032/032 (98).jpg,032
032/032 (99).jpg,032
033/033 (1).jpg,033
033/033 (10).jpg,033
033/033 (100).jpg,033
033/033 (101).jpg,033
033/033 (102).jpg,033
033/033 (103).jpg,033
033/033 (104).jpg,033
033/033 (105).jpg,033
033/033 (106).jpg,033
033/033 (107).jpg,033
033/033 (108).jpg,033
033/033 (109).jpg,033
033/033 (11).jpg,033
033/033 (110).jpg,033
033/033 (111).jpg,033
033/033 (112).jpg,033
033/033 (113).jpg,033
033/033 (114).jpg,033
033/033 (115).jpg,033
033/033 (116).jpg,033
033/033 (117).jpg,033
033/033 (118).jpg,033
033/033 (119).jpg,033
033/033 (12).jpg,033
033/033 (120).jpg,033
033/033 (121).jpg,033
033/033 (122).jpg,033
033/033 (123).jpg,033
033/033 (124).jpg,033
033/033 (125).jpg,033
033/033 (126).jpg,033
033/033 (127).jpg,033
033/033 (128).jpg,033
033/033 (129).jpg,033
033/033 (13).jpg,033
033/033 (130).jpg,033
033/033 (131).jpg,033
033/033 (132).jpg,033
033/033 (133).jpg,033
033/033 (134).jpg,033
033/033 (135).jpg,033
033/033 (136).jpg,033
033/033 (137).jpg,033
033/033 (138).jpg,033
033/033 (139).jpg,033
033/033 (14).jpg,033
033/033 (140).jpg,033
033/033 (141).jpg,033
033/033 (142).jpg,033
033/033 (143).jpg,033
033/033 (144).jpg,033
033/033 (145).jpg,033
033/033 (146).jpg,033
033/033 (147).jpg,033
033/033 (148).jpg,033
033/033 (149).jpg,033
033/033 (15).jpg,033
033/033 (150).jpg,033
033/033 (151).jpg,033
033/033 (152).jpg,033
033/033 (153).jpg,033
033/033 (154).jpg,033
033/033 (155).jpg,033
033/033 (156).jpg,033
033/033 (157).jpg,033
033/033 (158).jpg,033
033/033 (159).jpg,033
033/033 (16).jpg,033
033/033 (160).jpg,033
033/033 (161).jpg,033
033/033 (162).jpg,033
033/033 (163).jpg,033
033/033 (164).jpg,033
033/033 (165).jpg,033
033/033 (166).jpg,033
033/033 (167).jpg,033
033/033 (168).jpg,033
033/033 (169).jpg,033
033/033 (17).jpg,033
033/033 (170).jpg,033
033/033 (171).jpg,033
033/033 (172).jpg,033
033/033 (173).jpg,033
033/033 (174).jpg,033
033/033 (175).jpg,033
033/033 (176).jpg,033
033/033 (177).jpg,033
033/033 (178).jpg,033
033/033 (179).jpg,033
033/033 (18).jpg,033
033/033 (180).jpg,033
033/033 (181).jpg,033
033/033 (182).jpg,033
033/033 (183).jpg,033
033/033 (184).jpg,033
033/033 (185).jpg,033
033/033 (186).jpg,033
033/033 (187).jpg,033
033/033 (188).jpg,033
033/033 (189).jpg,033
033/033 (19).jpg,033
033/033 (190).jpg,033
033/033 (191).jpg,033
033/033 (192).jpg,033
033/033 (193).jpg,033
033/033 (194).jpg,033
033/033 (195).jpg,033
033/033 (196).jpg,033
033/033 (197).jpg,033
033/033 (198).jpg,033
033/033 (199).jpg,033
033/033 (2).jpg,033
033/033 (20).jpg,033
033/033 (200).jpg,033
033/033 (201).jpg,033
033/033 (202).jpg,033
033/033 (21).jpg,033
033/033 (22).jpg,033
033/033 (23).jpg,033
033/033 (24).jpg,033
033/033 (25).jpg,033
033/033 (26).jpg,033
033/033 (27).jpg,033
033/033 (28).jpg,033
033/033 (29).jpg,033
033/033 (3).jpg,033
033/033 (30).jpg,033
033/033 (31).jpg,033
033/033 (32).jpg,033
033/033 (33).jpg,033
033/033 (34).jpg,033
033/033 (35).jpg,033
033/033 (36).jpg,033
033/033 (37).jpg,033
033/033 (38).jpg,033
033/033 (39).jpg,033
033/033 (4).jpg,033
033/033 (40).jpg,033
033/033 (41).jpg,033
033/033 (42).jpg,033
033/033 (43).jpg,033
033/033 (44).jpg,033
033/033 (45).jpg,033
033/033 (46).jpg,033
033/033 (47).jpg,033
033/033 (48).jpg,033
033/033 (49).jpg,033
033/033 (5).jpg,033
033/033 (50).jpg,033
033/033 (51).jpg,033
033/033 (52).jpg,033
033/033 (53).jpg,033
033/033 (54).jpg,033
033/033 (55).jpg,033
033/033 (56).jpg,033
033/033 (57).jpg,033
033/033 (58).jpg,033
033/033 (59).jpg,033
033/033 (6).jpg,033
033/033 (60).jpg,033
033/033 (61).jpg,033
033/033 (62).jpg,033
033/033 (63).jpg,033
033/033 (64).jpg,033
033/033 (65).jpg,033
033/033 (66).jpg,033
033/033 (67).jpg,033
033/033 (68).jpg,033
033/033 (69).jpg,033
033/033 (7).jpg,033
033/033 (70).jpg,033
033/033 (71).jpg,033
033/033 (72).jpg,033
033/033 (73).jpg,033
033/033 (74).jpg,033
033/033 (75).jpg,033
033/033 (76).jpg,033
033/033 (77).jpg,033
033/033 (78).jpg,033
033/033 (79).jpg,033
033/033 (8).jpg,033
033/033 (80).jpg,033
033/033 (81).jpg,033
033/033 (82).jpg,033
033/033 (83).jpg,033
033/033 (84).jpg,033
033/033 (85).jpg,033
033/033 (86).jpg,033
033/033 (87).jpg,033
033/033 (88).jpg,033
033/033 (89).jpg,033
033/033 (9).jpg,033
033/033 (90).jpg,033
033/033 (91).jpg,033
033/033 (92).jpg,033
033/033 (93).jpg,033
033/033 (94).jpg,033
033/033 (95).jpg,033
033/033 (96).jpg,033
033/033 (97).jpg,033
033/033 (98).jpg,033
033/033 (99).jpg,033
034/034 (1).jpg,034
034/034 (10).jpg,034
034/034 (100).jpg,034
034/034 (101).jpg,034
034/034 (102).jpg,034
034/034 (103).jpg,034
034/034 (104).jpg,034
034/034 (105).jpg,034
034/034 (106).jpg,034
034/034 (107).jpg,034
034/034 (108).jpg,034
034/034 (109).jpg,034
034/034 (11).jpg,034
034/034 (110).jpg,034
034/034 (111).jpg,034
034/034 (112).jpg,034
034/034 (113).jpg,034
034/034 (114).jpg,034
034/034 (115).jpg,034
034/034 (116).jpg,034
034/034 (117).jpg,034
034/034 (118).jpg,034
034/034 (119).jpg,034
034/034 (12).jpg,034
034/034 (120).jpg,034
034/034 (121).jpg,034
034/034 (122).jpg,034
034/034 (123).jpg,034
034/034 (124).jpg,034
034/034 (125).jpg,034
034/034 (126).jpg,034
034/034 (127).jpg,034
034/034 (128).jpg,034
034/034 (129).jpg,034
034/034 (13).jpg,034
034/034 (130).jpg,034
034/034 (131).jpg,034
034/034 (132).jpg,034
034/034 (133).jpg,034
034/034 (134).jpg,034
034/034 (135).jpg,034
034/034 (136).jpg,034
034/034 (137).jpg,034
034/034 (138).jpg,034
034/034 (139).jpg,034
034/034 (14).jpg,034
034/034 (140).jpg,034
034/034 (141).jpg,034
034/034 (142).jpg,034
034/034 (143).jpg,034
034/034 (144).jpg,034
034/034 (145).jpg,034
034/034 (146).jpg,034
034/034 (147).jpg,034
034/034 (148).jpg,034
034/034 (149).jpg,034
034/034 (15).jpg,034
034/034 (150).jpg,034
034/034 (151).jpg,034
034/034 (152).jpg,034
034/034 (153).jpg,034
034/034 (154).jpg,034
034/034 (155).jpg,034
034/034 (156).jpg,034
034/034 (157).jpg,034
034/034 (158).jpg,034
034/034 (159).jpg,034
034/034 (16).jpg,034
034/034 (160).jpg,034
034/034 (161).jpg,034
034/034 (162).jpg,034
034/034 (163).jpg,034
034/034 (164).jpg,034
034/034 (165).jpg,034
034/034 (166).jpg,034
034/034 (167).jpg,034
034/034 (168).jpg,034
034/034 (169).jpg,034
034/034 (17).jpg,034
034/034 (170).jpg,034
034/034 (171).jpg,034
034/034 (172).jpg,034
034/034 (173).jpg,034
034/034 (174).jpg,034
034/034 (175).jpg,034
034/034 (176).jpg,034
034/034 (177).jpg,034
034/034 (178).jpg,034
034/034 (179).jpg,034
034/034 (18).jpg,034
034/034 (180).jpg,034
034/034 (181).jpg,034
034/034 (182).jpg,034
034/034 (183).jpg,034
034/034 (184).jpg,034
034/034 (185).jpg,034
034/034 (186).jpg,034
034/034 (187).jpg,034
034/034 (188).jpg,034
034/034 (189).jpg,034
034/034 (19).jpg,034
034/034 (190).jpg,034
034/034 (191).jpg,034
034/034 (192).jpg,034
034/034 (193).jpg,034
034/034 (194).jpg,034
034/034 (195).jpg,034
034/034 (196).jpg,034
034/034 (197).jpg,034
034/034 (198).jpg,034
034/034 (199).jpg,034
034/034 (2).jpg,034
034/034 (20).jpg,034
034/034 (200).jpg,034
034/034 (201).jpg,034
034/034 (202).jpg,034
034/034 (203).jpg,034
034/034 (204).jpg,034
034/034 (21).jpg,034
034/034 (22).jpg,034
034/034 (23).jpg,034
034/034 (24).jpg,034
034/034 (25).jpg,034
034/034 (26).jpg,034
034/034 (27).jpg,034
034/034 (28).jpg,034
034/034 (29).jpg,034
034/034 (3).jpg,034
034/034 (30).jpg,034
034/034 (31).jpg,034
034/034 (32).jpg,034
034/034 (33).jpg,034
034/034 (34).jpg,034
034/034 (35).jpg,034
034/034 (36).jpg,034
034/034 (37).jpg,034
034/034 (38).jpg,034
034/034 (39).jpg,034
034/034 (4).jpg,034
034/034 (40).jpg,034
034/034 (41).jpg,034
034/034 (42).jpg,034
034/034 (43).jpg,034
034/034 (44).jpg,034
034/034 (45).jpg,034
034/034 (46).jpg,034
034/034 (47).jpg,034
034/034 (48).jpg,034
034/034 (49).jpg,034
034/034 (5).jpg,034
034/034 (50).jpg,034
034/034 (51).jpg,034
034/034 (52).jpg,034
034/034 (53).jpg,034
034/034 (54).jpg,034
034/034 (55).jpg,034
034/034 (56).jpg,034
034/034 (57).jpg,034
034/034 (58).jpg,034
034/034 (59).jpg,034
034/034 (6).jpg,034
034/034 (60).jpg,034
034/034 (61).jpg,034
034/034 (62).jpg,034
034/034 (63).jpg,034
034/034 (64).jpg,034
034/034 (65).jpg,034
034/034 (66).jpg,034
034/034 (67).jpg,034
034/034 (68).jpg,034
034/034 (69).jpg,034
034/034 (7).jpg,034
034/034 (70).jpg,034
034/034 (71).jpg,034
034/034 (72).jpg,034
034/034 (73).jpg,034
034/034 (74).jpg,034
034/034 (75).jpg,034
034/034 (76).jpg,034
034/034 (77).jpg,034
034/034 (78).jpg,034
034/034 (79).jpg,034
034/034 (8).jpg,034
034/034 (80).jpg,034
034/034 (81).jpg,034
034/034 (82).jpg,034
034/034 (83).jpg,034
034/034 (84).jpg,034
034/034 (85).jpg,034
034/034 (86).jpg,034
034/034 (87).jpg,034
034/034 (88).jpg,034
034/034 (89).jpg,034
034/034 (9).jpg,034
034/034 (90).jpg,034
034/034 (91).jpg,034
034/034 (92).jpg,034
034/034 (93).jpg,034
034/034 (94).jpg,034
034/034 (95).jpg,034
034/034 (96).jpg,034
034/034 (97).jpg,034
034/034 (98).jpg,034
034/034 (99).jpg,034
035/035 (1).jpg,035
035/035 (10).jpg,035
035/035 (100).jpg,035
035/035 (101).jpg,035
035/035 (102).jpg,035
035/035 (103).jpg,035
035/035 (104).jpg,035
035/035 (105).jpg,035
035/035 (106).jpg,035
035/035 (107).jpg,035
035/035 (108).jpg,035
035/035 (109).jpg,035
035/035 (11).jpg,035
035/035 (110).jpg,035
035/035 (111).jpg,035
035/035 (112).jpg,035
035/035 (113).jpg,035
035/035 (114).jpg,035
035/035 (115).jpg,035
035/035 (116).jpg,035
035/035 (117).jpg,035
035/035 (118).jpg,035
035/035 (119).jpg,035
035/035 (12).jpg,035
035/035 (120).jpg,035
035/035 (121).jpg,035
035/035 (122).jpg,035
035/035 (123).jpg,035
035/035 (124).jpg,035
035/035 (125).jpg,035
035/035 (126).jpg,035
035/035 (127).jpg,035
035/035 (128).jpg,035
035/035 (129).jpg,035
035/035 (13).jpg,035
035/035 (130).jpg,035
035/035 (131).jpg,035
035/035 (132).jpg,035
035/035 (133).jpg,035
035/035 (134).jpg,035
035/035 (135).jpg,035
035/035 (136).jpg,035
035/035 (137).jpg,035
035/035 (138).jpg,035
035/035 (139).jpg,035
035/035 (14).jpg,035
035/035 (140).jpg,035
035/035 (141).jpg,035
035/035 (142).jpg,035
035/035 (143).jpg,035
035/035 (144).jpg,035
035/035 (145).jpg,035
035/035 (146).jpg,035
035/035 (147).jpg,035
035/035 (148).jpg,035
035/035 (149).jpg,035
035/035 (15).jpg,035
035/035 (150).jpg,035
035/035 (151).jpg,035
035/035 (152).jpg,035
035/035 (153).jpg,035
035/035 (154).jpg,035
035/035 (155).jpg,035
035/035 (156).jpg,035
035/035 (157).jpg,035
035/035 (158).jpg,035
035/035 (159).jpg,035
035/035 (16).jpg,035
035/035 (160).jpg,035
035/035 (161).jpg,035
035/035 (162).jpg,035
035/035 (163).jpg,035
035/035 (164).jpg,035
035/035 (165).jpg,035
035/035 (166).jpg,035
035/035 (167).jpg,035
035/035 (168).jpg,035
035/035 (169).jpg,035
035/035 (17).jpg,035
035/035 (170).jpg,035
035/035 (171).jpg,035
035/035 (172).jpg,035
035/035 (173).jpg,035
035/035 (174).jpg,035
035/035 (175).jpg,035
035/035 (176).jpg,035
035/035 (177).jpg,035
035/035 (178).jpg,035
035/035 (179).jpg,035
035/035 (18).jpg,035
035/035 (180).jpg,035
035/035 (181).jpg,035
035/035 (182).jpg,035
035/035 (183).jpg,035
035/035 (184).jpg,035
035/035 (185).jpg,035
035/035 (186).jpg,035
035/035 (187).jpg,035
035/035 (188).jpg,035
035/035 (189).jpg,035
035/035 (19).jpg,035
035/035 (190).jpg,035
035/035 (191).jpg,035
035/035 (192).jpg,035
035/035 (193).jpg,035
035/035 (194).jpg,035
035/035 (195).jpg,035
035/035 (196).jpg,035
035/035 (197).jpg,035
035/035 (198).jpg,035
035/035 (199).jpg,035
035/035 (2).jpg,035
035/035 (20).jpg,035
035/035 (200).jpg,035
035/035 (201).jpg,035
035/035 (21).jpg,035
035/035 (22).jpg,035
035/035 (23).jpg,035
035/035 (24).jpg,035
035/035 (25).jpg,035
035/035 (26).jpg,035
035/035 (27).jpg,035
035/035 (28).jpg,035
035/035 (29).jpg,035
035/035 (3).jpg,035
035/035 (30).jpg,035
035/035 (31).jpg,035
035/035 (32).jpg,035
035/035 (33).jpg,035
035/035 (34).jpg,035
035/035 (35).jpg,035
035/035 (36).jpg,035
035/035 (37).jpg,035
035/035 (38).jpg,035
035/035 (39).jpg,035
035/035 (4).jpg,035
035/035 (40).jpg,035
035/035 (41).jpg,035
035/035 (42).jpg,035
035/035 (43).jpg,035
035/035 (44).jpg,035
035/035 (45).jpg,035
035/035 (46).jpg,035
035/035 (47).jpg,035
035/035 (48).jpg,035
035/035 (49).jpg,035
035/035 (5).jpg,035
035/035 (50).jpg,035
035/035 (51).jpg,035
035/035 (52).jpg,035
035/035 (53).jpg,035
035/035 (54).jpg,035
035/035 (55).jpg,035
035/035 (56).jpg,035
035/035 (57).jpg,035
035/035 (58).jpg,035
035/035 (59).jpg,035
035/035 (6).jpg,035
035/035 (60).jpg,035
035/035 (61).jpg,035
035/035 (62).jpg,035
035/035 (63).jpg,035
035/035 (64).jpg,035
035/035 (65).jpg,035
035/035 (66).jpg,035
035/035 (67).jpg,035
035/035 (68).jpg,035
035/035 (69).jpg,035
035/035 (7).jpg,035
035/035 (70).jpg,035
035/035 (71).jpg,035
035/035 (72).jpg,035
035/035 (73).jpg,035
035/035 (74).jpg,035
035/035 (75).jpg,035
035/035 (76).jpg,035
035/035 (77).jpg,035
035/035 (78).jpg,035
035/035 (79).jpg,035
035/035 (8).jpg,035
035/035 (80).jpg,035
035/035 (81).jpg,035
035/035 (82).jpg,035
035/035 (83).jpg,035
035/035 (84).jpg,035
035/035 (85).jpg,035
035/035 (86).jpg,035
035/035 (87).jpg,035
035/035 (88).jpg,035
035/035 (89).jpg,035
035/035 (9).jpg,035
035/035 (90).jpg,035
035/035 (91).jpg,035
035/035 (92).jpg,035
035/035 (93).jpg,035
035/035 (94).jpg,035
035/035 (95).jpg,035
035/035 (96).jpg,035
035/035 (97).jpg,035
035/035 (98).jpg,035
035/035 (99).jpg,035
036/036 (1).jpg,036
036/036 (10).jpg,036
036/036 (100).jpg,036
036/036 (101).jpg,036
036/036 (102).jpg,036
036/036 (103).jpg,036
036/036 (104).jpg,036
036/036 (105).jpg,036
036/036 (106).jpg,036
036/036 (107).jpg,036
036/036 (108).jpg,036
036/036 (109).jpg,036
036/036 (11).jpg,036
036/036 (110).jpg,036
036/036 (111).jpg,036
036/036 (112).jpg,036
036/036 (113).jpg,036
036/036 (114).jpg,036
036/036 (115).jpg,036
036/036 (116).jpg,036
036/036 (117).jpg,036
036/036 (118).jpg,036
036/036 (119).jpg,036
036/036 (12).jpg,036
036/036 (120).jpg,036
036/036 (121).jpg,036
036/036 (122).jpg,036
036/036 (123).jpg,036
036/036 (124).jpg,036
036/036 (125).jpg,036
036/036 (126).jpg,036
036/036 (127).jpg,036
036/036 (128).jpg,036
036/036 (129).jpg,036
036/036 (13).jpg,036
036/036 (130).jpg,036
036/036 (131).jpg,036
036/036 (132).jpg,036
036/036 (133).jpg,036
036/036 (134).jpg,036
036/036 (135).jpg,036
036/036 (136).jpg,036
036/036 (137).jpg,036
036/036 (138).jpg,036
036/036 (139).jpg,036
036/036 (14).jpg,036
036/036 (140).jpg,036
036/036 (141).jpg,036
036/036 (142).jpg,036
036/036 (143).jpg,036
036/036 (144).jpg,036
036/036 (145).jpg,036
036/036 (146).jpg,036
036/036 (147).jpg,036
036/036 (148).jpg,036
036/036 (149).jpg,036
036/036 (15).jpg,036
036/036 (150).jpg,036
036/036 (151).jpg,036
036/036 (152).jpg,036
036/036 (153).jpg,036
036/036 (154).jpg,036
036/036 (155).jpg,036
036/036 (156).jpg,036
036/036 (157).jpg,036
036/036 (158).jpg,036
036/036 (159).jpg,036
036/036 (16).jpg,036
036/036 (160).jpg,036
036/036 (17).jpg,036
036/036 (18).jpg,036
036/036 (19).jpg,036
036/036 (2).jpg,036
036/036 (20).jpg,036
036/036 (21).jpg,036
036/036 (22).jpg,036
036/036 (23).jpg,036
036/036 (24).jpg,036
036/036 (25).jpg,036
036/036 (26).jpg,036
036/036 (27).jpg,036
036/036 (28).jpg,036
036/036 (29).jpg,036
036/036 (3).jpg,036
036/036 (30).jpg,036
036/036 (31).jpg,036
036/036 (32).jpg,036
036/036 (33).jpg,036
036/036 (34).jpg,036
036/036 (35).jpg,036
036/036 (36).jpg,036
036/036 (37).jpg,036
036/036 (38).jpg,036
036/036 (39).jpg,036
036/036 (4).jpg,036
036/036 (40).jpg,036
036/036 (41).jpg,036
036/036 (42).jpg,036
036/036 (43).jpg,036
036/036 (44).jpg,036
036/036 (45).jpg,036
036/036 (46).jpg,036
036/036 (47).jpg,036
036/036 (48).jpg,036
036/036 (49).jpg,036
036/036 (5).jpg,036
036/036 (50).jpg,036
036/036 (51).jpg,036
036/036 (52).jpg,036
036/036 (53).jpg,036
036/036 (54).jpg,036
036/036 (55).jpg,036
036/036 (56).jpg,036
036/036 (57).jpg,036
036/036 (58).jpg,036
036/036 (59).jpg,036
036/036 (6).jpg,036
036/036 (60).jpg,036
036/036 (61).jpg,036
036/036 (62).jpg,036
036/036 (63).jpg,036
036/036 (64).jpg,036
036/036 (65).jpg,036
036/036 (66).jpg,036
036/036 (67).jpg,036
036/036 (68).jpg,036
036/036 (69).jpg,036
036/036 (7).jpg,036
036/036 (70).jpg,036
036/036 (71).jpg,036
036/036 (72).jpg,036
036/036 (73).jpg,036
036/036 (74).jpg,036
036/036 (75).jpg,036
036/036 (76).jpg,036
036/036 (77).jpg,036
036/036 (78).jpg,036
036/036 (79).jpg,036
036/036 (8).jpg,036
036/036 (80).jpg,036
036/036 (81).jpg,036
036/036 (82).jpg,036
036/036 (83).jpg,036
036/036 (84).jpg,036
036/036 (85).jpg,036
036/036 (86).jpg,036
036/036 (87).jpg,036
036/036 (88).jpg,036
036/036 (89).jpg,036
036/036 (9).jpg,036
036/036 (90).jpg,036
036/036 (91).jpg,036
036/036 (92).jpg,036
036/036 (93).jpg,036
036/036 (94).jpg,036
036/036 (95).jpg,036
036/036 (96).jpg,036
036/036 (97).jpg,036
036/036 (98).jpg,036
036/036 (99).jpg,036
037/037 (1).jpg,037
037/037 (10).jpg,037
037/037 (100).jpg,037
037/037 (101).jpg,037
037/037 (102).jpg,037
037/037 (103).jpg,037
037/037 (104).jpg,037
037/037 (105).jpg,037
037/037 (106).jpg,037
037/037 (107).jpg,037
037/037 (108).jpg,037
037/037 (109).jpg,037
037/037 (11).jpg,037
037/037 (110).jpg,037
037/037 (111).jpg,037
037/037 (112).jpg,037
037/037 (113).jpg,037
037/037 (114).jpg,037
037/037 (115).jpg,037
037/037 (116).jpg,037
037/037 (117).jpg,037
037/037 (118).jpg,037
037/037 (119).jpg,037
037/037 (12).jpg,037
037/037 (120).jpg,037
037/037 (121).jpg,037
037/037 (122).jpg,037
037/037 (123).jpg,037
037/037 (124).jpg,037
037/037 (125).jpg,037
037/037 (126).jpg,037
037/037 (127).jpg,037
037/037 (128).jpg,037
037/037 (129).jpg,037
037/037 (13).jpg,037
037/037 (130).jpg,037
037/037 (131).jpg,037
037/037 (132).jpg,037
037/037 (133).jpg,037
037/037 (134).jpg,037
037/037 (135).jpg,037
037/037 (136).jpg,037
037/037 (137).jpg,037
037/037 (138).jpg,037
037/037 (139).jpg,037
037/037 (14).jpg,037
037/037 (140).jpg,037
037/037 (141).jpg,037
037/037 (142).jpg,037
037/037 (143).jpg,037
037/037 (144).jpg,037
037/037 (145).jpg,037
037/037 (146).jpg,037
037/037 (147).jpg,037
037/037 (148).jpg,037
037/037 (149).jpg,037
037/037 (15).jpg,037
037/037 (150).jpg,037
037/037 (151).jpg,037
037/037 (152).jpg,037
037/037 (153).jpg,037
037/037 (154).jpg,037
037/037 (155).jpg,037
037/037 (156).jpg,037
037/037 (157).jpg,037
037/037 (158).jpg,037
037/037 (159).jpg,037
037/037 (16).jpg,037
037/037 (160).jpg,037
037/037 (161).jpg,037
037/037 (162).jpg,037
037/037 (163).jpg,037
037/037 (164).jpg,037
037/037 (165).jpg,037
037/037 (166).jpg,037
037/037 (167).jpg,037
037/037 (168).jpg,037
037/037 (169).jpg,037
037/037 (17).jpg,037
037/037 (170).jpg,037
037/037 (171).jpg,037
037/037 (172).jpg,037
037/037 (173).jpg,037
037/037 (174).jpg,037
037/037 (175).jpg,037
037/037 (176).jpg,037
037/037 (177).jpg,037
037/037 (178).jpg,037
037/037 (179).jpg,037
037/037 (18).jpg,037
037/037 (180).jpg,037
037/037 (181).jpg,037
037/037 (182).jpg,037
037/037 (183).jpg,037
037/037 (184).jpg,037
037/037 (185).jpg,037
037/037 (186).jpg,037
037/037 (187).jpg,037
037/037 (188).jpg,037
037/037 (189).jpg,037
037/037 (19).jpg,037
037/037 (190).jpg,037
037/037 (191).jpg,037
037/037 (192).jpg,037
037/037 (193).jpg,037
037/037 (194).jpg,037
037/037 (195).jpg,037
037/037 (196).jpg,037
037/037 (197).jpg,037
037/037 (198).jpg,037
037/037 (199).jpg,037
037/037 (2).jpg,037
037/037 (20).jpg,037
037/037 (200).jpg,037
037/037 (21).jpg,037
037/037 (22).jpg,037
037/037 (23).jpg,037
037/037 (24).jpg,037
037/037 (25).jpg,037
037/037 (26).jpg,037
037/037 (27).jpg,037
037/037 (28).jpg,037
037/037 (29).jpg,037
037/037 (3).jpg,037
037/037 (30).jpg,037
037/037 (31).jpg,037
037/037 (32).jpg,037
037/037 (33).jpg,037
037/037 (34).jpg,037
037/037 (35).jpg,037
037/037 (36).jpg,037
037/037 (37).jpg,037
037/037 (38).jpg,037
037/037 (39).jpg,037
037/037 (4).jpg,037
037/037 (40).jpg,037
037/037 (41).jpg,037
037/037 (42).jpg,037
037/037 (43).jpg,037
037/037 (44).jpg,037
037/037 (45).jpg,037
037/037 (46).jpg,037
037/037 (47).jpg,037
037/037 (48).jpg,037
037/037 (49).jpg,037
037/037 (5).jpg,037
037/037 (50).jpg,037
037/037 (51).jpg,037
037/037 (52).jpg,037
037/037 (53).jpg,037
037/037 (54).jpg,037
037/037 (55).jpg,037
037/037 (56).jpg,037
037/037 (57).jpg,037
037/037 (58).jpg,037
037/037 (59).jpg,037
037/037 (6).jpg,037
037/037 (60).jpg,037
037/037 (61).jpg,037
037/037 (62).jpg,037
037/037 (63).jpg,037
037/037 (64).jpg,037
037/037 (65).jpg,037
037/037 (66).jpg,037
037/037 (67).jpg,037
037/037 (68).jpg,037
037/037 (69).jpg,037
037/037 (7).jpg,037
037/037 (70).jpg,037
037/037 (71).jpg,037
037/037 (72).jpg,037
037/037 (73).jpg,037
037/037 (74).jpg,037
037/037 (75).jpg,037
037/037 (76).jpg,037
037/037 (77).jpg,037
037/037 (78).jpg,037
037/037 (79).jpg,037
037/037 (8).jpg,037
037/037 (80).jpg,037
037/037 (81).jpg,037
037/037 (82).jpg,037
037/037 (83).jpg,037
037/037 (84).jpg,037
037/037 (85).jpg,037
037/037 (86).jpg,037
037/037 (87).jpg,037
037/037 (88).jpg,037
037/037 (89).jpg,037
037/037 (9).jpg,037
037/037 (90).jpg,037
037/037 (91).jpg,037
037/037 (92).jpg,037
037/037 (93).jpg,037
037/037 (94).jpg,037
037/037 (95).jpg,037
037/037 (96).jpg,037
037/037 (97).jpg,037
037/037 (98).jpg,037
037/037 (99).jpg,037
038/038 (1).jpg,038
038/038 (10).jpg,038
038/038 (100).jpg,038
038/038 (101).jpg,038
038/038 (102).jpg,038
038/038 (103).jpg,038
038/038 (104).jpg,038
038/038 (105).jpg,038
038/038 (106).jpg,038
038/038 (107).jpg,038
038/038 (108).jpg,038
038/038 (109).jpg,038
038/038 (11).jpg,038
038/038 (110).jpg,038
038/038 (111).jpg,038
038/038 (112).jpg,038
038/038 (113).jpg,038
038/038 (114).jpg,038
038/038 (115).jpg,038
038/038 (116).jpg,038
038/038 (117).jpg,038
038/038 (118).jpg,038
038/038 (119).jpg,038
038/038 (12).jpg,038
038/038 (120).jpg,038
038/038 (121).jpg,038
038/038 (122).jpg,038
038/038 (123).jpg,038
038/038 (124).jpg,038
038/038 (125).jpg,038
038/038 (126).jpg,038
038/038 (127).jpg,038
038/038 (128).jpg,038
038/038 (129).jpg,038
038/038 (13).jpg,038
038/038 (130).jpg,038
038/038 (131).jpg,038
038/038 (132).jpg,038
038/038 (133).jpg,038
038/038 (134).jpg,038
038/038 (135).jpg,038
038/038 (136).jpg,038
038/038 (137).jpg,038
038/038 (138).jpg,038
038/038 (139).jpg,038
038/038 (14).jpg,038
038/038 (140).jpg,038
038/038 (141).jpg,038
038/038 (142).jpg,038
038/038 (143).jpg,038
038/038 (144).jpg,038
038/038 (145).jpg,038
038/038 (146).jpg,038
038/038 (147).jpg,038
038/038 (148).jpg,038
038/038 (149).jpg,038
038/038 (15).jpg,038
038/038 (150).jpg,038
038/038 (151).jpg,038
038/038 (152).jpg,038
038/038 (153).jpg,038
038/038 (154).jpg,038
038/038 (155).jpg,038
038/038 (156).jpg,038
038/038 (157).jpg,038
038/038 (158).jpg,038
038/038 (159).jpg,038
038/038 (16).jpg,038
038/038 (160).jpg,038
038/038 (161).jpg,038
038/038 (162).jpg,038
038/038 (163).jpg,038
038/038 (164).jpg,038
038/038 (165).jpg,038
038/038 (166).jpg,038
038/038 (167).jpg,038
038/038 (168).jpg,038
038/038 (169).jpg,038
038/038 (17).jpg,038
038/038 (170).jpg,038
038/038 (171).jpg,038
038/038 (172).jpg,038
038/038 (173).jpg,038
038/038 (174).jpg,038
038/038 (175).jpg,038
038/038 (176).jpg,038
038/038 (177).jpg,038
038/038 (178).jpg,038
038/038 (179).jpg,038
038/038 (18).jpg,038
038/038 (180).jpg,038
038/038 (181).jpg,038
038/038 (182).jpg,038
038/038 (183).jpg,038
038/038 (184).jpg,038
038/038 (185).jpg,038
038/038 (186).jpg,038
038/038 (187).jpg,038
038/038 (188).jpg,038
038/038 (189).jpg,038
038/038 (19).jpg,038
038/038 (190).jpg,038
038/038 (191).jpg,038
038/038 (192).jpg,038
038/038 (193).jpg,038
038/038 (194).jpg,038
038/038 (195).jpg,038
038/038 (196).jpg,038
038/038 (197).jpg,038
038/038 (198).jpg,038
038/038 (199).jpg,038
038/038 (2).jpg,038
038/038 (20).jpg,038
038/038 (200).jpg,038
038/038 (201).jpg,038
038/038 (21).jpg,038
038/038 (22).jpg,038
038/038 (23).jpg,038
038/038 (24).jpg,038
038/038 (25).jpg,038
038/038 (26).jpg,038
038/038 (27).jpg,038
038/038 (28).jpg,038
038/038 (29).jpg,038
038/038 (3).jpg,038
038/038 (30).jpg,038
038/038 (31).jpg,038
038/038 (32).jpg,038
038/038 (33).jpg,038
038/038 (34).jpg,038
038/038 (35).jpg,038
038/038 (36).jpg,038
038/038 (37).jpg,038
038/038 (38).jpg,038
038/038 (39).jpg,038
038/038 (4).jpg,038
038/038 (40).jpg,038
038/038 (41).jpg,038
038/038 (42).jpg,038
038/038 (43).jpg,038
038/038 (44).jpg,038
038/038 (45).jpg,038
038/038 (46).jpg,038
038/038 (47).jpg,038
038/038 (48).jpg,038
038/038 (49).jpg,038
038/038 (5).jpg,038
038/038 (50).jpg,038
038/038 (51).jpg,038
038/038 (52).jpg,038
038/038 (53).jpg,038
038/038 (54).jpg,038
038/038 (55).jpg,038
038/038 (56).jpg,038
038/038 (57).jpg,038
038/038 (58).jpg,038
038/038 (59).jpg,038
038/038 (6).jpg,038
038/038 (60).jpg,038
038/038 (61).jpg,038
038/038 (62).jpg,038
038/038 (63).jpg,038
038/038 (64).jpg,038
038/038 (65).jpg,038
038/038 (66).jpg,038
038/038 (67).jpg,038
038/038 (68).jpg,038
038/038 (69).jpg,038
038/038 (7).jpg,038
038/038 (70).jpg,038
038/038 (71).jpg,038
038/038 (72).jpg,038
038/038 (73).jpg,038
038/038 (74).jpg,038
038/038 (75).jpg,038
038/038 (76).jpg,038
038/038 (77).jpg,038
038/038 (78).jpg,038
038/038 (79).jpg,038
038/038 (8).jpg,038
038/038 (80).jpg,038
038/038 (81).jpg,038
038/038 (82).jpg,038
038/038 (83).jpg,038
038/038 (84).jpg,038
038/038 (85).jpg,038
038/038 (86).jpg,038
038/038 (87).jpg,038
038/038 (88).jpg,038
038/038 (89).jpg,038
038/038 (9).jpg,038
038/038 (90).jpg,038
038/038 (91).jpg,038
038/038 (92).jpg,038
038/038 (93).jpg,038
038/038 (94).jpg,038
038/038 (95).jpg,038
038/038 (96).jpg,038
038/038 (97).jpg,038
038/038 (98).jpg,038
038/038 (99).jpg,038
039/039 (1).jpg,039
039/039 (10).jpg,039
039/039 (100).jpg,039
039/039 (101).jpg,039
039/039 (102).jpg,039
039/039 (103).jpg,039
039/039 (104).jpg,039
039/039 (105).jpg,039
039/039 (106).jpg,039
039/039 (107).jpg,039
039/039 (108).jpg,039
039/039 (109).jpg,039
039/039 (11).jpg,039
039/039 (110).jpg,039
039/039 (111).jpg,039
039/039 (112).jpg,039
039/039 (113).jpg,039
039/039 (114).jpg,039
039/039 (115).jpg,039
039/039 (116).jpg,039
039/039 (117).jpg,039
039/039 (118).jpg,039
039/039 (119).jpg,039
039/039 (12).jpg,039
039/039 (120).jpg,039
039/039 (121).jpg,039
039/039 (122).jpg,039
039/039 (123).jpg,039
039/039 (124).jpg,039
039/039 (125).jpg,039
039/039 (126).jpg,039
039/039 (127).jpg,039
039/039 (128).jpg,039
039/039 (129).jpg,039
039/039 (13).jpg,039
039/039 (130).jpg,039
039/039 (131).jpg,039
039/039 (132).jpg,039
039/039 (133).jpg,039
039/039 (134).jpg,039
039/039 (135).jpg,039
039/039 (136).jpg,039
039/039 (137).jpg,039
039/039 (138).jpg,039
039/039 (139).jpg,039
039/039 (14).jpg,039
039/039 (140).jpg,039
039/039 (141).jpg,039
039/039 (142).jpg,039
039/039 (143).jpg,039
039/039 (144).jpg,039
039/039 (145).jpg,039
039/039 (146).jpg,039
039/039 (147).jpg,039
039/039 (148).jpg,039
039/039 (149).jpg,039
039/039 (15).jpg,039
039/039 (150).jpg,039
039/039 (151).jpg,039
039/039 (152).jpg,039
039/039 (153).jpg,039
039/039 (154).jpg,039
039/039 (155).jpg,039
039/039 (156).jpg,039
039/039 (157).jpg,039
039/039 (158).jpg,039
039/039 (159).jpg,039
039/039 (16).jpg,039
039/039 (160).jpg,039
039/039 (161).jpg,039
039/039 (162).jpg,039
039/039 (163).jpg,039
039/039 (164).jpg,039
039/039 (165).jpg,039
039/039 (166).jpg,039
039/039 (167).jpg,039
039/039 (168).jpg,039
039/039 (17).jpg,039
039/039 (18).jpg,039
039/039 (19).jpg,039
039/039 (2).jpg,039
039/039 (20).jpg,039
039/039 (21).jpg,039
039/039 (22).jpg,039
039/039 (23).jpg,039
039/039 (24).jpg,039
039/039 (25).jpg,039
039/039 (26).jpg,039
039/039 (27).jpg,039
039/039 (28).jpg,039
039/039 (29).jpg,039
039/039 (3).jpg,039
039/039 (30).jpg,039
039/039 (31).jpg,039
039/039 (32).jpg,039
039/039 (33).jpg,039
039/039 (34).jpg,039
039/039 (35).jpg,039
039/039 (36).jpg,039
039/039 (37).jpg,039
039/039 (38).jpg,039
039/039 (39).jpg,039
039/039 (4).jpg,039
039/039 (40).jpg,039
039/039 (41).jpg,039
039/039 (42).jpg,039
039/039 (43).jpg,039
039/039 (44).jpg,039
039/039 (45).jpg,039
039/039 (46).jpg,039
039/039 (47).jpg,039
039/039 (48).jpg,039
039/039 (49).jpg,039
039/039 (5).jpg,039
039/039 (50).jpg,039
039/039 (51).jpg,039
039/039 (52).jpg,039
039/039 (53).jpg,039
039/039 (54).jpg,039
039/039 (55).jpg,039
039/039 (56).jpg,039
039/039 (57).jpg,039
039/039 (58).jpg,039
039/039 (59).jpg,039
039/039 (6).jpg,039
039/039 (60).jpg,039
039/039 (61).jpg,039
039/039 (62).jpg,039
039/039 (63).jpg,039
039/039 (64).jpg,039
039/039 (65).jpg,039
039/039 (66).jpg,039
039/039 (67).jpg,039
039/039 (68).jpg,039
039/039 (69).jpg,039
039/039 (7).jpg,039
039/039 (70).jpg,039
039/039 (71).jpg,039
039/039 (72).jpg,039
039/039 (73).jpg,039
039/039 (74).jpg,039
039/039 (75).jpg,039
039/039 (76).jpg,039
039/039 (77).jpg,039
039/039 (78).jpg,039
039/039 (79).jpg,039
039/039 (8).jpg,039
039/039 (80).jpg,039
039/039 (81).jpg,039
039/039 (82).jpg,039
039/039 (83).jpg,039
039/039 (84).jpg,039
039/039 (85).jpg,039
039/039 (86).jpg,039
039/039 (87).jpg,039
039/039 (88).jpg,039
039/039 (89).jpg,039
039/039 (9).jpg,039
039/039 (90).jpg,039
039/039 (91).jpg,039
039/039 (92).jpg,039
039/039 (93).jpg,039
039/039 (94).jpg,039
039/039 (95).jpg,039
039/039 (96).jpg,039
039/039 (97).jpg,039
039/039 (98).jpg,039
039/039 (99).jpg,039
040/040 (1).jpg,040
040/040 (10).jpg,040
040/040 (100).jpg,040
040/040 (101).jpg,040
040/040 (102).jpg,040
040/040 (103).jpg,040
040/040 (104).jpg,040
040/040 (105).jpg,040
040/040 (106).jpg,040
040/040 (107).jpg,040
040/040 (108).jpg,040
040/040 (109).jpg,040
040/040 (11).jpg,040
040/040 (110).jpg,040
040/040 (111).jpg,040
040/040 (112).jpg,040
040/040 (113).jpg,040
040/040 (114).jpg,040
040/040 (115).jpg,040
040/040 (116).jpg,040
040/040 (117).jpg,040
040/040 (118).jpg,040
040/040 (119).jpg,040
040/040 (12).jpg,040
040/040 (120).jpg,040
040/040 (121).jpg,040
040/040 (122).jpg,040
040/040 (123).jpg,040
040/040 (124).jpg,040
040/040 (125).jpg,040
040/040 (126).jpg,040
040/040 (127).jpg,040
040/040 (128).jpg,040
040/040 (129).jpg,040
040/040 (13).jpg,040
040/040 (130).jpg,040
040/040 (131).jpg,040
040/040 (132).jpg,040
040/040 (133).jpg,040
040/040 (134).jpg,040
040/040 (135).jpg,040
040/040 (136).jpg,040
040/040 (137).jpg,040
040/040 (138).jpg,040
040/040 (139).jpg,040
040/040 (14).jpg,040
040/040 (140).jpg,040
040/040 (141).jpg,040
040/040 (142).jpg,040
040/040 (143).jpg,040
040/040 (144).jpg,040
040/040 (145).jpg,040
040/040 (146).jpg,040
040/040 (147).jpg,040
040/040 (148).jpg,040
040/040 (149).jpg,040
040/040 (15).jpg,040
040/040 (150).jpg,040
040/040 (151).jpg,040
040/040 (152).jpg,040
040/040 (153).jpg,040
040/040 (154).jpg,040
040/040 (155).jpg,040
040/040 (156).jpg,040
040/040 (157).jpg,040
040/040 (158).jpg,040
040/040 (159).jpg,040
040/040 (16).jpg,040
040/040 (160).jpg,040
040/040 (161).jpg,040
040/040 (162).jpg,040
040/040 (163).jpg,040
040/040 (164).jpg,040
040/040 (165).jpg,040
040/040 (166).jpg,040
040/040 (167).jpg,040
040/040 (168).jpg,040
040/040 (169).jpg,040
040/040 (17).jpg,040
040/040 (18).jpg,040
040/040 (19).jpg,040
040/040 (2).jpg,040
040/040 (20).jpg,040
040/040 (21).jpg,040
040/040 (22).jpg,040
040/040 (23).jpg,040
040/040 (24).jpg,040
040/040 (25).jpg,040
040/040 (26).jpg,040
040/040 (27).jpg,040
040/040 (28).jpg,040
040/040 (29).jpg,040
040/040 (3).jpg,040
040/040 (30).jpg,040
040/040 (31).jpg,040
040/040 (32).jpg,040
040/040 (33).jpg,040
040/040 (34).jpg,040
040/040 (35).jpg,040
040/040 (36).jpg,040
040/040 (37).jpg,040
040/040 (38).jpg,040
040/040 (39).jpg,040
040/040 (4).jpg,040
040/040 (40).jpg,040
040/040 (41).jpg,040
040/040 (42).jpg,040
040/040 (43).jpg,040
040/040 (44).jpg,040
040/040 (45).jpg,040
040/040 (46).jpg,040
040/040 (47).jpg,040
040/040 (48).jpg,040
040/040 (49).jpg,040
040/040 (5).jpg,040
040/040 (50).jpg,040
040/040 (51).jpg,040
040/040 (52).jpg,040
040/040 (53).jpg,040
040/040 (54).jpg,040
040/040 (55).jpg,040
040/040 (56).jpg,040
040/040 (57).jpg,040
040/040 (58).jpg,040
040/040 (59).jpg,040
040/040 (6).jpg,040
040/040 (60).jpg,040
040/040 (61).jpg,040
040/040 (62).jpg,040
040/040 (63).jpg,040
040/040 (64).jpg,040
040/040 (65).jpg,040
040/040 (66).jpg,040
040/040 (67).jpg,040
040/040 (68).jpg,040
040/040 (69).jpg,040
040/040 (7).jpg,040
040/040 (70).jpg,040
040/040 (71).jpg,040
040/040 (72).jpg,040
040/040 (73).jpg,040
040/040 (74).jpg,040
040/040 (75).jpg,040
040/040 (76).jpg,040
040/040 (77).jpg,040
040/040 (78).jpg,040
040/040 (79).jpg,040
040/040 (8).jpg,040
040/040 (80).jpg,040
040/040 (81).jpg,040
040/040 (82).jpg,040
040/040 (83).jpg,040
040/040 (84).jpg,040
040/040 (85).jpg,040
040/040 (86).jpg,040
040/040 (87).jpg,040
040/040 (88).jpg,040
040/040 (89).jpg,040
040/040 (9).jpg,040
040/040 (90).jpg,040
040/040 (91).jpg,040
040/040 (92).jpg,040
040/040 (93).jpg,040
040/040 (94).jpg,040
040/040 (95).jpg,040
040/040 (96).jpg,040
040/040 (97).jpg,040
040/040 (98).jpg,040
040/040 (99).jpg,040
041/041 (1).jpg,041
041/041 (10).jpg,041
041/041 (100).jpg,041
041/041 (101).jpg,041
041/041 (102).jpg,041
041/041 (103).jpg,041
041/041 (104).jpg,041
041/041 (105).jpg,041
041/041 (106).jpg,041
041/041 (107).jpg,041
041/041 (108).jpg,041
041/041 (109).jpg,041
041/041 (11).jpg,041
041/041 (110).jpg,041
041/041 (111).jpg,041
041/041 (112).jpg,041
041/041 (113).jpg,041
041/041 (114).jpg,041
041/041 (115).jpg,041
041/041 (116).jpg,041
041/041 (117).jpg,041
041/041 (118).jpg,041
041/041 (119).jpg,041
041/041 (12).jpg,041
041/041 (120).jpg,041
041/041 (121).jpg,041
041/041 (122).jpg,041
041/041 (123).jpg,041
041/041 (124).jpg,041
041/041 (125).jpg,041
041/041 (126).jpg,041
041/041 (127).jpg,041
041/041 (128).jpg,041
041/041 (129).jpg,041
041/041 (13).jpg,041
041/041 (130).jpg,041
041/041 (131).jpg,041
041/041 (132).jpg,041
041/041 (133).jpg,041
041/041 (134).jpg,041
041/041 (135).jpg,041
041/041 (136).jpg,041
041/041 (137).jpg,041
041/041 (138).jpg,041
041/041 (139).jpg,041
041/041 (14).jpg,041
041/041 (140).jpg,041
041/041 (141).jpg,041
041/041 (142).jpg,041
041/041 (143).jpg,041
041/041 (144).jpg,041
041/041 (145).jpg,041
041/041 (146).jpg,041
041/041 (147).jpg,041
041/041 (148).jpg,041
041/041 (149).jpg,041
041/041 (15).jpg,041
041/041 (150).jpg,041
041/041 (151).jpg,041
041/041 (152).jpg,041
041/041 (153).jpg,041
041/041 (154).jpg,041
041/041 (155).jpg,041
041/041 (156).jpg,041
041/041 (157).jpg,041
041/041 (158).jpg,041
041/041 (159).jpg,041
041/041 (16).jpg,041
041/041 (160).jpg,041
041/041 (161).jpg,041
041/041 (162).jpg,041
041/041 (17).jpg,041
041/041 (18).jpg,041
041/041 (19).jpg,041
041/041 (2).jpg,041
041/041 (20).jpg,041
041/041 (21).jpg,041
041/041 (22).jpg,041
041/041 (23).jpg,041
041/041 (24).jpg,041
041/041 (25).jpg,041
041/041 (26).jpg,041
041/041 (27).jpg,041
041/041 (28).jpg,041
041/041 (29).jpg,041
041/041 (3).jpg,041
041/041 (30).jpg,041
041/041 (31).jpg,041
041/041 (32).jpg,041
041/041 (33).jpg,041
041/041 (34).jpg,041
041/041 (35).jpg,041
041/041 (36).jpg,041
041/041 (37).jpg,041
041/041 (38).jpg,041
041/041 (39).jpg,041
041/041 (4).jpg,041
041/041 (40).jpg,041
041/041 (41).jpg,041
041/041 (42).jpg,041
041/041 (43).jpg,041
041/041 (44).jpg,041
041/041 (45).jpg,041
041/041 (46).jpg,041
041/041 (47).jpg,041
041/041 (48).jpg,041
041/041 (49).jpg,041
041/041 (5).jpg,041
041/041 (50).jpg,041
041/041 (51).jpg,041
041/041 (52).jpg,041
041/041 (53).jpg,041
041/041 (54).jpg,041
041/041 (55).jpg,041
041/041 (56).jpg,041
041/041 (57).jpg,041
041/041 (58).jpg,041
041/041 (59).jpg,041
041/041 (6).jpg,041
041/041 (60).jpg,041
041/041 (61).jpg,041
041/041 (62).jpg,041
041/041 (63).jpg,041
041/041 (64).jpg,041
041/041 (65).jpg,041
041/041 (66).jpg,041
041/041 (67).jpg,041
041/041 (68).jpg,041
041/041 (69).jpg,041
041/041 (7).jpg,041
041/041 (70).jpg,041
041/041 (71).jpg,041
041/041 (72).jpg,041
041/041 (73).jpg,041
041/041 (74).jpg,041
041/041 (75).jpg,041
041/041 (76).jpg,041
041/041 (77).jpg,041
041/041 (78).jpg,041
041/041 (79).jpg,041
041/041 (8).jpg,041
041/041 (80).jpg,041
041/041 (81).jpg,041
041/041 (82).jpg,041
041/041 (83).jpg,041
041/041 (84).jpg,041
041/041 (85).jpg,041
041/041 (86).jpg,041
041/041 (87).jpg,041
041/041 (88).jpg,041
041/041 (89).jpg,041
041/041 (9).jpg,041
041/041 (90).jpg,041
041/041 (91).jpg,041
041/041 (92).jpg,041
041/041 (93).jpg,041
041/041 (94).jpg,041
041/041 (95).jpg,041
041/041 (96).jpg,041
041/041 (97).jpg,041
041/041 (98).jpg,041
041/041 (99).jpg,041
042/042 (1).jpg,042
042/042 (10).jpg,042
042/042 (100).jpg,042
042/042 (101).jpg,042
042/042 (102).jpg,042
042/042 (103).jpg,042
042/042 (104).jpg,042
042/042 (105).jpg,042
042/042 (106).jpg,042
042/042 (107).jpg,042
042/042 (108).jpg,042
042/042 (109).jpg,042
042/042 (11).jpg,042
042/042 (110).jpg,042
042/042 (111).jpg,042
042/042 (112).jpg,042
042/042 (113).jpg,042
042/042 (114).jpg,042
042/042 (115).jpg,042
042/042 (116).jpg,042
042/042 (117).jpg,042
042/042 (118).jpg,042
042/042 (119).jpg,042
042/042 (12).jpg,042
042/042 (120).jpg,042
042/042 (121).jpg,042
042/042 (122).jpg,042
042/042 (123).jpg,042
042/042 (124).jpg,042
042/042 (125).jpg,042
042/042 (126).jpg,042
042/042 (127).jpg,042
042/042 (128).jpg,042
042/042 (129).jpg,042
042/042 (13).jpg,042
042/042 (130).jpg,042
042/042 (131).jpg,042
042/042 (132).jpg,042
042/042 (133).jpg,042
042/042 (134).jpg,042
042/042 (135).jpg,042
042/042 (136).jpg,042
042/042 (137).jpg,042
042/042 (138).jpg,042
042/042 (139).jpg,042
042/042 (14).jpg,042
042/042 (140).jpg,042
042/042 (141).jpg,042
042/042 (142).jpg,042
042/042 (143).jpg,042
042/042 (144).jpg,042
042/042 (145).jpg,042
042/042 (146).jpg,042
042/042 (147).jpg,042
042/042 (148).jpg,042
042/042 (149).jpg,042
042/042 (15).jpg,042
042/042 (150).jpg,042
042/042 (151).jpg,042
042/042 (152).jpg,042
042/042 (153).jpg,042
042/042 (154).jpg,042
042/042 (155).jpg,042
042/042 (156).jpg,042
042/042 (157).jpg,042
042/042 (158).jpg,042
042/042 (159).jpg,042
042/042 (16).jpg,042
042/042 (160).jpg,042
042/042 (161).jpg,042
042/042 (162).jpg,042
042/042 (163).jpg,042
042/042 (164).jpg,042
042/042 (165).jpg,042
042/042 (166).jpg,042
042/042 (167).jpg,042
042/042 (168).jpg,042
042/042 (17).jpg,042
042/042 (18).jpg,042
042/042 (19).jpg,042
042/042 (2).jpg,042
042/042 (20).jpg,042
042/042 (21).jpg,042
042/042 (22).jpg,042
042/042 (23).jpg,042
042/042 (24).jpg,042
042/042 (25).jpg,042
042/042 (26).jpg,042
042/042 (27).jpg,042
042/042 (28).jpg,042
042/042 (29).jpg,042
042/042 (3).jpg,042
042/042 (30).jpg,042
042/042 (31).jpg,042
042/042 (32).jpg,042
042/042 (33).jpg,042
042/042 (34).jpg,042
042/042 (35).jpg,042
042/042 (36).jpg,042
042/042 (37).jpg,042
042/042 (38).jpg,042
042/042 (39).jpg,042
042/042 (4).jpg,042
042/042 (40).jpg,042
042/042 (41).jpg,042
042/042 (42).jpg,042
042/042 (43).jpg,042
042/042 (44).jpg,042
042/042 (45).jpg,042
042/042 (46).jpg,042
042/042 (47).jpg,042
042/042 (48).jpg,042
042/042 (49).jpg,042
042/042 (5).jpg,042
042/042 (50).jpg,042
042/042 (51).jpg,042
042/042 (52).jpg,042
042/042 (53).jpg,042
042/042 (54).jpg,042
042/042 (55).jpg,042
042/042 (56).jpg,042
042/042 (57).jpg,042
042/042 (58).jpg,042
042/042 (59).jpg,042
042/042 (6).jpg,042
042/042 (60).jpg,042
042/042 (61).jpg,042
042/042 (62).jpg,042
042/042 (63).jpg,042
042/042 (64).jpg,042
042/042 (65).jpg,042
042/042 (66).jpg,042
042/042 (67).jpg,042
042/042 (68).jpg,042
042/042 (69).jpg,042
042/042 (7).jpg,042
042/042 (70).jpg,042
042/042 (71).jpg,042
042/042 (72).jpg,042
042/042 (73).jpg,042
042/042 (74).jpg,042
042/042 (75).jpg,042
042/042 (76).jpg,042
042/042 (77).jpg,042
042/042 (78).jpg,042
042/042 (79).jpg,042
042/042 (8).jpg,042
042/042 (80).jpg,042
042/042 (81).jpg,042
042/042 (82).jpg,042
042/042 (83).jpg,042
042/042 (84).jpg,042
042/042 (85).jpg,042
042/042 (86).jpg,042
042/042 (87).jpg,042
042/042 (88).jpg,042
042/042 (89).jpg,042
042/042 (9).jpg,042
042/042 (90).jpg,042
042/042 (91).jpg,042
042/042 (92).jpg,042
042/042 (93).jpg,042
042/042 (94).jpg,042
042/042 (95).jpg,042
042/042 (96).jpg,042
042/042 (97).jpg,042
042/042 (98).jpg,042
042/042 (99).jpg,042
043/043 (1).jpg,043
043/043 (10).jpg,043
043/043 (100).jpg,043
043/043 (101).jpg,043
043/043 (102).jpg,043
043/043 (103).jpg,043
043/043 (104).jpg,043
043/043 (105).jpg,043
043/043 (106).jpg,043
043/043 (107).jpg,043
043/043 (108).jpg,043
043/043 (109).jpg,043
043/043 (11).jpg,043
043/043 (110).jpg,043
043/043 (111).jpg,043
043/043 (112).jpg,043
043/043 (113).jpg,043
043/043 (114).jpg,043
043/043 (115).jpg,043
043/043 (116).jpg,043
043/043 (117).jpg,043
043/043 (118).jpg,043
043/043 (119).jpg,043
043/043 (12).jpg,043
043/043 (120).jpg,043
043/043 (121).jpg,043
043/043 (122).jpg,043
043/043 (123).jpg,043
043/043 (124).jpg,043
043/043 (125).jpg,043
043/043 (126).jpg,043
043/043 (127).jpg,043
043/043 (128).jpg,043
043/043 (129).jpg,043
043/043 (13).jpg,043
043/043 (130).jpg,043
043/043 (131).jpg,043
043/043 (132).jpg,043
043/043 (133).jpg,043
043/043 (134).jpg,043
043/043 (135).jpg,043
043/043 (136).jpg,043
043/043 (137).jpg,043
043/043 (138).jpg,043
043/043 (139).jpg,043
043/043 (14).jpg,043
043/043 (140).jpg,043
043/043 (141).jpg,043
043/043 (142).jpg,043
043/043 (143).jpg,043
043/043 (144).jpg,043
043/043 (145).jpg,043
043/043 (146).jpg,043
043/043 (147).jpg,043
043/043 (148).jpg,043
043/043 (149).jpg,043
043/043 (15).jpg,043
043/043 (150).jpg,043
043/043 (151).jpg,043
043/043 (152).jpg,043
043/043 (153).jpg,043
043/043 (154).jpg,043
043/043 (155).jpg,043
043/043 (156).jpg,043
043/043 (157).jpg,043
043/043 (158).jpg,043
043/043 (159).jpg,043
043/043 (16).jpg,043
043/043 (160).jpg,043
043/043 (161).jpg,043
043/043 (17).jpg,043
043/043 (18).jpg,043
043/043 (19).jpg,043
043/043 (2).jpg,043
043/043 (20).jpg,043
043/043 (21).jpg,043
043/043 (22).jpg,043
043/043 (23).jpg,043
043/043 (24).jpg,043
043/043 (25).jpg,043
043/043 (26).jpg,043
043/043 (27).jpg,043
043/043 (28).jpg,043
043/043 (29).jpg,043
043/043 (3).jpg,043
043/043 (30).jpg,043
043/043 (31).jpg,043
043/043 (32).jpg,043
043/043 (33).jpg,043
043/043 (34).jpg,043
043/043 (35).jpg,043
043/043 (36).jpg,043
043/043 (37).jpg,043
043/043 (38).jpg,043
043/043 (39).jpg,043
043/043 (4).jpg,043
043/043 (40).jpg,043
043/043 (41).jpg,043
043/043 (42).jpg,043
043/043 (43).jpg,043
043/043 (44).jpg,043
043/043 (45).jpg,043
043/043 (46).jpg,043
043/043 (47).jpg,043
043/043 (48).jpg,043
043/043 (49).jpg,043
043/043 (5).jpg,043
043/043 (50).jpg,043
043/043 (51).jpg,043
043/043 (52).jpg,043
043/043 (53).jpg,043
043/043 (54).jpg,043
043/043 (55).jpg,043
043/043 (56).jpg,043
043/043 (57).jpg,043
043/043 (58).jpg,043
043/043 (59).jpg,043
043/043 (6).jpg,043
043/043 (60).jpg,043
043/043 (61).jpg,043
043/043 (62).jpg,043
043/043 (63).jpg,043
043/043 (64).jpg,043
043/043 (65).jpg,043
043/043 (66).jpg,043
043/043 (67).jpg,043
043/043 (68).jpg,043
043/043 (69).jpg,043
043/043 (7).jpg,043
043/043 (70).jpg,043
043/043 (71).jpg,043
043/043 (72).jpg,043
043/043 (73).jpg,043
043/043 (74).jpg,043
043/043 (75).jpg,043
043/043 (76).jpg,043
043/043 (77).jpg,043
043/043 (78).jpg,043
043/043 (79).jpg,043
043/043 (8).jpg,043
043/043 (80).jpg,043
043/043 (81).jpg,043
043/043 (82).jpg,043
043/043 (83).jpg,043
043/043 (84).jpg,043
043/043 (85).jpg,043
043/043 (86).jpg,043
043/043 (87).jpg,043
043/043 (88).jpg,043
043/043 (89).jpg,043
043/043 (9).jpg,043
043/043 (90).jpg,043
043/043 (91).jpg,043
043/043 (92).jpg,043
043/043 (93).jpg,043
043/043 (94).jpg,043
043/043 (95).jpg,043
043/043 (96).jpg,043
043/043 (97).jpg,043
043/043 (98).jpg,043
043/043 (99).jpg,043
044/044 (1).jpg,044
044/044 (10).jpg,044
044/044 (100).jpg,044
044/044 (101).jpg,044
044/044 (102).jpg,044
044/044 (103).jpg,044
044/044 (104).jpg,044
044/044 (105).jpg,044
044/044 (106).jpg,044
044/044 (107).jpg,044
044/044 (108).jpg,044
044/044 (109).jpg,044
044/044 (11).jpg,044
044/044 (110).jpg,044
044/044 (111).jpg,044
044/044 (112).jpg,044
044/044 (113).jpg,044
044/044 (114).jpg,044
044/044 (115).jpg,044
044/044 (116).jpg,044
044/044 (117).jpg,044
044/044 (118).jpg,044
044/044 (119).jpg,044
044/044 (12).jpg,044
044/044 (120).jpg,044
044/044 (121).jpg,044
044/044 (122).jpg,044
044/044 (123).jpg,044
044/044 (124).jpg,044
044/044 (125).jpg,044
044/044 (126).jpg,044
044/044 (127).jpg,044
044/044 (128).jpg,044
044/044 (129).jpg,044
044/044 (13).jpg,044
044/044 (130).jpg,044
044/044 (131).jpg,044
044/044 (132).jpg,044
044/044 (133).jpg,044
044/044 (134).jpg,044
044/044 (135).jpg,044
044/044 (136).jpg,044
044/044 (137).jpg,044
044/044 (138).jpg,044
044/044 (139).jpg,044
044/044 (14).jpg,044
044/044 (140).jpg,044
044/044 (141).jpg,044
044/044 (142).jpg,044
044/044 (143).jpg,044
044/044 (144).jpg,044
044/044 (145).jpg,044
044/044 (146).jpg,044
044/044 (147).jpg,044
044/044 (148).jpg,044
044/044 (149).jpg,044
044/044 (15).jpg,044
044/044 (150).jpg,044
044/044 (151).jpg,044
044/044 (152).jpg,044
044/044 (153).jpg,044
044/044 (154).jpg,044
044/044 (155).jpg,044
044/044 (156).jpg,044
044/044 (157).jpg,044
044/044 (158).jpg,044
044/044 (159).jpg,044
044/044 (16).jpg,044
044/044 (160).jpg,044
044/044 (17).jpg,044
044/044 (18).jpg,044
044/044 (19).jpg,044
044/044 (2).jpg,044
044/044 (20).jpg,044
044/044 (21).jpg,044
044/044 (22).jpg,044
044/044 (23).jpg,044
044/044 (24).jpg,044
044/044 (25).jpg,044
044/044 (26).jpg,044
044/044 (27).jpg,044
044/044 (28).jpg,044
044/044 (29).jpg,044
044/044 (3).jpg,044
044/044 (30).jpg,044
044/044 (31).jpg,044
044/044 (32).jpg,044
044/044 (33).jpg,044
044/044 (34).jpg,044
044/044 (35).jpg,044
044/044 (36).jpg,044
044/044 (37).jpg,044
044/044 (38).jpg,044
044/044 (39).jpg,044
044/044 (4).jpg,044
044/044 (40).jpg,044
044/044 (41).jpg,044
044/044 (42).jpg,044
044/044 (43).jpg,044
044/044 (44).jpg,044
044/044 (45).jpg,044
044/044 (46).jpg,044
044/044 (47).jpg,044
044/044 (48).jpg,044
044/044 (49).jpg,044
044/044 (5).jpg,044
044/044 (50).jpg,044
044/044 (51).jpg,044
044/044 (52).jpg,044
044/044 (53).jpg,044
044/044 (54).jpg,044
044/044 (55).jpg,044
044/044 (56).jpg,044
044/044 (57).jpg,044
044/044 (58).jpg,044
044/044 (59).jpg,044
044/044 (6).jpg,044
044/044 (60).jpg,044
044/044 (61).jpg,044
044/044 (62).jpg,044
044/044 (63).jpg,044
044/044 (64).jpg,044
044/044 (65).jpg,044
044/044 (66).jpg,044
044/044 (67).jpg,044
044/044 (68).jpg,044
044/044 (69).jpg,044
044/044 (7).jpg,044
044/044 (70).jpg,044
044/044 (71).jpg,044
044/044 (72).jpg,044
044/044 (73).jpg,044
044/044 (74).jpg,044
044/044 (75).jpg,044
044/044 (76).jpg,044
044/044 (77).jpg,044
044/044 (78).jpg,044
044/044 (79).jpg,044
044/044 (8).jpg,044
044/044 (80).jpg,044
044/044 (81).jpg,044
044/044 (82).jpg,044
044/044 (83).jpg,044
044/044 (84).jpg,044
044/044 (85).jpg,044
044/044 (86).jpg,044
044/044 (87).jpg,044
044/044 (88).jpg,044
044/044 (89).jpg,044
044/044 (9).jpg,044
044/044 (90).jpg,044
044/044 (91).jpg,044
044/044 (92).jpg,044
044/044 (93).jpg,044
044/044 (94).jpg,044
044/044 (95).jpg,044
044/044 (96).jpg,044
044/044 (97).jpg,044
044/044 (98).jpg,044
044/044 (99).jpg,044
045/045 (1).jpg,045
045/045 (10).jpg,045
045/045 (100).jpg,045
045/045 (101).jpg,045
045/045 (102).jpg,045
045/045 (103).jpg,045
045/045 (104).jpg,045
045/045 (105).jpg,045
045/045 (106).jpg,045
045/045 (107).jpg,045
045/045 (108).jpg,045
045/045 (109).jpg,045
045/045 (11).jpg,045
045/045 (110).jpg,045
045/045 (111).jpg,045
045/045 (112).jpg,045
045/045 (113).jpg,045
045/045 (114).jpg,045
045/045 (115).jpg,045
045/045 (116).jpg,045
045/045 (117).jpg,045
045/045 (118).jpg,045
045/045 (119).jpg,045
045/045 (12).jpg,045
045/045 (120).jpg,045
045/045 (121).jpg,045
045/045 (122).jpg,045
045/045 (123).jpg,045
045/045 (124).jpg,045
045/045 (125).jpg,045
045/045 (126).jpg,045
045/045 (127).jpg,045
045/045 (128).jpg,045
045/045 (129).jpg,045
045/045 (13).jpg,045
045/045 (130).jpg,045
045/045 (131).jpg,045
045/045 (132).jpg,045
045/045 (133).jpg,045
045/045 (134).jpg,045
045/045 (135).jpg,045
045/045 (136).jpg,045
045/045 (137).jpg,045
045/045 (138).jpg,045
045/045 (139).jpg,045
045/045 (14).jpg,045
045/045 (140).jpg,045
045/045 (141).jpg,045
045/045 (142).jpg,045
045/045 (143).jpg,045
045/045 (144).jpg,045
045/045 (145).jpg,045
045/045 (146).jpg,045
045/045 (147).jpg,045
045/045 (148).jpg,045
045/045 (149).jpg,045
045/045 (15).jpg,045
045/045 (150).jpg,045
045/045 (151).jpg,045
045/045 (152).jpg,045
045/045 (153).jpg,045
045/045 (154).jpg,045
045/045 (155).jpg,045
045/045 (156).jpg,045
045/045 (157).jpg,045
045/045 (158).jpg,045
045/045 (159).jpg,045
045/045 (16).jpg,045
045/045 (160).jpg,045
045/045 (161).jpg,045
045/045 (162).jpg,045
045/045 (163).jpg,045
045/045 (164).jpg,045
045/045 (165).jpg,045
045/045 (166).jpg,045
045/045 (167).jpg,045
045/045 (168).jpg,045
045/045 (169).jpg,045
045/045 (17).jpg,045
045/045 (170).jpg,045
045/045 (171).jpg,045
045/045 (172).jpg,045
045/045 (173).jpg,045
045/045 (18).jpg,045
045/045 (19).jpg,045
045/045 (2).jpg,045
045/045 (20).jpg,045
045/045 (21).jpg,045
045/045 (22).jpg,045
045/045 (23).jpg,045
045/045 (24).jpg,045
045/045 (25).jpg,045
045/045 (26).jpg,045
045/045 (27).jpg,045
045/045 (28).jpg,045
045/045 (29).jpg,045
045/045 (3).jpg,045
045/045 (30).jpg,045
045/045 (31).jpg,045
045/045 (32).jpg,045
045/045 (33).jpg,045
045/045 (34).jpg,045
045/045 (35).jpg,045
045/045 (36).jpg,045
045/045 (37).jpg,045
045/045 (38).jpg,045
045/045 (39).jpg,045
045/045 (4).jpg,045
045/045 (40).jpg,045
045/045 (41).jpg,045
045/045 (42).jpg,045
045/045 (43).jpg,045
045/045 (44).jpg,045
045/045 (45).jpg,045
045/045 (46).jpg,045
045/045 (47).jpg,045
045/045 (48).jpg,045
045/045 (49).jpg,045
045/045 (5).jpg,045
045/045 (50).jpg,045
045/045 (51).jpg,045
045/045 (52).jpg,045
045/045 (53).jpg,045
045/045 (54).jpg,045
045/045 (55).jpg,045
045/045 (56).jpg,045
045/045 (57).jpg,045
045/045 (58).jpg,045
045/045 (59).jpg,045
045/045 (6).jpg,045
045/045 (60).jpg,045
045/045 (61).jpg,045
045/045 (62).jpg,045
045/045 (63).jpg,045
045/045 (64).jpg,045
045/045 (65).jpg,045
045/045 (66).jpg,045
045/045 (67).jpg,045
045/045 (68).jpg,045
045/045 (69).jpg,045
045/045 (7).jpg,045
045/045 (70).jpg,045
045/045 (71).jpg,045
045/045 (72).jpg,045
045/045 (73).jpg,045
045/045 (74).jpg,045
045/045 (75).jpg,045
045/045 (76).jpg,045
045/045 (77).jpg,045
045/045 (78).jpg,045
045/045 (79).jpg,045
045/045 (8).jpg,045
045/045 (80).jpg,045
045/045 (81).jpg,045
045/045 (82).jpg,045
045/045 (83).jpg,045
045/045 (84).jpg,045
045/045 (85).jpg,045
045/045 (86).jpg,045
045/045 (87).jpg,045
045/045 (88).jpg,045
045/045 (89).jpg,045
045/045 (9).jpg,045
045/045 (90).jpg,045
045/045 (91).jpg,045
045/045 (92).jpg,045
045/045 (93).jpg,045
045/045 (94).jpg,045
045/045 (95).jpg,045
045/045 (96).jpg,045
045/045 (97).jpg,045
045/045 (98).jpg,045
045/045 (99).jpg,045
046/046 (1).jpg,046
046/046 (10).jpg,046
046/046 (100).jpg,046
046/046 (101).jpg,046
046/046 (102).jpg,046
046/046 (103).jpg,046
046/046 (104).jpg,046
046/046 (105).jpg,046
046/046 (106).jpg,046
046/046 (107).jpg,046
046/046 (108).jpg,046
046/046 (109).jpg,046
046/046 (11).jpg,046
046/046 (110).jpg,046
046/046 (111).jpg,046
046/046 (112).jpg,046
046/046 (113).jpg,046
046/046 (114).jpg,046
046/046 (115).jpg,046
046/046 (116).jpg,046
046/046 (117).jpg,046
046/046 (118).jpg,046
046/046 (119).jpg,046
046/046 (12).jpg,046
046/046 (120).jpg,046
046/046 (121).jpg,046
046/046 (122).jpg,046
046/046 (123).jpg,046
046/046 (124).jpg,046
046/046 (125).jpg,046
046/046 (126).jpg,046
046/046 (127).jpg,046
046/046 (128).jpg,046
046/046 (129).jpg,046
046/046 (13).jpg,046
046/046 (130).jpg,046
046/046 (131).jpg,046
046/046 (132).jpg,046
046/046 (133).jpg,046
046/046 (134).jpg,046
046/046 (135).jpg,046
046/046 (136).jpg,046
046/046 (137).jpg,046
046/046 (138).jpg,046
046/046 (139).jpg,046
046/046 (14).jpg,046
046/046 (140).jpg,046
046/046 (141).jpg,046
046/046 (142).jpg,046
046/046 (143).jpg,046
046/046 (144).jpg,046
046/046 (145).jpg,046
046/046 (146).jpg,046
046/046 (147).jpg,046
046/046 (148).jpg,046
046/046 (149).jpg,046
046/046 (15).jpg,046
046/046 (150).jpg,046
046/046 (151).jpg,046
046/046 (152).jpg,046
046/046 (153).jpg,046
046/046 (154).jpg,046
046/046 (155).jpg,046
046/046 (156).jpg,046
046/046 (157).jpg,046
046/046 (158).jpg,046
046/046 (159).jpg,046
046/046 (16).jpg,046
046/046 (160).jpg,046
046/046 (161).jpg,046
046/046 (162).jpg,046
046/046 (163).jpg,046
046/046 (164).jpg,046
046/046 (165).jpg,046
046/046 (166).jpg,046
046/046 (167).jpg,046
046/046 (168).jpg,046
046/046 (169).jpg,046
046/046 (17).jpg,046
046/046 (170).jpg,046
046/046 (171).jpg,046
046/046 (172).jpg,046
046/046 (173).jpg,046
046/046 (174).jpg,046
046/046 (175).jpg,046
046/046 (176).jpg,046
046/046 (177).jpg,046
046/046 (178).jpg,046
046/046 (179).jpg,046
046/046 (18).jpg,046
046/046 (19).jpg,046
046/046 (2).jpg,046
046/046 (20).jpg,046
046/046 (21).jpg,046
046/046 (22).jpg,046
046/046 (23).jpg,046
046/046 (24).jpg,046
046/046 (25).jpg,046
046/046 (26).jpg,046
046/046 (27).jpg,046
046/046 (28).jpg,046
046/046 (29).jpg,046
046/046 (3).jpg,046
046/046 (30).jpg,046
046/046 (31).jpg,046
046/046 (32).jpg,046
046/046 (33).jpg,046
046/046 (34).jpg,046
046/046 (35).jpg,046
046/046 (36).jpg,046
046/046 (37).jpg,046
046/046 (38).jpg,046
046/046 (39).jpg,046
046/046 (4).jpg,046
046/046 (40).jpg,046
046/046 (41).jpg,046
046/046 (42).jpg,046
046/046 (43).jpg,046
046/046 (44).jpg,046
046/046 (45).jpg,046
046/046 (46).jpg,046
046/046 (47).jpg,046
046/046 (48).jpg,046
046/046 (49).jpg,046
046/046 (5).jpg,046
046/046 (50).jpg,046
046/046 (51).jpg,046
046/046 (52).jpg,046
046/046 (53).jpg,046
046/046 (54).jpg,046
046/046 (55).jpg,046
046/046 (56).jpg,046
046/046 (57).jpg,046
046/046 (58).jpg,046
046/046 (59).jpg,046
046/046 (6).jpg,046
046/046 (60).jpg,046
046/046 (61).jpg,046
046/046 (62).jpg,046
046/046 (63).jpg,046
046/046 (64).jpg,046
046/046 (65).jpg,046
046/046 (66).jpg,046
046/046 (67).jpg,046
046/046 (68).jpg,046
046/046 (69).jpg,046
046/046 (7).jpg,046
046/046 (70).jpg,046
046/046 (71).jpg,046
046/046 (72).jpg,046
046/046 (73).jpg,046
046/046 (74).jpg,046
046/046 (75).jpg,046
046/046 (76).jpg,046
046/046 (77).jpg,046
046/046 (78).jpg,046
046/046 (79).jpg,046
046/046 (8).jpg,046
046/046 (80).jpg,046
046/046 (81).jpg,046
046/046 (82).jpg,046
046/046 (83).jpg,046
046/046 (84).jpg,046
046/046 (85).jpg,046
046/046 (86).jpg,046
046/046 (87).jpg,046
046/046 (88).jpg,046
046/046 (89).jpg,046
046/046 (9).jpg,046
046/046 (90).jpg,046
046/046 (91).jpg,046
046/046 (92).jpg,046
046/046 (93).jpg,046
046/046 (94).jpg,046
046/046 (95).jpg,046
046/046 (96).jpg,046
046/046 (97).jpg,046
046/046 (98).jpg,046
046/046 (99).jpg,046
047/047 (1).jpg,047
047/047 (10).jpg,047
047/047 (100).jpg,047
047/047 (101).jpg,047
047/047 (102).jpg,047
047/047 (103).jpg,047
047/047 (104).jpg,047
047/047 (105).jpg,047
047/047 (106).jpg,047
047/047 (107).jpg,047
047/047 (108).jpg,047
047/047 (109).jpg,047
047/047 (11).jpg,047
047/047 (110).jpg,047
047/047 (111).jpg,047
047/047 (112).jpg,047
047/047 (113).jpg,047
047/047 (114).jpg,047
047/047 (115).jpg,047
047/047 (116).jpg,047
047/047 (117).jpg,047
047/047 (118).jpg,047
047/047 (119).jpg,047
047/047 (12).jpg,047
047/047 (120).jpg,047
047/047 (121).jpg,047
047/047 (122).jpg,047
047/047 (123).jpg,047
047/047 (124).jpg,047
047/047 (125).jpg,047
047/047 (126).jpg,047
047/047 (127).jpg,047
047/047 (128).jpg,047
047/047 (129).jpg,047
047/047 (13).jpg,047
047/047 (130).jpg,047
047/047 (131).jpg,047
047/047 (132).jpg,047
047/047 (133).jpg,047
047/047 (134).jpg,047
047/047 (135).jpg,047
047/047 (136).jpg,047
047/047 (137).jpg,047
047/047 (138).jpg,047
047/047 (139).jpg,047
047/047 (14).jpg,047
047/047 (140).jpg,047
047/047 (141).jpg,047
047/047 (142).jpg,047
047/047 (143).jpg,047
047/047 (144).jpg,047
047/047 (145).jpg,047
047/047 (146).jpg,047
047/047 (147).jpg,047
047/047 (148).jpg,047
047/047 (149).jpg,047
047/047 (15).jpg,047
047/047 (150).jpg,047
047/047 (151).jpg,047
047/047 (152).jpg,047
047/047 (153).jpg,047
047/047 (154).jpg,047
047/047 (155).jpg,047
047/047 (156).jpg,047
047/047 (157).jpg,047
047/047 (158).jpg,047
047/047 (159).jpg,047
047/047 (16).jpg,047
047/047 (160).jpg,047
047/047 (161).jpg,047
047/047 (162).jpg,047
047/047 (163).jpg,047
047/047 (164).jpg,047
047/047 (165).jpg,047
047/047 (166).jpg,047
047/047 (167).jpg,047
047/047 (168).jpg,047
047/047 (169).jpg,047
047/047 (17).jpg,047
047/047 (170).jpg,047
047/047 (171).jpg,047
047/047 (172).jpg,047
047/047 (173).jpg,047
047/047 (174).jpg,047
047/047 (175).jpg,047
047/047 (18).jpg,047
047/047 (19).jpg,047
047/047 (2).jpg,047
047/047 (20).jpg,047
047/047 (21).jpg,047
047/047 (22).jpg,047
047/047 (23).jpg,047
047/047 (24).jpg,047
047/047 (25).jpg,047
047/047 (26).jpg,047
047/047 (27).jpg,047
047/047 (28).jpg,047
047/047 (29).jpg,047
047/047 (3).jpg,047
047/047 (30).jpg,047
047/047 (31).jpg,047
047/047 (32).jpg,047
047/047 (33).jpg,047
047/047 (34).jpg,047
047/047 (35).jpg,047
047/047 (36).jpg,047
047/047 (37).jpg,047
047/047 (38).jpg,047
047/047 (39).jpg,047
047/047 (4).jpg,047
047/047 (40).jpg,047
047/047 (41).jpg,047
047/047 (42).jpg,047
047/047 (43).jpg,047
047/047 (44).jpg,047
047/047 (45).jpg,047
047/047 (46).jpg,047
047/047 (47).jpg,047
047/047 (48).jpg,047
047/047 (49).jpg,047
047/047 (5).jpg,047
047/047 (50).jpg,047
047/047 (51).jpg,047
047/047 (52).jpg,047
047/047 (53).jpg,047
047/047 (54).jpg,047
047/047 (55).jpg,047
047/047 (56).jpg,047
047/047 (57).jpg,047
047/047 (58).jpg,047
047/047 (59).jpg,047
047/047 (6).jpg,047
047/047 (60).jpg,047
047/047 (61).jpg,047
047/047 (62).jpg,047
047/047 (63).jpg,047
047/047 (64).jpg,047
047/047 (65).jpg,047
047/047 (66).jpg,047
047/047 (67).jpg,047
047/047 (68).jpg,047
047/047 (69).jpg,047
047/047 (7).jpg,047
047/047 (70).jpg,047
047/047 (71).jpg,047
047/047 (72).jpg,047
047/047 (73).jpg,047
047/047 (74).jpg,047
047/047 (75).jpg,047
047/047 (76).jpg,047
047/047 (77).jpg,047
047/047 (78).jpg,047
047/047 (79).jpg,047
047/047 (8).jpg,047
047/047 (80).jpg,047
047/047 (81).jpg,047
047/047 (82).jpg,047
047/047 (83).jpg,047
047/047 (84).jpg,047
047/047 (85).jpg,047
047/047 (86).jpg,047
047/047 (87).jpg,047
047/047 (88).jpg,047
047/047 (89).jpg,047
047/047 (9).jpg,047
047/047 (90).jpg,047
047/047 (91).jpg,047
047/047 (92).jpg,047
047/047 (93).jpg,047
047/047 (94).jpg,047
047/047 (95).jpg,047
047/047 (96).jpg,047
047/047 (97).jpg,047
047/047 (98).jpg,047
047/047 (99).jpg,047
048/048 (1).jpg,048
048/048 (10).jpg,048
048/048 (100).jpg,048
048/048 (101).jpg,048
048/048 (102).jpg,048
048/048 (103).jpg,048
048/048 (104).jpg,048
048/048 (105).jpg,048
048/048 (106).jpg,048
048/048 (107).jpg,048
048/048 (108).jpg,048
048/048 (109).jpg,048
048/048 (11).jpg,048
048/048 (110).jpg,048
048/048 (111).jpg,048
048/048 (112).jpg,048
048/048 (113).jpg,048
048/048 (114).jpg,048
048/048 (115).jpg,048
048/048 (116).jpg,048
048/048 (117).jpg,048
048/048 (118).jpg,048
048/048 (119).jpg,048
048/048 (12).jpg,048
048/048 (120).jpg,048
048/048 (121).jpg,048
048/048 (122).jpg,048
048/048 (123).jpg,048
048/048 (124).jpg,048
048/048 (125).jpg,048
048/048 (126).jpg,048
048/048 (127).jpg,048
048/048 (128).jpg,048
048/048 (129).jpg,048
048/048 (13).jpg,048
048/048 (130).jpg,048
048/048 (131).jpg,048
048/048 (132).jpg,048
048/048 (133).jpg,048
048/048 (134).jpg,048
048/048 (135).jpg,048
048/048 (136).jpg,048
048/048 (137).jpg,048
048/048 (138).jpg,048
048/048 (139).jpg,048
048/048 (14).jpg,048
048/048 (140).jpg,048
048/048 (141).jpg,048
048/048 (142).jpg,048
048/048 (143).jpg,048
048/048 (144).jpg,048
048/048 (145).jpg,048
048/048 (146).jpg,048
048/048 (147).jpg,048
048/048 (148).jpg,048
048/048 (149).jpg,048
048/048 (15).jpg,048
048/048 (150).jpg,048
048/048 (151).jpg,048
048/048 (152).jpg,048
048/048 (153).jpg,048
048/048 (154).jpg,048
048/048 (155).jpg,048
048/048 (156).jpg,048
048/048 (157).jpg,048
048/048 (158).jpg,048
048/048 (159).jpg,048
048/048 (16).jpg,048
048/048 (160).jpg,048
048/048 (17).jpg,048
048/048 (18).jpg,048
048/048 (19).jpg,048
048/048 (2).jpg,048
048/048 (20).jpg,048
048/048 (21).jpg,048
048/048 (22).jpg,048
048/048 (23).jpg,048
048/048 (24).jpg,048
048/048 (25).jpg,048
048/048 (26).jpg,048
048/048 (27).jpg,048
048/048 (28).jpg,048
048/048 (29).jpg,048
048/048 (3).jpg,048
048/048 (30).jpg,048
048/048 (31).jpg,048
048/048 (32).jpg,048
048/048 (33).jpg,048
048/048 (34).jpg,048
048/048 (35).jpg,048
048/048 (36).jpg,048
048/048 (37).jpg,048
048/048 (38).jpg,048
048/048 (39).jpg,048
048/048 (4).jpg,048
048/048 (40).jpg,048
048/048 (41).jpg,048
048/048 (42).jpg,048
048/048 (43).jpg,048
048/048 (44).jpg,048
048/048 (45).jpg,048
048/048 (46).jpg,048
048/048 (47).jpg,048
048/048 (48).jpg,048
048/048 (49).jpg,048
048/048 (5).jpg,048
048/048 (50).jpg,048
048/048 (51).jpg,048
048/048 (52).jpg,048
048/048 (53).jpg,048
048/048 (54).jpg,048
048/048 (55).jpg,048
048/048 (56).jpg,048
048/048 (57).jpg,048
048/048 (58).jpg,048
048/048 (59).jpg,048
048/048 (6).jpg,048
048/048 (60).jpg,048
048/048 (61).jpg,048
048/048 (62).jpg,048
048/048 (63).jpg,048
048/048 (64).jpg,048
048/048 (65).jpg,048
048/048 (66).jpg,048
048/048 (67).jpg,048
048/048 (68).jpg,048
048/048 (69).jpg,048
048/048 (7).jpg,048
048/048 (70).jpg,048
048/048 (71).jpg,048
048/048 (72).jpg,048
048/048 (73).jpg,048
048/048 (74).jpg,048
048/048 (75).jpg,048
048/048 (76).jpg,048
048/048 (77).jpg,048
048/048 (78).jpg,048
048/048 (79).jpg,048
048/048 (8).jpg,048
048/048 (80).jpg,048
048/048 (81).jpg,048
048/048 (82).jpg,048
048/048 (83).jpg,048
048/048 (84).jpg,048
048/048 (85).jpg,048
048/048 (86).jpg,048
048/048 (87).jpg,048
048/048 (88).jpg,048
048/048 (89).jpg,048
048/048 (9).jpg,048
048/048 (90).jpg,048
048/048 (91).jpg,048
048/048 (92).jpg,048
048/048 (93).jpg,048
048/048 (94).jpg,048
048/048 (95).jpg,048
048/048 (96).jpg,048
048/048 (97).jpg,048
048/048 (98).jpg,048
048/048 (99).jpg,048
049/049 (1).jpg,049
049/049 (10).jpg,049
049/049 (100).jpg,049
049/049 (101).jpg,049
049/049 (102).jpg,049
049/049 (103).jpg,049
049/049 (104).jpg,049
049/049 (105).jpg,049
049/049 (106).jpg,049
049/049 (107).jpg,049
049/049 (108).jpg,049
049/049 (109).jpg,049
049/049 (11).jpg,049
049/049 (110).jpg,049
049/049 (111).jpg,049
049/049 (112).jpg,049
049/049 (113).jpg,049
049/049 (114).jpg,049
049/049 (115).jpg,049
049/049 (116).jpg,049
049/049 (117).jpg,049
049/049 (118).jpg,049
049/049 (119).jpg,049
049/049 (12).jpg,049
049/049 (120).jpg,049
049/049 (121).jpg,049
049/049 (122).jpg,049
049/049 (123).jpg,049
049/049 (124).jpg,049
049/049 (125).jpg,049
049/049 (126).jpg,049
049/049 (127).jpg,049
049/049 (128).jpg,049
049/049 (129).jpg,049
049/049 (13).jpg,049
049/049 (130).jpg,049
049/049 (131).jpg,049
049/049 (132).jpg,049
049/049 (133).jpg,049
049/049 (134).jpg,049
049/049 (135).jpg,049
049/049 (136).jpg,049
049/049 (137).jpg,049
049/049 (138).jpg,049
049/049 (139).jpg,049
049/049 (14).jpg,049
049/049 (140).jpg,049
049/049 (141).jpg,049
049/049 (142).jpg,049
049/049 (143).jpg,049
049/049 (144).jpg,049
049/049 (145).jpg,049
049/049 (146).jpg,049
049/049 (147).jpg,049
049/049 (148).jpg,049
049/049 (149).jpg,049
049/049 (15).jpg,049
049/049 (150).jpg,049
049/049 (151).jpg,049
049/049 (152).jpg,049
049/049 (153).jpg,049
049/049 (154).jpg,049
049/049 (155).jpg,049
049/049 (156).jpg,049
049/049 (157).jpg,049
049/049 (158).jpg,049
049/049 (159).jpg,049
049/049 (16).jpg,049
049/049 (160).jpg,049
049/049 (161).jpg,049
049/049 (17).jpg,049
049/049 (18).jpg,049
049/049 (19).jpg,049
049/049 (2).jpg,049
049/049 (20).jpg,049
049/049 (21).jpg,049
049/049 (22).jpg,049
049/049 (23).jpg,049
049/049 (24).jpg,049
049/049 (25).jpg,049
049/049 (26).jpg,049
049/049 (27).jpg,049
049/049 (28).jpg,049
049/049 (29).jpg,049
049/049 (3).jpg,049
049/049 (30).jpg,049
049/049 (31).jpg,049
049/049 (32).jpg,049
049/049 (33).jpg,049
049/049 (34).jpg,049
049/049 (35).jpg,049
049/049 (36).jpg,049
049/049 (37).jpg,049
049/049 (38).jpg,049
049/049 (39).jpg,049
049/049 (4).jpg,049
049/049 (40).jpg,049
049/049 (41).jpg,049
049/049 (42).jpg,049
049/049 (43).jpg,049
049/049 (44).jpg,049
049/049 (45).jpg,049
049/049 (46).jpg,049
049/049 (47).jpg,049
049/049 (48).jpg,049
049/049 (49).jpg,049
049/049 (5).jpg,049
049/049 (50).jpg,049
049/049 (51).jpg,049
049/049 (52).jpg,049
049/049 (53).jpg,049
049/049 (54).jpg,049
049/049 (55).jpg,049
049/049 (56).jpg,049
049/049 (57).jpg,049
049/049 (58).jpg,049
049/049 (59).jpg,049
049/049 (6).jpg,049
049/049 (60).jpg,049
049/049 (61).jpg,049
049/049 (62).jpg,049
049/049 (63).jpg,049
049/049 (64).jpg,049
049/049 (65).jpg,049
049/049 (66).jpg,049
049/049 (67).jpg,049
049/049 (68).jpg,049
049/049 (69).jpg,049
049/049 (7).jpg,049
049/049 (70).jpg,049
049/049 (71).jpg,049
049/049 (72).jpg,049
049/049 (73).jpg,049
049/049 (74).jpg,049
049/049 (75).jpg,049
049/049 (76).jpg,049
049/049 (77).jpg,049
049/049 (78).jpg,049
049/049 (79).jpg,049
049/049 (8).jpg,049
049/049 (80).jpg,049
049/049 (81).jpg,049
049/049 (82).jpg,049
049/049 (83).jpg,049
049/049 (84).jpg,049
049/049 (85).jpg,049
049/049 (86).jpg,049
049/049 (87).jpg,049
049/049 (88).jpg,049
049/049 (89).jpg,049
049/049 (9).jpg,049
049/049 (90).jpg,049
049/049 (91).jpg,049
049/049 (92).jpg,049
049/049 (93).jpg,049
049/049 (94).jpg,049
049/049 (95).jpg,049
049/049 (96).jpg,049
049/049 (97).jpg,049
049/049 (98).jpg,049
049/049 (99).jpg,049
050/050 (1).jpg,050
050/050 (10).jpg,050
050/050 (100).jpg,050
050/050 (101).jpg,050
050/050 (102).jpg,050
050/050 (103).jpg,050
050/050 (104).jpg,050
050/050 (105).jpg,050
050/050 (106).jpg,050
050/050 (107).jpg,050
050/050 (108).jpg,050
050/050 (109).jpg,050
050/050 (11).jpg,050
050/050 (110).jpg,050
050/050 (111).jpg,050
050/050 (112).jpg,050
050/050 (113).jpg,050
050/050 (114).jpg,050
050/050 (115).jpg,050
050/050 (116).jpg,050
050/050 (117).jpg,050
050/050 (118).jpg,050
050/050 (119).jpg,050
050/050 (12).jpg,050
050/050 (120).jpg,050
050/050 (121).jpg,050
050/050 (122).jpg,050
050/050 (123).jpg,050
050/050 (124).jpg,050
050/050 (125).jpg,050
050/050 (126).jpg,050
050/050 (127).jpg,050
050/050 (128).jpg,050
050/050 (129).jpg,050
050/050 (13).jpg,050
050/050 (130).jpg,050
050/050 (131).jpg,050
050/050 (132).jpg,050
050/050 (133).jpg,050
050/050 (134).jpg,050
050/050 (135).jpg,050
050/050 (136).jpg,050
050/050 (137).jpg,050
050/050 (138).jpg,050
050/050 (139).jpg,050
050/050 (14).jpg,050
050/050 (140).jpg,050
050/050 (141).jpg,050
050/050 (142).jpg,050
050/050 (143).jpg,050
050/050 (144).jpg,050
050/050 (145).jpg,050
050/050 (146).jpg,050
050/050 (147).jpg,050
050/050 (148).jpg,050
050/050 (149).jpg,050
050/050 (15).jpg,050
050/050 (150).jpg,050
050/050 (151).jpg,050
050/050 (152).jpg,050
050/050 (153).jpg,050
050/050 (154).jpg,050
050/050 (155).jpg,050
050/050 (156).jpg,050
050/050 (157).jpg,050
050/050 (158).jpg,050
050/050 (159).jpg,050
050/050 (16).jpg,050
050/050 (160).jpg,050
050/050 (161).jpg,050
050/050 (162).jpg,050
050/050 (163).jpg,050
050/050 (164).jpg,050
050/050 (165).jpg,050
050/050 (166).jpg,050
050/050 (167).jpg,050
050/050 (168).jpg,050
050/050 (169).jpg,050
050/050 (17).jpg,050
050/050 (170).jpg,050
050/050 (171).jpg,050
050/050 (172).jpg,050
050/050 (173).jpg,050
050/050 (174).jpg,050
050/050 (175).jpg,050
050/050 (176).jpg,050
050/050 (177).jpg,050
050/050 (178).jpg,050
050/050 (179).jpg,050
050/050 (18).jpg,050
050/050 (180).jpg,050
050/050 (181).jpg,050
050/050 (19).jpg,050
050/050 (2).jpg,050
050/050 (20).jpg,050
050/050 (21).jpg,050
050/050 (22).jpg,050
050/050 (23).jpg,050
050/050 (24).jpg,050
050/050 (25).jpg,050
050/050 (26).jpg,050
050/050 (27).jpg,050
050/050 (28).jpg,050
050/050 (29).jpg,050
050/050 (3).jpg,050
050/050 (30).jpg,050
050/050 (31).jpg,050
050/050 (32).jpg,050
050/050 (33).jpg,050
050/050 (34).jpg,050
050/050 (35).jpg,050
050/050 (36).jpg,050
050/050 (37).jpg,050
050/050 (38).jpg,050
050/050 (39).jpg,050
050/050 (4).jpg,050
050/050 (40).jpg,050
050/050 (41).jpg,050
050/050 (42).jpg,050
050/050 (43).jpg,050
050/050 (44).jpg,050
050/050 (45).jpg,050
050/050 (46).jpg,050
050/050 (47).jpg,050
050/050 (48).jpg,050
050/050 (49).jpg,050
050/050 (5).jpg,050
050/050 (50).jpg,050
050/050 (51).jpg,050
050/050 (52).jpg,050
050/050 (53).jpg,050
050/050 (54).jpg,050
050/050 (55).jpg,050
050/050 (56).jpg,050
050/050 (57).jpg,050
050/050 (58).jpg,050
050/050 (59).jpg,050
050/050 (6).jpg,050
050/050 (60).jpg,050
050/050 (61).jpg,050
050/050 (62).jpg,050
050/050 (63).jpg,050
050/050 (64).jpg,050
050/050 (65).jpg,050
050/050 (66).jpg,050
050/050 (67).jpg,050
050/050 (68).jpg,050
050/050 (69).jpg,050
050/050 (7).jpg,050
050/050 (70).jpg,050
050/050 (71).jpg,050
050/050 (72).jpg,050
050/050 (73).jpg,050
050/050 (74).jpg,050
050/050 (75).jpg,050
050/050 (76).jpg,050
050/050 (77).jpg,050
050/050 (78).jpg,050
050/050 (79).jpg,050
050/050 (8).jpg,050
050/050 (80).jpg,050
050/050 (81).jpg,050
050/050 (82).jpg,050
050/050 (83).jpg,050
050/050 (84).jpg,050
050/050 (85).jpg,050
050/050 (86).jpg,050
050/050 (87).jpg,050
050/050 (88).jpg,050
050/050 (89).jpg,050
050/050 (9).jpg,050
050/050 (90).jpg,050
050/050 (91).jpg,050
050/050 (92).jpg,050
050/050 (93).jpg,050
050/050 (94).jpg,050
050/050 (95).jpg,050
050/050 (96).jpg,050
050/050 (97).jpg,050
050/050 (98).jpg,050
050/050 (99).jpg,050
051/051 (1).jpg,051
051/051 (10).jpg,051
051/051 (100).jpg,051
051/051 (101).jpg,051
051/051 (102).jpg,051
051/051 (103).jpg,051
051/051 (104).jpg,051
051/051 (105).jpg,051
051/051 (106).jpg,051
051/051 (107).jpg,051
051/051 (108).jpg,051
051/051 (109).jpg,051
051/051 (11).jpg,051
051/051 (110).jpg,051
051/051 (111).jpg,051
051/051 (112).jpg,051
051/051 (113).jpg,051
051/051 (114).jpg,051
051/051 (115).jpg,051
051/051 (116).jpg,051
051/051 (117).jpg,051
051/051 (118).jpg,051
051/051 (119).jpg,051
051/051 (12).jpg,051
051/051 (120).jpg,051
051/051 (121).jpg,051
051/051 (122).jpg,051
051/051 (123).jpg,051
051/051 (124).jpg,051
051/051 (125).jpg,051
051/051 (126).jpg,051
051/051 (127).jpg,051
051/051 (128).jpg,051
051/051 (129).jpg,051
051/051 (13).jpg,051
051/051 (130).jpg,051
051/051 (131).jpg,051
051/051 (132).jpg,051
051/051 (133).jpg,051
051/051 (134).jpg,051
051/051 (135).jpg,051
051/051 (136).jpg,051
051/051 (137).jpg,051
051/051 (138).jpg,051
051/051 (139).jpg,051
051/051 (14).jpg,051
051/051 (140).jpg,051
051/051 (141).jpg,051
051/051 (142).jpg,051
051/051 (143).jpg,051
051/051 (144).jpg,051
051/051 (145).jpg,051
051/051 (146).jpg,051
051/051 (147).jpg,051
051/051 (148).jpg,051
051/051 (149).jpg,051
051/051 (15).jpg,051
051/051 (150).jpg,051
051/051 (151).jpg,051
051/051 (152).jpg,051
051/051 (153).jpg,051
051/051 (154).jpg,051
051/051 (155).jpg,051
051/051 (156).jpg,051
051/051 (157).jpg,051
051/051 (158).jpg,051
051/051 (159).jpg,051
051/051 (16).jpg,051
051/051 (160).jpg,051
051/051 (17).jpg,051
051/051 (18).jpg,051
051/051 (19).jpg,051
051/051 (2).jpg,051
051/051 (20).jpg,051
051/051 (21).jpg,051
051/051 (22).jpg,051
051/051 (23).jpg,051
051/051 (24).jpg,051
051/051 (25).jpg,051
051/051 (26).jpg,051
051/051 (27).jpg,051
051/051 (28).jpg,051
051/051 (29).jpg,051
051/051 (3).jpg,051
051/051 (30).jpg,051
051/051 (31).jpg,051
051/051 (32).jpg,051
051/051 (33).jpg,051
051/051 (34).jpg,051
051/051 (35).jpg,051
051/051 (36).jpg,051
051/051 (37).jpg,051
051/051 (38).jpg,051
051/051 (39).jpg,051
051/051 (4).jpg,051
051/051 (40).jpg,051
051/051 (41).jpg,051
051/051 (42).jpg,051
051/051 (43).jpg,051
051/051 (44).jpg,051
051/051 (45).jpg,051
051/051 (46).jpg,051
051/051 (47).jpg,051
051/051 (48).jpg,051
051/051 (49).jpg,051
051/051 (5).jpg,051
051/051 (50).jpg,051
051/051 (51).jpg,051
051/051 (52).jpg,051
051/051 (53).jpg,051
051/051 (54).jpg,051
051/051 (55).jpg,051
051/051 (56).jpg,051
051/051 (57).jpg,051
051/051 (58).jpg,051
051/051 (59).jpg,051
051/051 (6).jpg,051
051/051 (60).jpg,051
051/051 (61).jpg,051
051/051 (62).jpg,051
051/051 (63).jpg,051
051/051 (64).jpg,051
051/051 (65).jpg,051
051/051 (66).jpg,051
051/051 (67).jpg,051
051/051 (68).jpg,051
051/051 (69).jpg,051
051/051 (7).jpg,051
051/051 (70).jpg,051
051/051 (71).jpg,051
051/051 (72).jpg,051
051/051 (73).jpg,051
051/051 (74).jpg,051
051/051 (75).jpg,051
051/051 (76).jpg,051
051/051 (77).jpg,051
051/051 (78).jpg,051
051/051 (79).jpg,051
051/051 (8).jpg,051
051/051 (80).jpg,051
051/051 (81).jpg,051
051/051 (82).jpg,051
051/051 (83).jpg,051
051/051 (84).jpg,051
051/051 (85).jpg,051
051/051 (86).jpg,051
051/051 (87).jpg,051
051/051 (88).jpg,051
051/051 (89).jpg,051
051/051 (9).jpg,051
051/051 (90).jpg,051
051/051 (91).jpg,051
051/051 (92).jpg,051
051/051 (93).jpg,051
051/051 (94).jpg,051
051/051 (95).jpg,051
051/051 (96).jpg,051
051/051 (97).jpg,051
051/051 (98).jpg,051
051/051 (99).jpg,051
052/052 (1).jpg,052
052/052 (10).jpg,052
052/052 (100).jpg,052
052/052 (101).jpg,052
052/052 (102).jpg,052
052/052 (103).jpg,052
052/052 (104).jpg,052
052/052 (105).jpg,052
052/052 (106).jpg,052
052/052 (107).jpg,052
052/052 (108).jpg,052
052/052 (109).jpg,052
052/052 (11).jpg,052
052/052 (110).jpg,052
052/052 (111).jpg,052
052/052 (112).jpg,052
052/052 (113).jpg,052
052/052 (114).jpg,052
052/052 (115).jpg,052
052/052 (116).jpg,052
052/052 (117).jpg,052
052/052 (118).jpg,052
052/052 (119).jpg,052
052/052 (12).jpg,052
052/052 (120).jpg,052
052/052 (121).jpg,052
052/052 (122).jpg,052
052/052 (123).jpg,052
052/052 (124).jpg,052
052/052 (125).jpg,052
052/052 (126).jpg,052
052/052 (127).jpg,052
052/052 (128).jpg,052
052/052 (129).jpg,052
052/052 (13).jpg,052
052/052 (130).jpg,052
052/052 (131).jpg,052
052/052 (132).jpg,052
052/052 (133).jpg,052
052/052 (134).jpg,052
052/052 (135).jpg,052
052/052 (136).jpg,052
052/052 (137).jpg,052
052/052 (138).jpg,052
052/052 (139).jpg,052
052/052 (14).jpg,052
052/052 (140).jpg,052
052/052 (141).jpg,052
052/052 (142).jpg,052
052/052 (143).jpg,052
052/052 (144).jpg,052
052/052 (145).jpg,052
052/052 (146).jpg,052
052/052 (147).jpg,052
052/052 (148).jpg,052
052/052 (149).jpg,052
052/052 (15).jpg,052
052/052 (150).jpg,052
052/052 (151).jpg,052
052/052 (152).jpg,052
052/052 (153).jpg,052
052/052 (154).jpg,052
052/052 (155).jpg,052
052/052 (156).jpg,052
052/052 (157).jpg,052
052/052 (158).jpg,052
052/052 (159).jpg,052
052/052 (16).jpg,052
052/052 (160).jpg,052
052/052 (161).jpg,052
052/052 (162).jpg,052
052/052 (163).jpg,052
052/052 (164).jpg,052
052/052 (165).jpg,052
052/052 (166).jpg,052
052/052 (167).jpg,052
052/052 (168).jpg,052
052/052 (169).jpg,052
052/052 (17).jpg,052
052/052 (170).jpg,052
052/052 (171).jpg,052
052/052 (172).jpg,052
052/052 (173).jpg,052
052/052 (174).jpg,052
052/052 (175).jpg,052
052/052 (176).jpg,052
052/052 (177).jpg,052
052/052 (178).jpg,052
052/052 (179).jpg,052
052/052 (18).jpg,052
052/052 (180).jpg,052
052/052 (181).jpg,052
052/052 (182).jpg,052
052/052 (183).jpg,052
052/052 (184).jpg,052
052/052 (185).jpg,052
052/052 (186).jpg,052
052/052 (187).jpg,052
052/052 (188).jpg,052
052/052 (189).jpg,052
052/052 (19).jpg,052
052/052 (190).jpg,052
052/052 (191).jpg,052
052/052 (192).jpg,052
052/052 (193).jpg,052
052/052 (194).jpg,052
052/052 (195).jpg,052
052/052 (196).jpg,052
052/052 (197).jpg,052
052/052 (198).jpg,052
052/052 (199).jpg,052
052/052 (2).jpg,052
052/052 (20).jpg,052
052/052 (200).jpg,052
052/052 (201).jpg,052
052/052 (202).jpg,052
052/052 (203).jpg,052
052/052 (204).jpg,052
052/052 (205).jpg,052
052/052 (206).jpg,052
052/052 (207).jpg,052
052/052 (208).jpg,052
052/052 (209).jpg,052
052/052 (21).jpg,052
052/052 (210).jpg,052
052/052 (211).jpg,052
052/052 (212).jpg,052
052/052 (213).jpg,052
052/052 (214).jpg,052
052/052 (215).jpg,052
052/052 (216).jpg,052
052/052 (217).jpg,052
052/052 (218).jpg,052
052/052 (219).jpg,052
052/052 (22).jpg,052
052/052 (220).jpg,052
052/052 (221).jpg,052
052/052 (23).jpg,052
052/052 (24).jpg,052
052/052 (25).jpg,052
052/052 (26).jpg,052
052/052 (27).jpg,052
052/052 (28).jpg,052
052/052 (29).jpg,052
052/052 (3).jpg,052
052/052 (30).jpg,052
052/052 (31).jpg,052
052/052 (32).jpg,052
052/052 (33).jpg,052
052/052 (34).jpg,052
052/052 (35).jpg,052
052/052 (36).jpg,052
052/052 (37).jpg,052
052/052 (38).jpg,052
052/052 (39).jpg,052
052/052 (4).jpg,052
052/052 (40).jpg,052
052/052 (41).jpg,052
052/052 (42).jpg,052
052/052 (43).jpg,052
052/052 (44).jpg,052
052/052 (45).jpg,052
052/052 (46).jpg,052
052/052 (47).jpg,052
052/052 (48).jpg,052
052/052 (49).jpg,052
052/052 (5).jpg,052
052/052 (50).jpg,052
052/052 (51).jpg,052
052/052 (52).jpg,052
052/052 (53).jpg,052
052/052 (54).jpg,052
052/052 (55).jpg,052
052/052 (56).jpg,052
052/052 (57).jpg,052
052/052 (58).jpg,052
052/052 (59).jpg,052
052/052 (6).jpg,052
052/052 (60).jpg,052
052/052 (61).jpg,052
052/052 (62).jpg,052
052/052 (63).jpg,052
052/052 (64).jpg,052
052/052 (65).jpg,052
052/052 (66).jpg,052
052/052 (67).jpg,052
052/052 (68).jpg,052
052/052 (69).jpg,052
052/052 (7).jpg,052
052/052 (70).jpg,052
052/052 (71).jpg,052
052/052 (72).jpg,052
052/052 (73).jpg,052
052/052 (74).jpg,052
052/052 (75).jpg,052
052/052 (76).jpg,052
052/052 (77).jpg,052
052/052 (78).jpg,052
052/052 (79).jpg,052
052/052 (8).jpg,052
052/052 (80).jpg,052
052/052 (81).jpg,052
052/052 (82).jpg,052
052/052 (83).jpg,052
052/052 (84).jpg,052
052/052 (85).jpg,052
052/052 (86).jpg,052
052/052 (87).jpg,052
052/052 (88).jpg,052
052/052 (89).jpg,052
052/052 (9).jpg,052
052/052 (90).jpg,052
052/052 (91).jpg,052
052/052 (92).jpg,052
052/052 (93).jpg,052
052/052 (94).jpg,052
052/052 (95).jpg,052
052/052 (96).jpg,052
052/052 (97).jpg,052
052/052 (98).jpg,052
052/052 (99).jpg,052
053/052 (1).jpg,053
053/052 (10).jpg,053
053/052 (100).jpg,053
053/052 (101).jpg,053
053/052 (102).jpg,053
053/052 (103).jpg,053
053/052 (104).jpg,053
053/052 (105).jpg,053
053/052 (106).jpg,053
053/052 (107).jpg,053
053/052 (108).jpg,053
053/052 (109).jpg,053
053/052 (11).jpg,053
053/052 (110).jpg,053
053/052 (111).jpg,053
053/052 (112).jpg,053
053/052 (113).jpg,053
053/052 (114).jpg,053
053/052 (115).jpg,053
053/052 (116).jpg,053
053/052 (117).jpg,053
053/052 (118).jpg,053
053/052 (119).jpg,053
053/052 (12).jpg,053
053/052 (120).jpg,053
053/052 (121).jpg,053
053/052 (122).jpg,053
053/052 (123).jpg,053
053/052 (124).jpg,053
053/052 (125).jpg,053
053/052 (126).jpg,053
053/052 (127).jpg,053
053/052 (128).jpg,053
053/052 (129).jpg,053
053/052 (13).jpg,053
053/052 (130).jpg,053
053/052 (131).jpg,053
053/052 (132).jpg,053
053/052 (133).jpg,053
053/052 (134).jpg,053
053/052 (135).jpg,053
053/052 (136).jpg,053
053/052 (137).jpg,053
053/052 (138).jpg,053
053/052 (139).jpg,053
053/052 (14).jpg,053
053/052 (140).jpg,053
053/052 (141).jpg,053
053/052 (142).jpg,053
053/052 (143).jpg,053
053/052 (144).jpg,053
053/052 (145).jpg,053
053/052 (146).jpg,053
053/052 (147).jpg,053
053/052 (148).jpg,053
053/052 (149).jpg,053
053/052 (15).jpg,053
053/052 (150).jpg,053
053/052 (151).jpg,053
053/052 (152).jpg,053
053/052 (153).jpg,053
053/052 (154).jpg,053
053/052 (155).jpg,053
053/052 (156).jpg,053
053/052 (157).jpg,053
053/052 (158).jpg,053
053/052 (159).jpg,053
053/052 (16).jpg,053
053/052 (160).jpg,053
053/052 (161).jpg,053
053/052 (162).jpg,053
053/052 (163).jpg,053
053/052 (164).jpg,053
053/052 (165).jpg,053
053/052 (166).jpg,053
053/052 (167).jpg,053
053/052 (17).jpg,053
053/052 (18).jpg,053
053/052 (19).jpg,053
053/052 (2).jpg,053
053/052 (20).jpg,053
053/052 (21).jpg,053
053/052 (22).jpg,053
053/052 (23).jpg,053
053/052 (24).jpg,053
053/052 (25).jpg,053
053/052 (26).jpg,053
053/052 (27).jpg,053
053/052 (28).jpg,053
053/052 (29).jpg,053
053/052 (3).jpg,053
053/052 (30).jpg,053
053/052 (31).jpg,053
053/052 (32).jpg,053
053/052 (33).jpg,053
053/052 (34).jpg,053
053/052 (35).jpg,053
053/052 (36).jpg,053
053/052 (37).jpg,053
053/052 (38).jpg,053
053/052 (39).jpg,053
053/052 (4).jpg,053
053/052 (40).jpg,053
053/052 (41).jpg,053
053/052 (42).jpg,053
053/052 (43).jpg,053
053/052 (44).jpg,053
053/052 (45).jpg,053
053/052 (46).jpg,053
053/052 (47).jpg,053
053/052 (48).jpg,053
053/052 (49).jpg,053
053/052 (5).jpg,053
053/052 (50).jpg,053
053/052 (51).jpg,053
053/052 (52).jpg,053
053/052 (53).jpg,053
053/052 (54).jpg,053
053/052 (55).jpg,053
053/052 (56).jpg,053
053/052 (57).jpg,053
053/052 (58).jpg,053
053/052 (59).jpg,053
053/052 (6).jpg,053
053/052 (60).jpg,053
053/052 (61).jpg,053
053/052 (62).jpg,053
053/052 (63).jpg,053
053/052 (64).jpg,053
053/052 (65).jpg,053
053/052 (66).jpg,053
053/052 (67).jpg,053
053/052 (68).jpg,053
053/052 (69).jpg,053
053/052 (7).jpg,053
053/052 (70).jpg,053
053/052 (71).jpg,053
053/052 (72).jpg,053
053/052 (73).jpg,053
053/052 (74).jpg,053
053/052 (75).jpg,053
053/052 (76).jpg,053
053/052 (77).jpg,053
053/052 (78).jpg,053
053/052 (79).jpg,053
053/052 (8).jpg,053
053/052 (80).jpg,053
053/052 (81).jpg,053
053/052 (82).jpg,053
053/052 (83).jpg,053
053/052 (84).jpg,053
053/052 (85).jpg,053
053/052 (86).jpg,053
053/052 (87).jpg,053
053/052 (88).jpg,053
053/052 (89).jpg,053
053/052 (9).jpg,053
053/052 (90).jpg,053
053/052 (91).jpg,053
053/052 (92).jpg,053
053/052 (93).jpg,053
053/052 (94).jpg,053
053/052 (95).jpg,053
053/052 (96).jpg,053
053/052 (97).jpg,053
053/052 (98).jpg,053
053/052 (99).jpg,053
054/054 (1).jpg,054
054/054 (10).jpg,054
054/054 (100).jpg,054
054/054 (101).jpg,054
054/054 (102).jpg,054
054/054 (103).jpg,054
054/054 (104).jpg,054
054/054 (105).jpg,054
054/054 (106).jpg,054
054/054 (107).jpg,054
054/054 (108).jpg,054
054/054 (109).jpg,054
054/054 (11).jpg,054
054/054 (110).jpg,054
054/054 (111).jpg,054
054/054 (112).jpg,054
054/054 (113).jpg,054
054/054 (114).jpg,054
054/054 (115).jpg,054
054/054 (116).jpg,054
054/054 (117).jpg,054
054/054 (118).jpg,054
054/054 (119).jpg,054
054/054 (12).jpg,054
054/054 (120).jpg,054
054/054 (121).jpg,054
054/054 (122).jpg,054
054/054 (123).jpg,054
054/054 (124).jpg,054
054/054 (125).jpg,054
054/054 (126).jpg,054
054/054 (127).jpg,054
054/054 (128).jpg,054
054/054 (129).jpg,054
054/054 (13).jpg,054
054/054 (130).jpg,054
054/054 (131).jpg,054
054/054 (132).jpg,054
054/054 (133).jpg,054
054/054 (134).jpg,054
054/054 (135).jpg,054
054/054 (136).jpg,054
054/054 (137).jpg,054
054/054 (138).jpg,054
054/054 (139).jpg,054
054/054 (14).jpg,054
054/054 (140).jpg,054
054/054 (141).jpg,054
054/054 (142).jpg,054
054/054 (143).jpg,054
054/054 (144).jpg,054
054/054 (145).jpg,054
054/054 (146).jpg,054
054/054 (147).jpg,054
054/054 (148).jpg,054
054/054 (149).jpg,054
054/054 (15).jpg,054
054/054 (150).jpg,054
054/054 (151).jpg,054
054/054 (152).jpg,054
054/054 (153).jpg,054
054/054 (154).jpg,054
054/054 (155).jpg,054
054/054 (156).jpg,054
054/054 (157).jpg,054
054/054 (158).jpg,054
054/054 (159).jpg,054
054/054 (16).jpg,054
054/054 (160).jpg,054
054/054 (161).jpg,054
054/054 (162).jpg,054
054/054 (163).jpg,054
054/054 (164).jpg,054
054/054 (165).jpg,054
054/054 (166).jpg,054
054/054 (167).jpg,054
054/054 (168).jpg,054
054/054 (169).jpg,054
054/054 (17).jpg,054
054/054 (170).jpg,054
054/054 (171).jpg,054
054/054 (172).jpg,054
054/054 (173).jpg,054
054/054 (174).jpg,054
054/054 (175).jpg,054
054/054 (176).jpg,054
054/054 (177).jpg,054
054/054 (178).jpg,054
054/054 (179).jpg,054
054/054 (18).jpg,054
054/054 (180).jpg,054
054/054 (181).jpg,054
054/054 (182).jpg,054
054/054 (183).jpg,054
054/054 (184).jpg,054
054/054 (185).jpg,054
054/054 (186).jpg,054
054/054 (187).jpg,054
054/054 (188).jpg,054
054/054 (189).jpg,054
054/054 (19).jpg,054
054/054 (190).jpg,054
054/054 (191).jpg,054
054/054 (192).jpg,054
054/054 (193).jpg,054
054/054 (194).jpg,054
054/054 (2).jpg,054
054/054 (20).jpg,054
054/054 (21).jpg,054
054/054 (22).jpg,054
054/054 (23).jpg,054
054/054 (24).jpg,054
054/054 (25).jpg,054
054/054 (26).jpg,054
054/054 (27).jpg,054
054/054 (28).jpg,054
054/054 (29).jpg,054
054/054 (3).jpg,054
054/054 (30).jpg,054
054/054 (31).jpg,054
054/054 (32).jpg,054
054/054 (33).jpg,054
054/054 (34).jpg,054
054/054 (35).jpg,054
054/054 (36).jpg,054
054/054 (37).jpg,054
054/054 (38).jpg,054
054/054 (39).jpg,054
054/054 (4).jpg,054
054/054 (40).jpg,054
054/054 (41).jpg,054
054/054 (42).jpg,054
054/054 (43).jpg,054
054/054 (44).jpg,054
054/054 (45).jpg,054
054/054 (46).jpg,054
054/054 (47).jpg,054
054/054 (48).jpg,054
054/054 (49).jpg,054
054/054 (5).jpg,054
054/054 (50).jpg,054
054/054 (51).jpg,054
054/054 (52).jpg,054
054/054 (53).jpg,054
054/054 (54).jpg,054
054/054 (55).jpg,054
054/054 (56).jpg,054
054/054 (57).jpg,054
054/054 (58).jpg,054
054/054 (59).jpg,054
054/054 (6).jpg,054
054/054 (60).jpg,054
054/054 (61).jpg,054
054/054 (62).jpg,054
054/054 (63).jpg,054
054/054 (64).jpg,054
054/054 (65).jpg,054
054/054 (66).jpg,054
054/054 (67).jpg,054
054/054 (68).jpg,054
054/054 (69).jpg,054
054/054 (7).jpg,054
054/054 (70).jpg,054
054/054 (71).jpg,054
054/054 (72).jpg,054
054/054 (73).jpg,054
054/054 (74).jpg,054
054/054 (75).jpg,054
054/054 (76).jpg,054
054/054 (77).jpg,054
054/054 (78).jpg,054
054/054 (79).jpg,054
054/054 (8).jpg,054
054/054 (80).jpg,054
054/054 (81).jpg,054
054/054 (82).jpg,054
054/054 (83).jpg,054
054/054 (84).jpg,054
054/054 (85).jpg,054
054/054 (86).jpg,054
054/054 (87).jpg,054
054/054 (88).jpg,054
054/054 (89).jpg,054
054/054 (9).jpg,054
054/054 (90).jpg,054
054/054 (91).jpg,054
054/054 (92).jpg,054
054/054 (93).jpg,054
054/054 (94).jpg,054
054/054 (95).jpg,054
054/054 (96).jpg,054
054/054 (97).jpg,054
054/054 (98).jpg,054
054/054 (99).jpg,054
055/055 (1).jpg,055
055/055 (10).jpg,055
055/055 (100).jpg,055
055/055 (101).jpg,055
055/055 (102).jpg,055
055/055 (103).jpg,055
055/055 (104).jpg,055
055/055 (105).jpg,055
055/055 (106).jpg,055
055/055 (107).jpg,055
055/055 (108).jpg,055
055/055 (109).jpg,055
055/055 (11).jpg,055
055/055 (110).jpg,055
055/055 (111).jpg,055
055/055 (112).jpg,055
055/055 (113).jpg,055
055/055 (114).jpg,055
055/055 (115).jpg,055
055/055 (116).jpg,055
055/055 (117).jpg,055
055/055 (118).jpg,055
055/055 (119).jpg,055
055/055 (12).jpg,055
055/055 (120).jpg,055
055/055 (121).jpg,055
055/055 (122).jpg,055
055/055 (123).jpg,055
055/055 (124).jpg,055
055/055 (125).jpg,055
055/055 (126).jpg,055
055/055 (127).jpg,055
055/055 (128).jpg,055
055/055 (129).jpg,055
055/055 (13).jpg,055
055/055 (130).jpg,055
055/055 (131).jpg,055
055/055 (132).jpg,055
055/055 (133).jpg,055
055/055 (134).jpg,055
055/055 (135).jpg,055
055/055 (136).jpg,055
055/055 (137).jpg,055
055/055 (138).jpg,055
055/055 (139).jpg,055
055/055 (14).jpg,055
055/055 (140).jpg,055
055/055 (141).jpg,055
055/055 (142).jpg,055
055/055 (143).jpg,055
055/055 (144).jpg,055
055/055 (145).jpg,055
055/055 (146).jpg,055
055/055 (147).jpg,055
055/055 (148).jpg,055
055/055 (149).jpg,055
055/055 (15).jpg,055
055/055 (150).jpg,055
055/055 (151).jpg,055
055/055 (152).jpg,055
055/055 (153).jpg,055
055/055 (154).jpg,055
055/055 (155).jpg,055
055/055 (156).jpg,055
055/055 (157).jpg,055
055/055 (158).jpg,055
055/055 (159).jpg,055
055/055 (16).jpg,055
055/055 (160).jpg,055
055/055 (17).jpg,055
055/055 (18).jpg,055
055/055 (19).jpg,055
055/055 (2).jpg,055
055/055 (20).jpg,055
055/055 (21).jpg,055
055/055 (22).jpg,055
055/055 (23).jpg,055
055/055 (24).jpg,055
055/055 (25).jpg,055
055/055 (26).jpg,055
055/055 (27).jpg,055
055/055 (28).jpg,055
055/055 (29).jpg,055
055/055 (3).jpg,055
055/055 (30).jpg,055
055/055 (31).jpg,055
055/055 (32).jpg,055
055/055 (33).jpg,055
055/055 (34).jpg,055
055/055 (35).jpg,055
055/055 (36).jpg,055
055/055 (37).jpg,055
055/055 (38).jpg,055
055/055 (39).jpg,055
055/055 (4).jpg,055
055/055 (40).jpg,055
055/055 (41).jpg,055
055/055 (42).jpg,055
055/055 (43).jpg,055
055/055 (44).jpg,055
055/055 (45).jpg,055
055/055 (46).jpg,055
055/055 (47).jpg,055
055/055 (48).jpg,055
055/055 (49).jpg,055
055/055 (5).jpg,055
055/055 (50).jpg,055
055/055 (51).jpg,055
055/055 (52).jpg,055
055/055 (53).jpg,055
055/055 (54).jpg,055
055/055 (55).jpg,055
055/055 (56).jpg,055
055/055 (57).jpg,055
055/055 (58).jpg,055
055/055 (59).jpg,055
055/055 (6).jpg,055
055/055 (60).jpg,055
055/055 (61).jpg,055
055/055 (62).jpg,055
055/055 (63).jpg,055
055/055 (64).jpg,055
055/055 (65).jpg,055
055/055 (66).jpg,055
055/055 (67).jpg,055
055/055 (68).jpg,055
055/055 (69).jpg,055
055/055 (7).jpg,055
055/055 (70).jpg,055
055/055 (71).jpg,055
055/055 (72).jpg,055
055/055 (73).jpg,055
055/055 (74).jpg,055
055/055 (75).jpg,055
055/055 (76).jpg,055
055/055 (77).jpg,055
055/055 (78).jpg,055
055/055 (79).jpg,055
055/055 (8).jpg,055
055/055 (80).jpg,055
055/055 (81).jpg,055
055/055 (82).jpg,055
055/055 (83).jpg,055
055/055 (84).jpg,055
055/055 (85).jpg,055
055/055 (86).jpg,055
055/055 (87).jpg,055
055/055 (88).jpg,055
055/055 (89).jpg,055
055/055 (9).jpg,055
055/055 (90).jpg,055
055/055 (91).jpg,055
055/055 (92).jpg,055
055/055 (93).jpg,055
055/055 (94).jpg,055
055/055 (95).jpg,055
055/055 (96).jpg,055
055/055 (97).jpg,055
055/055 (98).jpg,055
055/055 (99).jpg,055
056/056 (1).jpg,056
056/056 (10).jpg,056
056/056 (100).jpg,056
056/056 (101).jpg,056
056/056 (102).jpg,056
056/056 (103).jpg,056
056/056 (104).jpg,056
056/056 (105).jpg,056
056/056 (106).jpg,056
056/056 (107).jpg,056
056/056 (108).jpg,056
056/056 (109).jpg,056
056/056 (11).jpg,056
056/056 (110).jpg,056
056/056 (111).jpg,056
056/056 (112).jpg,056
056/056 (113).jpg,056
056/056 (114).jpg,056
056/056 (115).jpg,056
056/056 (116).jpg,056
056/056 (117).jpg,056
056/056 (118).jpg,056
056/056 (119).jpg,056
056/056 (12).jpg,056
056/056 (120).jpg,056
056/056 (121).jpg,056
056/056 (122).jpg,056
056/056 (123).jpg,056
056/056 (124).jpg,056
056/056 (125).jpg,056
056/056 (126).jpg,056
056/056 (127).jpg,056
056/056 (128).jpg,056
056/056 (129).jpg,056
056/056 (13).jpg,056
056/056 (130).jpg,056
056/056 (131).jpg,056
056/056 (132).jpg,056
056/056 (133).jpg,056
056/056 (134).jpg,056
056/056 (135).jpg,056
056/056 (136).jpg,056
056/056 (137).jpg,056
056/056 (138).jpg,056
056/056 (139).jpg,056
056/056 (14).jpg,056
056/056 (140).jpg,056
056/056 (141).jpg,056
056/056 (142).jpg,056
056/056 (143).jpg,056
056/056 (144).jpg,056
056/056 (145).jpg,056
056/056 (146).jpg,056
056/056 (147).jpg,056
056/056 (148).jpg,056
056/056 (149).jpg,056
056/056 (15).jpg,056
056/056 (150).jpg,056
056/056 (151).jpg,056
056/056 (152).jpg,056
056/056 (153).jpg,056
056/056 (154).jpg,056
056/056 (155).jpg,056
056/056 (156).jpg,056
056/056 (157).jpg,056
056/056 (158).jpg,056
056/056 (159).jpg,056
056/056 (16).jpg,056
056/056 (160).jpg,056
056/056 (161).jpg,056
056/056 (162).jpg,056
056/056 (163).jpg,056
056/056 (164).jpg,056
056/056 (165).jpg,056
056/056 (166).jpg,056
056/056 (167).jpg,056
056/056 (168).jpg,056
056/056 (169).jpg,056
056/056 (17).jpg,056
056/056 (170).jpg,056
056/056 (171).jpg,056
056/056 (172).jpg,056
056/056 (173).jpg,056
056/056 (174).jpg,056
056/056 (175).jpg,056
056/056 (176).jpg,056
056/056 (177).jpg,056
056/056 (178).jpg,056
056/056 (179).jpg,056
056/056 (18).jpg,056
056/056 (180).jpg,056
056/056 (181).jpg,056
056/056 (182).jpg,056
056/056 (183).jpg,056
056/056 (184).jpg,056
056/056 (185).jpg,056
056/056 (186).jpg,056
056/056 (187).jpg,056
056/056 (188).jpg,056
056/056 (189).jpg,056
056/056 (19).jpg,056
056/056 (190).jpg,056
056/056 (191).jpg,056
056/056 (192).jpg,056
056/056 (193).jpg,056
056/056 (194).jpg,056
056/056 (195).jpg,056
056/056 (196).jpg,056
056/056 (197).jpg,056
056/056 (198).jpg,056
056/056 (199).jpg,056
056/056 (2).jpg,056
056/056 (20).jpg,056
056/056 (21).jpg,056
056/056 (22).jpg,056
056/056 (23).jpg,056
056/056 (24).jpg,056
056/056 (25).jpg,056
056/056 (26).jpg,056
056/056 (27).jpg,056
056/056 (28).jpg,056
056/056 (29).jpg,056
056/056 (3).jpg,056
056/056 (30).jpg,056
056/056 (31).jpg,056
056/056 (32).jpg,056
056/056 (33).jpg,056
056/056 (34).jpg,056
056/056 (35).jpg,056
056/056 (36).jpg,056
056/056 (37).jpg,056
056/056 (38).jpg,056
056/056 (39).jpg,056
056/056 (4).jpg,056
056/056 (40).jpg,056
056/056 (41).jpg,056
056/056 (42).jpg,056
056/056 (43).jpg,056
056/056 (44).jpg,056
056/056 (45).jpg,056
056/056 (46).jpg,056
056/056 (47).jpg,056
056/056 (48).jpg,056
056/056 (49).jpg,056
056/056 (5).jpg,056
056/056 (50).jpg,056
056/056 (51).jpg,056
056/056 (52).jpg,056
056/056 (53).jpg,056
056/056 (54).jpg,056
056/056 (55).jpg,056
056/056 (56).jpg,056
056/056 (57).jpg,056
056/056 (58).jpg,056
056/056 (59).jpg,056
056/056 (6).jpg,056
056/056 (60).jpg,056
056/056 (61).jpg,056
056/056 (62).jpg,056
056/056 (63).jpg,056
056/056 (64).jpg,056
056/056 (65).jpg,056
056/056 (66).jpg,056
056/056 (67).jpg,056
056/056 (68).jpg,056
056/056 (69).jpg,056
056/056 (7).jpg,056
056/056 (70).jpg,056
056/056 (71).jpg,056
056/056 (72).jpg,056
056/056 (73).jpg,056
056/056 (74).jpg,056
056/056 (75).jpg,056
056/056 (76).jpg,056
056/056 (77).jpg,056
056/056 (78).jpg,056
056/056 (79).jpg,056
056/056 (8).jpg,056
056/056 (80).jpg,056
056/056 (81).jpg,056
056/056 (82).jpg,056
056/056 (83).jpg,056
056/056 (84).jpg,056
056/056 (85).jpg,056
056/056 (86).jpg,056
056/056 (87).jpg,056
056/056 (88).jpg,056
056/056 (89).jpg,056
056/056 (9).jpg,056
056/056 (90).jpg,056
056/056 (91).jpg,056
056/056 (92).jpg,056
056/056 (93).jpg,056
056/056 (94).jpg,056
056/056 (95).jpg,056
056/056 (96).jpg,056
056/056 (97).jpg,056
056/056 (98).jpg,056
056/056 (99).jpg,056
057/057 (1).jpg,057
057/057 (10).jpg,057
057/057 (100).jpg,057
057/057 (101).jpg,057
057/057 (102).jpg,057
057/057 (103).jpg,057
057/057 (104).jpg,057
057/057 (105).jpg,057
057/057 (106).jpg,057
057/057 (107).jpg,057
057/057 (108).jpg,057
057/057 (109).jpg,057
057/057 (11).jpg,057
057/057 (110).jpg,057
057/057 (111).jpg,057
057/057 (112).jpg,057
057/057 (113).jpg,057
057/057 (114).jpg,057
057/057 (115).jpg,057
057/057 (116).jpg,057
057/057 (117).jpg,057
057/057 (118).jpg,057
057/057 (119).jpg,057
057/057 (12).jpg,057
057/057 (120).jpg,057
057/057 (121).jpg,057
057/057 (122).jpg,057
057/057 (123).jpg,057
057/057 (124).jpg,057
057/057 (125).jpg,057
057/057 (126).jpg,057
057/057 (127).jpg,057
057/057 (128).jpg,057
057/057 (129).jpg,057
057/057 (13).jpg,057
057/057 (130).jpg,057
057/057 (131).jpg,057
057/057 (132).jpg,057
057/057 (133).jpg,057
057/057 (134).jpg,057
057/057 (135).jpg,057
057/057 (136).jpg,057
057/057 (137).jpg,057
057/057 (138).jpg,057
057/057 (139).jpg,057
057/057 (14).jpg,057
057/057 (140).jpg,057
057/057 (141).jpg,057
057/057 (142).jpg,057
057/057 (143).jpg,057
057/057 (144).jpg,057
057/057 (145).jpg,057
057/057 (146).jpg,057
057/057 (147).jpg,057
057/057 (148).jpg,057
057/057 (149).jpg,057
057/057 (15).jpg,057
057/057 (150).jpg,057
057/057 (151).jpg,057
057/057 (152).jpg,057
057/057 (153).jpg,057
057/057 (154).jpg,057
057/057 (155).jpg,057
057/057 (156).jpg,057
057/057 (157).jpg,057
057/057 (158).jpg,057
057/057 (159).jpg,057
057/057 (16).jpg,057
057/057 (160).jpg,057
057/057 (161).jpg,057
057/057 (162).jpg,057
057/057 (163).jpg,057
057/057 (164).jpg,057
057/057 (165).jpg,057
057/057 (166).jpg,057
057/057 (167).jpg,057
057/057 (168).jpg,057
057/057 (169).jpg,057
057/057 (17).jpg,057
057/057 (170).jpg,057
057/057 (171).jpg,057
057/057 (172).jpg,057
057/057 (173).jpg,057
057/057 (174).jpg,057
057/057 (175).jpg,057
057/057 (176).jpg,057
057/057 (177).jpg,057
057/057 (178).jpg,057
057/057 (179).jpg,057
057/057 (18).jpg,057
057/057 (180).jpg,057
057/057 (181).jpg,057
057/057 (182).jpg,057
057/057 (183).jpg,057
057/057 (184).jpg,057
057/057 (185).jpg,057
057/057 (186).jpg,057
057/057 (187).jpg,057
057/057 (188).jpg,057
057/057 (189).jpg,057
057/057 (19).jpg,057
057/057 (190).jpg,057
057/057 (191).jpg,057
057/057 (192).jpg,057
057/057 (193).jpg,057
057/057 (194).jpg,057
057/057 (195).jpg,057
057/057 (196).jpg,057
057/057 (197).jpg,057
057/057 (198).jpg,057
057/057 (199).jpg,057
057/057 (2).jpg,057
057/057 (20).jpg,057
057/057 (200).jpg,057
057/057 (201).jpg,057
057/057 (202).jpg,057
057/057 (203).jpg,057
057/057 (204).jpg,057
057/057 (205).jpg,057
057/057 (206).jpg,057
057/057 (207).jpg,057
057/057 (208).jpg,057
057/057 (209).jpg,057
057/057 (21).jpg,057
057/057 (210).jpg,057
057/057 (211).jpg,057
057/057 (212).jpg,057
057/057 (213).jpg,057
057/057 (214).jpg,057
057/057 (22).jpg,057
057/057 (23).jpg,057
057/057 (24).jpg,057
057/057 (25).jpg,057
057/057 (26).jpg,057
057/057 (27).jpg,057
057/057 (28).jpg,057
057/057 (29).jpg,057
057/057 (3).jpg,057
057/057 (30).jpg,057
057/057 (31).jpg,057
057/057 (32).jpg,057
057/057 (33).jpg,057
057/057 (34).jpg,057
057/057 (35).jpg,057
057/057 (36).jpg,057
057/057 (37).jpg,057
057/057 (38).jpg,057
057/057 (39).jpg,057
057/057 (4).jpg,057
057/057 (40).jpg,057
057/057 (41).jpg,057
057/057 (42).jpg,057
057/057 (43).jpg,057
057/057 (44).jpg,057
057/057 (45).jpg,057
057/057 (46).jpg,057
057/057 (47).jpg,057
057/057 (48).jpg,057
057/057 (49).jpg,057
057/057 (5).jpg,057
057/057 (50).jpg,057
057/057 (51).jpg,057
057/057 (52).jpg,057
057/057 (53).jpg,057
057/057 (54).jpg,057
057/057 (55).jpg,057
057/057 (56).jpg,057
057/057 (57).jpg,057
057/057 (58).jpg,057
057/057 (59).jpg,057
057/057 (6).jpg,057
057/057 (60).jpg,057
057/057 (61).jpg,057
057/057 (62).jpg,057
057/057 (63).jpg,057
057/057 (64).jpg,057
057/057 (65).jpg,057
057/057 (66).jpg,057
057/057 (67).jpg,057
057/057 (68).jpg,057
057/057 (69).jpg,057
057/057 (7).jpg,057
057/057 (70).jpg,057
057/057 (71).jpg,057
057/057 (72).jpg,057
057/057 (73).jpg,057
057/057 (74).jpg,057
057/057 (75).jpg,057
057/057 (76).jpg,057
057/057 (77).jpg,057
057/057 (78).jpg,057
057/057 (79).jpg,057
057/057 (8).jpg,057
057/057 (80).jpg,057
057/057 (81).jpg,057
057/057 (82).jpg,057
057/057 (83).jpg,057
057/057 (84).jpg,057
057/057 (85).jpg,057
057/057 (86).jpg,057
057/057 (87).jpg,057
057/057 (88).jpg,057
057/057 (89).jpg,057
057/057 (9).jpg,057
057/057 (90).jpg,057
057/057 (91).jpg,057
057/057 (92).jpg,057
057/057 (93).jpg,057
057/057 (94).jpg,057
057/057 (95).jpg,057
057/057 (96).jpg,057
057/057 (97).jpg,057
057/057 (98).jpg,057
057/057 (99).jpg,057
058/058 (1).jpg,058
058/058 (10).jpg,058
058/058 (100).jpg,058
058/058 (101).jpg,058
058/058 (102).jpg,058
058/058 (103).jpg,058
058/058 (104).jpg,058
058/058 (105).jpg,058
058/058 (106).jpg,058
058/058 (107).jpg,058
058/058 (108).jpg,058
058/058 (109).jpg,058
058/058 (11).jpg,058
058/058 (110).jpg,058
058/058 (111).jpg,058
058/058 (112).jpg,058
058/058 (113).jpg,058
058/058 (114).jpg,058
058/058 (115).jpg,058
058/058 (116).jpg,058
058/058 (117).jpg,058
058/058 (118).jpg,058
058/058 (119).jpg,058
058/058 (12).jpg,058
058/058 (120).jpg,058
058/058 (121).jpg,058
058/058 (122).jpg,058
058/058 (123).jpg,058
058/058 (124).jpg,058
058/058 (125).jpg,058
058/058 (126).jpg,058
058/058 (127).jpg,058
058/058 (128).jpg,058
058/058 (129).jpg,058
058/058 (13).jpg,058
058/058 (130).jpg,058
058/058 (131).jpg,058
058/058 (132).jpg,058
058/058 (133).jpg,058
058/058 (134).jpg,058
058/058 (135).jpg,058
058/058 (136).jpg,058
058/058 (137).jpg,058
058/058 (138).jpg,058
058/058 (139).jpg,058
058/058 (14).jpg,058
058/058 (140).jpg,058
058/058 (141).jpg,058
058/058 (142).jpg,058
058/058 (143).jpg,058
058/058 (144).jpg,058
058/058 (145).jpg,058
058/058 (146).jpg,058
058/058 (147).jpg,058
058/058 (148).jpg,058
058/058 (149).jpg,058
058/058 (15).jpg,058
058/058 (150).jpg,058
058/058 (151).jpg,058
058/058 (152).jpg,058
058/058 (153).jpg,058
058/058 (154).jpg,058
058/058 (155).jpg,058
058/058 (156).jpg,058
058/058 (157).jpg,058
058/058 (158).jpg,058
058/058 (159).jpg,058
058/058 (16).jpg,058
058/058 (160).jpg,058
058/058 (17).jpg,058
058/058 (18).jpg,058
058/058 (19).jpg,058
058/058 (2).jpg,058
058/058 (20).jpg,058
058/058 (21).jpg,058
058/058 (22).jpg,058
058/058 (23).jpg,058
058/058 (24).jpg,058
058/058 (25).jpg,058
058/058 (26).jpg,058
058/058 (27).jpg,058
058/058 (28).jpg,058
058/058 (29).jpg,058
058/058 (3).jpg,058
058/058 (30).jpg,058
058/058 (31).jpg,058
058/058 (32).jpg,058
058/058 (33).jpg,058
058/058 (34).jpg,058
058/058 (35).jpg,058
058/058 (36).jpg,058
058/058 (37).jpg,058
058/058 (38).jpg,058
058/058 (39).jpg,058
058/058 (4).jpg,058
058/058 (40).jpg,058
058/058 (41).jpg,058
058/058 (42).jpg,058
058/058 (43).jpg,058
058/058 (44).jpg,058
058/058 (45).jpg,058
058/058 (46).jpg,058
058/058 (47).jpg,058
058/058 (48).jpg,058
058/058 (49).jpg,058
058/058 (5).jpg,058
058/058 (50).jpg,058
058/058 (51).jpg,058
058/058 (52).jpg,058
058/058 (53).jpg,058
058/058 (54).jpg,058
058/058 (55).jpg,058
058/058 (56).jpg,058
058/058 (57).jpg,058
058/058 (58).jpg,058
058/058 (59).jpg,058
058/058 (6).jpg,058
058/058 (60).jpg,058
058/058 (61).jpg,058
058/058 (62).jpg,058
058/058 (63).jpg,058
058/058 (64).jpg,058
058/058 (65).jpg,058
058/058 (66).jpg,058
058/058 (67).jpg,058
058/058 (68).jpg,058
058/058 (69).jpg,058
058/058 (7).jpg,058
058/058 (70).jpg,058
058/058 (71).jpg,058
058/058 (72).jpg,058
058/058 (73).jpg,058
058/058 (74).jpg,058
058/058 (75).jpg,058
058/058 (76).jpg,058
058/058 (77).jpg,058
058/058 (78).jpg,058
058/058 (79).jpg,058
058/058 (8).jpg,058
058/058 (80).jpg,058
058/058 (81).jpg,058
058/058 (82).jpg,058
058/058 (83).jpg,058
058/058 (84).jpg,058
058/058 (85).jpg,058
058/058 (86).jpg,058
058/058 (87).jpg,058
058/058 (88).jpg,058
058/058 (89).jpg,058
058/058 (9).jpg,058
058/058 (90).jpg,058
058/058 (91).jpg,058
058/058 (92).jpg,058
058/058 (93).jpg,058
058/058 (94).jpg,058
058/058 (95).jpg,058
058/058 (96).jpg,058
058/058 (97).jpg,058
058/058 (98).jpg,058
058/058 (99).jpg,058
059/059 (1).jpg,059
059/059 (10).jpg,059
059/059 (100).jpg,059
059/059 (101).jpg,059
059/059 (102).jpg,059
059/059 (103).jpg,059
059/059 (104).jpg,059
059/059 (105).jpg,059
059/059 (106).jpg,059
059/059 (107).jpg,059
059/059 (108).jpg,059
059/059 (109).jpg,059
059/059 (11).jpg,059
059/059 (110).jpg,059
059/059 (111).jpg,059
059/059 (112).jpg,059
059/059 (113).jpg,059
059/059 (114).jpg,059
059/059 (115).jpg,059
059/059 (116).jpg,059
059/059 (117).jpg,059
059/059 (118).jpg,059
059/059 (119).jpg,059
059/059 (12).jpg,059
059/059 (120).jpg,059
059/059 (121).jpg,059
059/059 (122).jpg,059
059/059 (123).jpg,059
059/059 (124).jpg,059
059/059 (125).jpg,059
059/059 (126).jpg,059
059/059 (127).jpg,059
059/059 (128).jpg,059
059/059 (129).jpg,059
059/059 (13).jpg,059
059/059 (130).jpg,059
059/059 (131).jpg,059
059/059 (132).jpg,059
059/059 (133).jpg,059
059/059 (134).jpg,059
059/059 (135).jpg,059
059/059 (136).jpg,059
059/059 (137).jpg,059
059/059 (138).jpg,059
059/059 (139).jpg,059
059/059 (14).jpg,059
059/059 (140).jpg,059
059/059 (141).jpg,059
059/059 (142).jpg,059
059/059 (143).jpg,059
059/059 (144).jpg,059
059/059 (145).jpg,059
059/059 (146).jpg,059
059/059 (147).jpg,059
059/059 (148).jpg,059
059/059 (149).jpg,059
059/059 (15).jpg,059
059/059 (150).jpg,059
059/059 (151).jpg,059
059/059 (152).jpg,059
059/059 (153).jpg,059
059/059 (154).jpg,059
059/059 (155).jpg,059
059/059 (156).jpg,059
059/059 (157).jpg,059
059/059 (158).jpg,059
059/059 (159).jpg,059
059/059 (16).jpg,059
059/059 (160).jpg,059
059/059 (161).jpg,059
059/059 (162).jpg,059
059/059 (163).jpg,059
059/059 (164).jpg,059
059/059 (165).jpg,059
059/059 (166).jpg,059
059/059 (167).jpg,059
059/059 (168).jpg,059
059/059 (169).jpg,059
059/059 (17).jpg,059
059/059 (170).jpg,059
059/059 (171).jpg,059
059/059 (172).jpg,059
059/059 (173).jpg,059
059/059 (174).jpg,059
059/059 (175).jpg,059
059/059 (176).jpg,059
059/059 (177).jpg,059
059/059 (178).jpg,059
059/059 (179).jpg,059
059/059 (18).jpg,059
059/059 (180).jpg,059
059/059 (181).jpg,059
059/059 (182).jpg,059
059/059 (183).jpg,059
059/059 (184).jpg,059
059/059 (185).jpg,059
059/059 (186).jpg,059
059/059 (187).jpg,059
059/059 (188).jpg,059
059/059 (189).jpg,059
059/059 (19).jpg,059
059/059 (190).jpg,059
059/059 (191).jpg,059
059/059 (192).jpg,059
059/059 (193).jpg,059
059/059 (194).jpg,059
059/059 (195).jpg,059
059/059 (196).jpg,059
059/059 (197).jpg,059
059/059 (198).jpg,059
059/059 (199).jpg,059
059/059 (2).jpg,059
059/059 (20).jpg,059
059/059 (200).jpg,059
059/059 (201).jpg,059
059/059 (202).jpg,059
059/059 (203).jpg,059
059/059 (204).jpg,059
059/059 (205).jpg,059
059/059 (206).jpg,059
059/059 (207).jpg,059
059/059 (208).jpg,059
059/059 (21).jpg,059
059/059 (22).jpg,059
059/059 (23).jpg,059
059/059 (24).jpg,059
059/059 (25).jpg,059
059/059 (26).jpg,059
059/059 (27).jpg,059
059/059 (28).jpg,059
059/059 (29).jpg,059
059/059 (3).jpg,059
059/059 (30).jpg,059
059/059 (31).jpg,059
059/059 (32).jpg,059
059/059 (33).jpg,059
059/059 (34).jpg,059
059/059 (35).jpg,059
059/059 (36).jpg,059
059/059 (37).jpg,059
059/059 (38).jpg,059
059/059 (39).jpg,059
059/059 (4).jpg,059
059/059 (40).jpg,059
059/059 (41).jpg,059
059/059 (42).jpg,059
059/059 (43).jpg,059
059/059 (44).jpg,059
059/059 (45).jpg,059
059/059 (46).jpg,059
059/059 (47).jpg,059
059/059 (48).jpg,059
059/059 (49).jpg,059
059/059 (5).jpg,059
059/059 (50).jpg,059
059/059 (51).jpg,059
059/059 (52).jpg,059
059/059 (53).jpg,059
059/059 (54).jpg,059
059/059 (55).jpg,059
059/059 (56).jpg,059
059/059 (57).jpg,059
059/059 (58).jpg,059
059/059 (59).jpg,059
059/059 (6).jpg,059
059/059 (60).jpg,059
059/059 (61).jpg,059
059/059 (62).jpg,059
059/059 (63).jpg,059
059/059 (64).jpg,059
059/059 (65).jpg,059
059/059 (66).jpg,059
059/059 (67).jpg,059
059/059 (68).jpg,059
059/059 (69).jpg,059
059/059 (7).jpg,059
059/059 (70).jpg,059
059/059 (71).jpg,059
059/059 (72).jpg,059
059/059 (73).jpg,059
059/059 (74).jpg,059
059/059 (75).jpg,059
059/059 (76).jpg,059
059/059 (77).jpg,059
059/059 (78).jpg,059
059/059 (79).jpg,059
059/059 (8).jpg,059
059/059 (80).jpg,059
059/059 (81).jpg,059
059/059 (82).jpg,059
059/059 (83).jpg,059
059/059 (84).jpg,059
059/059 (85).jpg,059
059/059 (86).jpg,059
059/059 (87).jpg,059
059/059 (88).jpg,059
059/059 (89).jpg,059
059/059 (9).jpg,059
059/059 (90).jpg,059
059/059 (91).jpg,059
059/059 (92).jpg,059
059/059 (93).jpg,059
059/059 (94).jpg,059
059/059 (95).jpg,059
059/059 (96).jpg,059
059/059 (97).jpg,059
059/059 (98).jpg,059
059/059 (99).jpg,059
060/060 (1).jpg,060
060/060 (10).jpg,060
060/060 (100).jpg,060
060/060 (101).jpg,060
060/060 (102).jpg,060
060/060 (103).jpg,060
060/060 (104).jpg,060
060/060 (105).jpg,060
060/060 (106).jpg,060
060/060 (107).jpg,060
060/060 (108).jpg,060
060/060 (109).jpg,060
060/060 (11).jpg,060
060/060 (110).jpg,060
060/060 (111).jpg,060
060/060 (112).jpg,060
060/060 (113).jpg,060
060/060 (114).jpg,060
060/060 (115).jpg,060
060/060 (116).jpg,060
060/060 (117).jpg,060
060/060 (118).jpg,060
060/060 (119).jpg,060
060/060 (12).jpg,060
060/060 (120).jpg,060
060/060 (121).jpg,060
060/060 (122).jpg,060
060/060 (123).jpg,060
060/060 (124).jpg,060
060/060 (125).jpg,060
060/060 (126).jpg,060
060/060 (127).jpg,060
060/060 (128).jpg,060
060/060 (129).jpg,060
060/060 (13).jpg,060
060/060 (130).jpg,060
060/060 (131).jpg,060
060/060 (132).jpg,060
060/060 (133).jpg,060
060/060 (134).jpg,060
060/060 (135).jpg,060
060/060 (136).jpg,060
060/060 (137).jpg,060
060/060 (138).jpg,060
060/060 (139).jpg,060
060/060 (14).jpg,060
060/060 (140).jpg,060
060/060 (141).jpg,060
060/060 (142).jpg,060
060/060 (143).jpg,060
060/060 (144).jpg,060
060/060 (145).jpg,060
060/060 (146).jpg,060
060/060 (147).jpg,060
060/060 (148).jpg,060
060/060 (149).jpg,060
060/060 (15).jpg,060
060/060 (150).jpg,060
060/060 (151).jpg,060
060/060 (152).jpg,060
060/060 (153).jpg,060
060/060 (154).jpg,060
060/060 (155).jpg,060
060/060 (156).jpg,060
060/060 (157).jpg,060
060/060 (158).jpg,060
060/060 (159).jpg,060
060/060 (16).jpg,060
060/060 (160).jpg,060
060/060 (161).jpg,060
060/060 (162).jpg,060
060/060 (163).jpg,060
060/060 (164).jpg,060
060/060 (165).jpg,060
060/060 (166).jpg,060
060/060 (167).jpg,060
060/060 (168).jpg,060
060/060 (169).jpg,060
060/060 (17).jpg,060
060/060 (170).jpg,060
060/060 (171).jpg,060
060/060 (172).jpg,060
060/060 (173).jpg,060
060/060 (174).jpg,060
060/060 (175).jpg,060
060/060 (176).jpg,060
060/060 (177).jpg,060
060/060 (178).jpg,060
060/060 (179).jpg,060
060/060 (18).jpg,060
060/060 (180).jpg,060
060/060 (181).jpg,060
060/060 (182).jpg,060
060/060 (19).jpg,060
060/060 (2).jpg,060
060/060 (20).jpg,060
060/060 (21).jpg,060
060/060 (22).jpg,060
060/060 (23).jpg,060
060/060 (24).jpg,060
060/060 (25).jpg,060
060/060 (26).jpg,060
060/060 (27).jpg,060
060/060 (28).jpg,060
060/060 (29).jpg,060
060/060 (3).jpg,060
060/060 (30).jpg,060
060/060 (31).jpg,060
060/060 (32).jpg,060
060/060 (33).jpg,060
060/060 (34).jpg,060
060/060 (35).jpg,060
060/060 (36).jpg,060
060/060 (37).jpg,060
060/060 (38).jpg,060
060/060 (39).jpg,060
060/060 (4).jpg,060
060/060 (40).jpg,060
060/060 (41).jpg,060
060/060 (42).jpg,060
060/060 (43).jpg,060
060/060 (44).jpg,060
060/060 (45).jpg,060
060/060 (46).jpg,060
060/060 (47).jpg,060
060/060 (48).jpg,060
060/060 (49).jpg,060
060/060 (5).jpg,060
060/060 (50).jpg,060
060/060 (51).jpg,060
060/060 (52).jpg,060
060/060 (53).jpg,060
060/060 (54).jpg,060
060/060 (55).jpg,060
060/060 (56).jpg,060
060/060 (57).jpg,060
060/060 (58).jpg,060
060/060 (59).jpg,060
060/060 (6).jpg,060
060/060 (60).jpg,060
060/060 (61).jpg,060
060/060 (62).jpg,060
060/060 (63).jpg,060
060/060 (64).jpg,060
060/060 (65).jpg,060
060/060 (66).jpg,060
060/060 (67).jpg,060
060/060 (68).jpg,060
060/060 (69).jpg,060
060/060 (7).jpg,060
060/060 (70).jpg,060
060/060 (71).jpg,060
060/060 (72).jpg,060
060/060 (73).jpg,060
060/060 (74).jpg,060
060/060 (75).jpg,060
060/060 (76).jpg,060
060/060 (77).jpg,060
060/060 (78).jpg,060
060/060 (79).jpg,060
060/060 (8).jpg,060
060/060 (80).jpg,060
060/060 (81).jpg,060
060/060 (82).jpg,060
060/060 (83).jpg,060
060/060 (84).jpg,060
060/060 (85).jpg,060
060/060 (86).jpg,060
060/060 (87).jpg,060
060/060 (88).jpg,060
060/060 (89).jpg,060
060/060 (9).jpg,060
060/060 (90).jpg,060
060/060 (91).jpg,060
060/060 (92).jpg,060
060/060 (93).jpg,060
060/060 (94).jpg,060
060/060 (95).jpg,060
060/060 (96).jpg,060
060/060 (97).jpg,060
060/060 (98).jpg,060
060/060 (99).jpg,060
061/061 (1).jpg,061
061/061 (10).jpg,061
061/061 (100).jpg,061
061/061 (101).jpg,061
061/061 (102).jpg,061
061/061 (103).jpg,061
061/061 (104).jpg,061
061/061 (105).jpg,061
061/061 (106).jpg,061
061/061 (107).jpg,061
061/061 (108).jpg,061
061/061 (109).jpg,061
061/061 (11).jpg,061
061/061 (110).jpg,061
061/061 (111).jpg,061
061/061 (112).jpg,061
061/061 (113).jpg,061
061/061 (114).jpg,061
061/061 (115).jpg,061
061/061 (116).jpg,061
061/061 (117).jpg,061
061/061 (118).jpg,061
061/061 (119).jpg,061
061/061 (12).jpg,061
061/061 (120).jpg,061
061/061 (121).jpg,061
061/061 (122).jpg,061
061/061 (123).jpg,061
061/061 (124).jpg,061
061/061 (125).jpg,061
061/061 (126).jpg,061
061/061 (127).jpg,061
061/061 (128).jpg,061
061/061 (129).jpg,061
061/061 (13).jpg,061
061/061 (130).jpg,061
061/061 (131).jpg,061
061/061 (132).jpg,061
061/061 (133).jpg,061
061/061 (134).jpg,061
061/061 (135).jpg,061
061/061 (136).jpg,061
061/061 (137).jpg,061
061/061 (138).jpg,061
061/061 (139).jpg,061
061/061 (14).jpg,061
061/061 (140).jpg,061
061/061 (141).jpg,061
061/061 (142).jpg,061
061/061 (143).jpg,061
061/061 (144).jpg,061
061/061 (145).jpg,061
061/061 (146).jpg,061
061/061 (147).jpg,061
061/061 (148).jpg,061
061/061 (149).jpg,061
061/061 (15).jpg,061
061/061 (150).jpg,061
061/061 (151).jpg,061
061/061 (152).jpg,061
061/061 (153).jpg,061
061/061 (154).jpg,061
061/061 (155).jpg,061
061/061 (156).jpg,061
061/061 (157).jpg,061
061/061 (158).jpg,061
061/061 (159).jpg,061
061/061 (16).jpg,061
061/061 (160).jpg,061
061/061 (161).jpg,061
061/061 (17).jpg,061
061/061 (18).jpg,061
061/061 (19).jpg,061
061/061 (2).jpg,061
061/061 (20).jpg,061
061/061 (21).jpg,061
061/061 (22).jpg,061
061/061 (23).jpg,061
061/061 (24).jpg,061
061/061 (25).jpg,061
061/061 (26).jpg,061
061/061 (27).jpg,061
061/061 (28).jpg,061
061/061 (29).jpg,061
061/061 (3).jpg,061
061/061 (30).jpg,061
061/061 (31).jpg,061
061/061 (32).jpg,061
061/061 (33).jpg,061
061/061 (34).jpg,061
061/061 (35).jpg,061
061/061 (36).jpg,061
061/061 (37).jpg,061
061/061 (38).jpg,061
061/061 (39).jpg,061
061/061 (4).jpg,061
061/061 (40).jpg,061
061/061 (41).jpg,061
061/061 (42).jpg,061
061/061 (43).jpg,061
061/061 (44).jpg,061
061/061 (45).jpg,061
061/061 (46).jpg,061
061/061 (47).jpg,061
061/061 (48).jpg,061
061/061 (49).jpg,061
061/061 (5).jpg,061
061/061 (50).jpg,061
061/061 (51).jpg,061
061/061 (52).jpg,061
061/061 (53).jpg,061
061/061 (54).jpg,061
061/061 (55).jpg,061
061/061 (56).jpg,061
061/061 (57).jpg,061
061/061 (58).jpg,061
061/061 (59).jpg,061
061/061 (6).jpg,061
061/061 (60).jpg,061
061/061 (61).jpg,061
061/061 (62).jpg,061
061/061 (63).jpg,061
061/061 (64).jpg,061
061/061 (65).jpg,061
061/061 (66).jpg,061
061/061 (67).jpg,061
061/061 (68).jpg,061
061/061 (69).jpg,061
061/061 (7).jpg,061
061/061 (70).jpg,061
061/061 (71).jpg,061
061/061 (72).jpg,061
061/061 (73).jpg,061
061/061 (74).jpg,061
061/061 (75).jpg,061
061/061 (76).jpg,061
061/061 (77).jpg,061
061/061 (78).jpg,061
061/061 (79).jpg,061
061/061 (8).jpg,061
061/061 (80).jpg,061
061/061 (81).jpg,061
061/061 (82).jpg,061
061/061 (83).jpg,061
061/061 (84).jpg,061
061/061 (85).jpg,061
061/061 (86).jpg,061
061/061 (87).jpg,061
061/061 (88).jpg,061
061/061 (89).jpg,061
061/061 (9).jpg,061
061/061 (90).jpg,061
061/061 (91).jpg,061
061/061 (92).jpg,061
061/061 (93).jpg,061
061/061 (94).jpg,061
061/061 (95).jpg,061
061/061 (96).jpg,061
061/061 (97).jpg,061
061/061 (98).jpg,061
061/061 (99).jpg,061
062/062 (1).jpg,062
062/062 (10).jpg,062
062/062 (100).jpg,062
062/062 (101).jpg,062
062/062 (102).jpg,062
062/062 (103).jpg,062
062/062 (104).jpg,062
062/062 (105).jpg,062
062/062 (106).jpg,062
062/062 (107).jpg,062
062/062 (108).jpg,062
062/062 (109).jpg,062
062/062 (11).jpg,062
062/062 (110).jpg,062
062/062 (111).jpg,062
062/062 (112).jpg,062
062/062 (113).jpg,062
062/062 (114).jpg,062
062/062 (115).jpg,062
062/062 (116).jpg,062
062/062 (117).jpg,062
062/062 (118).jpg,062
062/062 (119).jpg,062
062/062 (12).jpg,062
062/062 (120).jpg,062
062/062 (121).jpg,062
062/062 (122).jpg,062
062/062 (123).jpg,062
062/062 (124).jpg,062
062/062 (125).jpg,062
062/062 (126).jpg,062
062/062 (127).jpg,062
062/062 (128).jpg,062
062/062 (129).jpg,062
062/062 (13).jpg,062
062/062 (130).jpg,062
062/062 (131).jpg,062
062/062 (132).jpg,062
062/062 (133).jpg,062
062/062 (134).jpg,062
062/062 (135).jpg,062
062/062 (136).jpg,062
062/062 (137).jpg,062
062/062 (138).jpg,062
062/062 (139).jpg,062
062/062 (14).jpg,062
062/062 (140).jpg,062
062/062 (141).jpg,062
062/062 (142).jpg,062
062/062 (143).jpg,062
062/062 (144).jpg,062
062/062 (145).jpg,062
062/062 (146).jpg,062
062/062 (147).jpg,062
062/062 (148).jpg,062
062/062 (149).jpg,062
062/062 (15).jpg,062
062/062 (150).jpg,062
062/062 (151).jpg,062
062/062 (152).jpg,062
062/062 (153).jpg,062
062/062 (154).jpg,062
062/062 (155).jpg,062
062/062 (156).jpg,062
062/062 (157).jpg,062
062/062 (158).jpg,062
062/062 (159).jpg,062
062/062 (16).jpg,062
062/062 (160).jpg,062
062/062 (161).jpg,062
062/062 (162).jpg,062
062/062 (163).jpg,062
062/062 (164).jpg,062
062/062 (165).jpg,062
062/062 (17).jpg,062
062/062 (18).jpg,062
062/062 (19).jpg,062
062/062 (2).jpg,062
062/062 (20).jpg,062
062/062 (21).jpg,062
062/062 (22).jpg,062
062/062 (23).jpg,062
062/062 (24).jpg,062
062/062 (25).jpg,062
062/062 (26).jpg,062
062/062 (27).jpg,062
062/062 (28).jpg,062
062/062 (29).jpg,062
062/062 (3).jpg,062
062/062 (30).jpg,062
062/062 (31).jpg,062
062/062 (32).jpg,062
062/062 (33).jpg,062
062/062 (34).jpg,062
062/062 (35).jpg,062
062/062 (36).jpg,062
062/062 (37).jpg,062
062/062 (38).jpg,062
062/062 (39).jpg,062
062/062 (4).jpg,062
062/062 (40).jpg,062
062/062 (41).jpg,062
062/062 (42).jpg,062
062/062 (43).jpg,062
062/062 (44).jpg,062
062/062 (45).jpg,062
062/062 (46).jpg,062
062/062 (47).jpg,062
062/062 (48).jpg,062
062/062 (49).jpg,062
062/062 (5).jpg,062
062/062 (50).jpg,062
062/062 (51).jpg,062
062/062 (52).jpg,062
062/062 (53).jpg,062
062/062 (54).jpg,062
062/062 (55).jpg,062
062/062 (56).jpg,062
062/062 (57).jpg,062
062/062 (58).jpg,062
062/062 (59).jpg,062
062/062 (6).jpg,062
062/062 (60).jpg,062
062/062 (61).jpg,062
062/062 (62).jpg,062
062/062 (63).jpg,062
062/062 (64).jpg,062
062/062 (65).jpg,062
062/062 (66).jpg,062
062/062 (67).jpg,062
062/062 (68).jpg,062
062/062 (69).jpg,062
062/062 (7).jpg,062
062/062 (70).jpg,062
062/062 (71).jpg,062
062/062 (72).jpg,062
062/062 (73).jpg,062
062/062 (74).jpg,062
062/062 (75).jpg,062
062/062 (76).jpg,062
062/062 (77).jpg,062
062/062 (78).jpg,062
062/062 (79).jpg,062
062/062 (8).jpg,062
062/062 (80).jpg,062
062/062 (81).jpg,062
062/062 (82).jpg,062
062/062 (83).jpg,062
062/062 (84).jpg,062
062/062 (85).jpg,062
062/062 (86).jpg,062
062/062 (87).jpg,062
062/062 (88).jpg,062
062/062 (89).jpg,062
062/062 (9).jpg,062
062/062 (90).jpg,062
062/062 (91).jpg,062
062/062 (92).jpg,062
062/062 (93).jpg,062
062/062 (94).jpg,062
062/062 (95).jpg,062
062/062 (96).jpg,062
062/062 (97).jpg,062
062/062 (98).jpg,062
062/062 (99).jpg,062
063/1.jpg,063
063/10.jpg,063
063/11.jpg,063
063/12.jpg,063
063/13.jpg,063
063/14.jpg,063
063/15.jpg,063
063/16.jpg,063
063/17.jpg,063
063/18.jpg,063
063/2.jpg,063
063/3.jpg,063
063/4.jpg,063
063/5.jpg,063
063/6.jpg,063
063/7.jpg,063
063/8.jpg,063
063/9.jpg,063
063/Nhan_Phuc_Vinh (1)-1.jpg,063
063/Nhan_Phuc_Vinh (10)-1.jpg,063
063/Nhan_Phuc_Vinh (102)-2.jpg,063
063/Nhan_Phuc_Vinh (104)-2.jpg,063
063/Nhan_Phuc_Vinh (106)-3.jpg,063
063/Nhan_Phuc_Vinh (108)-3.jpg,063
063/Nhan_Phuc_Vinh (11)-4.jpg,063
063/Nhan_Phuc_Vinh (110)-5.jpg,063
063/Nhan_Phuc_Vinh (113)-6.jpg,063
063/Nhan_Phuc_Vinh (12)-7.jpg,063
063/Nhan_Phuc_Vinh (121)-8.jpg,063
063/Nhan_Phuc_Vinh (122)-9.jpg,063
063/Nhan_Phuc_Vinh (124)-10.jpg,063
063/Nhan_Phuc_Vinh (125)-4.jpg,063
063/Nhan_Phuc_Vinh (127)-11.jpg,063
063/Nhan_Phuc_Vinh (128)-1.jpg,063
063/Nhan_Phuc_Vinh (128)-5.jpg,063
063/Nhan_Phuc_Vinh (129)-12.jpg,063
063/Nhan_Phuc_Vinh (13)-6.jpg,063
063/Nhan_Phuc_Vinh (130)-7.jpg,063
063/Nhan_Phuc_Vinh (131)-13.jpg,063
063/Nhan_Phuc_Vinh (132)-14.jpg,063
063/Nhan_Phuc_Vinh (134)-15.jpg,063
063/Nhan_Phuc_Vinh (135)-16.jpg,063
063/Nhan_Phuc_Vinh (136)-8.jpg,063
063/Nhan_Phuc_Vinh (137)-17.jpg,063
063/Nhan_Phuc_Vinh (138)-18.jpg,063
063/Nhan_Phuc_Vinh (14)-9.jpg,063
063/Nhan_Phuc_Vinh (140)-19.jpg,063
063/Nhan_Phuc_Vinh (141)-20.jpg,063
063/Nhan_Phuc_Vinh (142)-21.jpg,063
063/Nhan_Phuc_Vinh (143)-10.jpg,063
063/Nhan_Phuc_Vinh (145)-11.jpg,063
063/Nhan_Phuc_Vinh (146)-22.jpg,063
063/Nhan_Phuc_Vinh (147)-12.jpg,063
063/Nhan_Phuc_Vinh (148)-13.jpg,063
063/Nhan_Phuc_Vinh (149)-23.jpg,063
063/Nhan_Phuc_Vinh (15)-24.jpg,063
063/Nhan_Phuc_Vinh (150)-25.jpg,063
063/Nhan_Phuc_Vinh (151)-26.jpg,063
063/Nhan_Phuc_Vinh (155)-27.jpg,063
063/Nhan_Phuc_Vinh (158)-14.jpg,063
063/Nhan_Phuc_Vinh (159)-15.jpg,063
063/Nhan_Phuc_Vinh (160)-28.jpg,063
063/Nhan_Phuc_Vinh (163)-16.jpg,063
063/Nhan_Phuc_Vinh (165)-1.jpg,063
063/Nhan_Phuc_Vinh (165)-17.jpg,063
063/Nhan_Phuc_Vinh (166)-29.jpg,063
063/Nhan_Phuc_Vinh (169)-30.jpg,063
063/Nhan_Phuc_Vinh (17)-18.jpg,063
063/Nhan_Phuc_Vinh (171)-31.jpg,063
063/Nhan_Phuc_Vinh (172)-32.jpg,063
063/Nhan_Phuc_Vinh (173)-33.jpg,063
063/Nhan_Phuc_Vinh (174)-19.jpg,063
063/Nhan_Phuc_Vinh (176)-20.jpg,063
063/Nhan_Phuc_Vinh (177)-21.jpg,063
063/Nhan_Phuc_Vinh (178)-1.jpg,063
063/Nhan_Phuc_Vinh (178)-22.jpg,063
063/Nhan_Phuc_Vinh (179)-23.jpg,063
063/Nhan_Phuc_Vinh (18)-34.jpg,063
063/Nhan_Phuc_Vinh (181)-35.jpg,063
063/Nhan_Phuc_Vinh (182)-36.jpg,063
063/Nhan_Phuc_Vinh (185)-37.jpg,063
063/Nhan_Phuc_Vinh (188)-24.jpg,063
063/Nhan_Phuc_Vinh (189)-38.jpg,063
063/Nhan_Phuc_Vinh (19)-39.jpg,063
063/Nhan_Phuc_Vinh (190)-40.jpg,063
063/Nhan_Phuc_Vinh (192)-41.jpg,063
063/Nhan_Phuc_Vinh (193)-25.jpg,063
063/Nhan_Phuc_Vinh (194)-26.jpg,063
063/Nhan_Phuc_Vinh (197)-27.jpg,063
063/Nhan_Phuc_Vinh (2)-28.jpg,063
063/Nhan_Phuc_Vinh (20)-42.jpg,063
063/Nhan_Phuc_Vinh (201)-43.jpg,063
063/Nhan_Phuc_Vinh (202)-44.jpg,063
063/Nhan_Phuc_Vinh (203)-45.jpg,063
063/Nhan_Phuc_Vinh (205)-29.jpg,063
063/Nhan_Phuc_Vinh (206)-46.jpg,063
063/Nhan_Phuc_Vinh (21)-47.jpg,063
063/Nhan_Phuc_Vinh (210)-30.jpg,063
063/Nhan_Phuc_Vinh (211)-48.jpg,063
063/Nhan_Phuc_Vinh (213)-1.jpg,063
063/Nhan_Phuc_Vinh (213)-31.jpg,063
063/Nhan_Phuc_Vinh (215)-32.jpg,063
063/Nhan_Phuc_Vinh (216)-33.jpg,063
063/Nhan_Phuc_Vinh (217)-1.jpg,063
063/Nhan_Phuc_Vinh (219)-34.jpg,063
063/Nhan_Phuc_Vinh (22)-49.jpg,063
063/Nhan_Phuc_Vinh (220)-50.jpg,063
063/Nhan_Phuc_Vinh (221)-35.jpg,063
063/Nhan_Phuc_Vinh (222)-36.jpg,063
063/Nhan_Phuc_Vinh (223)-51.jpg,063
063/Nhan_Phuc_Vinh (225)-37.jpg,063
063/Nhan_Phuc_Vinh (226)-52.jpg,063
063/Nhan_Phuc_Vinh (229)-53.jpg,063
063/Nhan_Phuc_Vinh (232)-38.jpg,063
063/Nhan_Phuc_Vinh (233)-54.jpg,063
063/Nhan_Phuc_Vinh (26)-55.jpg,063
063/Nhan_Phuc_Vinh (27)-56.jpg,063
063/Nhan_Phuc_Vinh (28)-39.jpg,063
063/Nhan_Phuc_Vinh (29)-40.jpg,063
063/Nhan_Phuc_Vinh (30)-41.jpg,063
063/Nhan_Phuc_Vinh (31)-57.jpg,063
063/Nhan_Phuc_Vinh (32)-58.jpg,063
063/Nhan_Phuc_Vinh (33)-59.jpg,063
063/Nhan_Phuc_Vinh (34)-42.jpg,063
063/Nhan_Phuc_Vinh (35)-60.jpg,063
063/Nhan_Phuc_Vinh (37)-43.jpg,063
063/Nhan_Phuc_Vinh (39)-44.jpg,063
063/Nhan_Phuc_Vinh (43)-61.jpg,063
063/Nhan_Phuc_Vinh (44)-62.jpg,063
063/Nhan_Phuc_Vinh (46)-63.jpg,063
063/Nhan_Phuc_Vinh (47)-45.jpg,063
063/Nhan_Phuc_Vinh (48)-64.jpg,063
063/Nhan_Phuc_Vinh (50)-65.jpg,063
063/Nhan_Phuc_Vinh (51)-46.jpg,063
063/Nhan_Phuc_Vinh (52)-66.jpg,063
063/Nhan_Phuc_Vinh (53)-67.jpg,063
063/Nhan_Phuc_Vinh (55)-47.jpg,063
063/Nhan_Phuc_Vinh (57)-68.jpg,063
063/Nhan_Phuc_Vinh (58)-69.jpg,063
063/Nhan_Phuc_Vinh (59)-48.jpg,063
063/Nhan_Phuc_Vinh (6)-70.jpg,063
063/Nhan_Phuc_Vinh (60)-71.jpg,063
063/Nhan_Phuc_Vinh (61)-72.jpg,063
063/Nhan_Phuc_Vinh (62)-73.jpg,063
063/Nhan_Phuc_Vinh (63)-49.jpg,063
063/Nhan_Phuc_Vinh (64)-74.jpg,063
063/Nhan_Phuc_Vinh (65)-75.jpg,063
063/Nhan_Phuc_Vinh (66)-76.jpg,063
063/Nhan_Phuc_Vinh (67)-77.jpg,063
063/Nhan_Phuc_Vinh (71)-50.jpg,063
063/Nhan_Phuc_Vinh (72)-51.jpg,063
063/Nhan_Phuc_Vinh (73)-52.jpg,063
063/Nhan_Phuc_Vinh (75)-53.jpg,063
063/Nhan_Phuc_Vinh (76)-54.jpg,063
063/Nhan_Phuc_Vinh (80)-55.jpg,063
063/Nhan_Phuc_Vinh (82)-56.jpg,063
063/Nhan_Phuc_Vinh (87)-57.jpg,063
063/Nhan_Phuc_Vinh (9)-58.jpg,063
063/Nhan_Phuc_Vinh (92)-59.jpg,063
063/Nhan_Phuc_Vinh (93)-60.jpg,063
063/Nhan_Phuc_Vinh (94)-61.jpg,063
063/Nhan_Phuc_Vinh (98)-62.jpg,063
064/064 (1).jpg,064
064/064 (10).jpg,064
064/064 (100).jpg,064
064/064 (101).jpg,064
064/064 (102).jpg,064
064/064 (103).jpg,064
064/064 (104).jpg,064
064/064 (105).jpg,064
064/064 (106).jpg,064
064/064 (107).jpg,064
064/064 (108).jpg,064
064/064 (109).jpg,064
064/064 (11).jpg,064
064/064 (110).jpg,064
064/064 (111).jpg,064
064/064 (112).jpg,064
064/064 (113).jpg,064
064/064 (114).jpg,064
064/064 (115).jpg,064
064/064 (116).jpg,064
064/064 (117).jpg,064
064/064 (118).jpg,064
064/064 (119).jpg,064
064/064 (12).jpg,064
064/064 (120).jpg,064
064/064 (121).jpg,064
064/064 (122).jpg,064
064/064 (123).jpg,064
064/064 (124).jpg,064
064/064 (125).jpg,064
064/064 (126).jpg,064
064/064 (127).jpg,064
064/064 (128).jpg,064
064/064 (129).jpg,064
064/064 (13).jpg,064
064/064 (130).jpg,064
064/064 (131).jpg,064
064/064 (132).jpg,064
064/064 (133).jpg,064
064/064 (134).jpg,064
064/064 (135).jpg,064
064/064 (136).jpg,064
064/064 (137).jpg,064
064/064 (138).jpg,064
064/064 (139).jpg,064
064/064 (14).jpg,064
064/064 (140).jpg,064
064/064 (141).jpg,064
064/064 (142).jpg,064
064/064 (143).jpg,064
064/064 (144).jpg,064
064/064 (145).jpg,064
064/064 (146).jpg,064
064/064 (147).jpg,064
064/064 (148).jpg,064
064/064 (149).jpg,064
064/064 (15).jpg,064
064/064 (150).jpg,064
064/064 (151).jpg,064
064/064 (152).jpg,064
064/064 (153).jpg,064
064/064 (154).jpg,064
064/064 (155).jpg,064
064/064 (156).jpg,064
064/064 (157).jpg,064
064/064 (158).jpg,064
064/064 (159).jpg,064
064/064 (16).jpg,064
064/064 (160).jpg,064
064/064 (17).jpg,064
064/064 (18).jpg,064
064/064 (19).jpg,064
064/064 (2).jpg,064
064/064 (20).jpg,064
064/064 (21).jpg,064
064/064 (22).jpg,064
064/064 (23).jpg,064
064/064 (24).jpg,064
064/064 (25).jpg,064
064/064 (26).jpg,064
064/064 (27).jpg,064
064/064 (28).jpg,064
064/064 (29).jpg,064
064/064 (3).jpg,064
064/064 (30).jpg,064
064/064 (31).jpg,064
064/064 (32).jpg,064
064/064 (33).jpg,064
064/064 (34).jpg,064
064/064 (35).jpg,064
064/064 (36).jpg,064
064/064 (37).jpg,064
064/064 (38).jpg,064
064/064 (39).jpg,064
064/064 (4).jpg,064
064/064 (40).jpg,064
064/064 (41).jpg,064
064/064 (42).jpg,064
064/064 (43).jpg,064
064/064 (44).jpg,064
064/064 (45).jpg,064
064/064 (46).jpg,064
064/064 (47).jpg,064
064/064 (48).jpg,064
064/064 (49).jpg,064
064/064 (5).jpg,064
064/064 (50).jpg,064
064/064 (51).jpg,064
064/064 (52).jpg,064
064/064 (53).jpg,064
064/064 (54).jpg,064
064/064 (55).jpg,064
064/064 (56).jpg,064
064/064 (57).jpg,064
064/064 (58).jpg,064
064/064 (59).jpg,064
064/064 (6).jpg,064
064/064 (60).jpg,064
064/064 (61).jpg,064
064/064 (62).jpg,064
064/064 (63).jpg,064
064/064 (64).jpg,064
064/064 (65).jpg,064
064/064 (66).jpg,064
064/064 (67).jpg,064
064/064 (68).jpg,064
064/064 (69).jpg,064
064/064 (7).jpg,064
064/064 (70).jpg,064
064/064 (71).jpg,064
064/064 (72).jpg,064
064/064 (73).jpg,064
064/064 (74).jpg,064
064/064 (75).jpg,064
064/064 (76).jpg,064
064/064 (77).jpg,064
064/064 (78).jpg,064
064/064 (79).jpg,064
064/064 (8).jpg,064
064/064 (80).jpg,064
064/064 (81).jpg,064
064/064 (82).jpg,064
064/064 (83).jpg,064
064/064 (84).jpg,064
064/064 (85).jpg,064
064/064 (86).jpg,064
064/064 (87).jpg,064
064/064 (88).jpg,064
064/064 (89).jpg,064
064/064 (9).jpg,064
064/064 (90).jpg,064
064/064 (91).jpg,064
064/064 (92).jpg,064
064/064 (93).jpg,064
064/064 (94).jpg,064
064/064 (95).jpg,064
064/064 (96).jpg,064
064/064 (97).jpg,064
064/064 (98).jpg,064
064/064 (99).jpg,064
065/065 (1).jpg,065
065/065 (10).jpg,065
065/065 (100).jpg,065
065/065 (101).jpg,065
065/065 (102).jpg,065
065/065 (103).jpg,065
065/065 (104).jpg,065
065/065 (105).jpg,065
065/065 (106).jpg,065
065/065 (107).jpg,065
065/065 (108).jpg,065
065/065 (109).jpg,065
065/065 (11).jpg,065
065/065 (110).jpg,065
065/065 (111).jpg,065
065/065 (112).jpg,065
065/065 (113).jpg,065
065/065 (114).jpg,065
065/065 (115).jpg,065
065/065 (116).jpg,065
065/065 (117).jpg,065
065/065 (118).jpg,065
065/065 (119).jpg,065
065/065 (12).jpg,065
065/065 (120).jpg,065
065/065 (121).jpg,065
065/065 (122).jpg,065
065/065 (123).jpg,065
065/065 (124).jpg,065
065/065 (125).jpg,065
065/065 (126).jpg,065
065/065 (127).jpg,065
065/065 (128).jpg,065
065/065 (129).jpg,065
065/065 (13).jpg,065
065/065 (130).jpg,065
065/065 (131).jpg,065
065/065 (132).jpg,065
065/065 (133).jpg,065
065/065 (134).jpg,065
065/065 (135).jpg,065
065/065 (136).jpg,065
065/065 (137).jpg,065
065/065 (138).jpg,065
065/065 (139).jpg,065
065/065 (14).jpg,065
065/065 (140).jpg,065
065/065 (141).jpg,065
065/065 (142).jpg,065
065/065 (143).jpg,065
065/065 (144).jpg,065
065/065 (145).jpg,065
065/065 (146).jpg,065
065/065 (147).jpg,065
065/065 (148).jpg,065
065/065 (149).jpg,065
065/065 (15).jpg,065
065/065 (150).jpg,065
065/065 (151).jpg,065
065/065 (152).jpg,065
065/065 (153).jpg,065
065/065 (154).jpg,065
065/065 (155).jpg,065
065/065 (156).jpg,065
065/065 (157).jpg,065
065/065 (158).jpg,065
065/065 (159).jpg,065
065/065 (16).jpg,065
065/065 (160).jpg,065
065/065 (17).jpg,065
065/065 (18).jpg,065
065/065 (19).jpg,065
065/065 (2).jpg,065
065/065 (20).jpg,065
065/065 (21).jpg,065
065/065 (22).jpg,065
065/065 (23).jpg,065
065/065 (24).jpg,065
065/065 (25).jpg,065
065/065 (26).jpg,065
065/065 (27).jpg,065
065/065 (28).jpg,065
065/065 (29).jpg,065
065/065 (3).jpg,065
065/065 (30).jpg,065
065/065 (31).jpg,065
065/065 (32).jpg,065
065/065 (33).jpg,065
065/065 (34).jpg,065
065/065 (35).jpg,065
065/065 (36).jpg,065
065/065 (37).jpg,065
065/065 (38).jpg,065
065/065 (39).jpg,065
065/065 (4).jpg,065
065/065 (40).jpg,065
065/065 (41).jpg,065
065/065 (42).jpg,065
065/065 (43).jpg,065
065/065 (44).jpg,065
065/065 (45).jpg,065
065/065 (46).jpg,065
065/065 (47).jpg,065
065/065 (48).jpg,065
065/065 (49).jpg,065
065/065 (5).jpg,065
065/065 (50).jpg,065
065/065 (51).jpg,065
065/065 (52).jpg,065
065/065 (53).jpg,065
065/065 (54).jpg,065
065/065 (55).jpg,065
065/065 (56).jpg,065
065/065 (57).jpg,065
065/065 (58).jpg,065
065/065 (59).jpg,065
065/065 (6).jpg,065
065/065 (60).jpg,065
065/065 (61).jpg,065
065/065 (62).jpg,065
065/065 (63).jpg,065
065/065 (64).jpg,065
065/065 (65).jpg,065
065/065 (66).jpg,065
065/065 (67).jpg,065
065/065 (68).jpg,065
065/065 (69).jpg,065
065/065 (7).jpg,065
065/065 (70).jpg,065
065/065 (71).jpg,065
065/065 (72).jpg,065
065/065 (73).jpg,065
065/065 (74).jpg,065
065/065 (75).jpg,065
065/065 (76).jpg,065
065/065 (77).jpg,065
065/065 (78).jpg,065
065/065 (79).jpg,065
065/065 (8).jpg,065
065/065 (80).jpg,065
065/065 (81).jpg,065
065/065 (82).jpg,065
065/065 (83).jpg,065
065/065 (84).jpg,065
065/065 (85).jpg,065
065/065 (86).jpg,065
065/065 (87).jpg,065
065/065 (88).jpg,065
065/065 (89).jpg,065
065/065 (9).jpg,065
065/065 (90).jpg,065
065/065 (91).jpg,065
065/065 (92).jpg,065
065/065 (93).jpg,065
065/065 (94).jpg,065
065/065 (95).jpg,065
065/065 (96).jpg,065
065/065 (97).jpg,065
065/065 (98).jpg,065
065/065 (99).jpg,065
066/066 (1).jpg,066
066/066 (10).jpg,066
066/066 (100).jpg,066
066/066 (101).jpg,066
066/066 (102).jpg,066
066/066 (103).jpg,066
066/066 (104).jpg,066
066/066 (105).jpg,066
066/066 (106).jpg,066
066/066 (107).jpg,066
066/066 (108).jpg,066
066/066 (109).jpg,066
066/066 (11).jpg,066
066/066 (110).jpg,066
066/066 (111).jpg,066
066/066 (112).jpg,066
066/066 (113).jpg,066
066/066 (114).jpg,066
066/066 (115).jpg,066
066/066 (116).jpg,066
066/066 (117).jpg,066
066/066 (118).jpg,066
066/066 (119).jpg,066
066/066 (12).jpg,066
066/066 (120).jpg,066
066/066 (121).jpg,066
066/066 (122).jpg,066
066/066 (123).jpg,066
066/066 (124).jpg,066
066/066 (125).jpg,066
066/066 (126).jpg,066
066/066 (127).jpg,066
066/066 (128).jpg,066
066/066 (129).jpg,066
066/066 (13).jpg,066
066/066 (130).jpg,066
066/066 (131).jpg,066
066/066 (132).jpg,066
066/066 (133).jpg,066
066/066 (134).jpg,066
066/066 (135).jpg,066
066/066 (136).jpg,066
066/066 (137).jpg,066
066/066 (138).jpg,066
066/066 (139).jpg,066
066/066 (14).jpg,066
066/066 (140).jpg,066
066/066 (141).jpg,066
066/066 (142).jpg,066
066/066 (143).jpg,066
066/066 (144).jpg,066
066/066 (145).jpg,066
066/066 (146).jpg,066
066/066 (147).jpg,066
066/066 (148).jpg,066
066/066 (149).jpg,066
066/066 (15).jpg,066
066/066 (150).jpg,066
066/066 (151).jpg,066
066/066 (152).jpg,066
066/066 (153).jpg,066
066/066 (154).jpg,066
066/066 (155).jpg,066
066/066 (156).jpg,066
066/066 (157).jpg,066
066/066 (158).jpg,066
066/066 (159).jpg,066
066/066 (16).jpg,066
066/066 (160).jpg,066
066/066 (161).jpg,066
066/066 (162).jpg,066
066/066 (163).jpg,066
066/066 (17).jpg,066
066/066 (18).jpg,066
066/066 (19).jpg,066
066/066 (2).jpg,066
066/066 (20).jpg,066
066/066 (21).jpg,066
066/066 (22).jpg,066
066/066 (23).jpg,066
066/066 (24).jpg,066
066/066 (25).jpg,066
066/066 (26).jpg,066
066/066 (27).jpg,066
066/066 (28).jpg,066
066/066 (29).jpg,066
066/066 (3).jpg,066
066/066 (30).jpg,066
066/066 (31).jpg,066
066/066 (32).jpg,066
066/066 (33).jpg,066
066/066 (34).jpg,066
066/066 (35).jpg,066
066/066 (36).jpg,066
066/066 (37).jpg,066
066/066 (38).jpg,066
066/066 (39).jpg,066
066/066 (4).jpg,066
066/066 (40).jpg,066
066/066 (41).jpg,066
066/066 (42).jpg,066
066/066 (43).jpg,066
066/066 (44).jpg,066
066/066 (45).jpg,066
066/066 (46).jpg,066
066/066 (47).jpg,066
066/066 (48).jpg,066
066/066 (49).jpg,066
066/066 (5).jpg,066
066/066 (50).jpg,066
066/066 (51).jpg,066
066/066 (52).jpg,066
066/066 (53).jpg,066
066/066 (54).jpg,066
066/066 (55).jpg,066
066/066 (56).jpg,066
066/066 (57).jpg,066
066/066 (58).jpg,066
066/066 (59).jpg,066
066/066 (6).jpg,066
066/066 (60).jpg,066
066/066 (61).jpg,066
066/066 (62).jpg,066
066/066 (63).jpg,066
066/066 (64).jpg,066
066/066 (65).jpg,066
066/066 (66).jpg,066
066/066 (67).jpg,066
066/066 (68).jpg,066
066/066 (69).jpg,066
066/066 (7).jpg,066
066/066 (70).jpg,066
066/066 (71).jpg,066
066/066 (72).jpg,066
066/066 (73).jpg,066
066/066 (74).jpg,066
066/066 (75).jpg,066
066/066 (76).jpg,066
066/066 (77).jpg,066
066/066 (78).jpg,066
066/066 (79).jpg,066
066/066 (8).jpg,066
066/066 (80).jpg,066
066/066 (81).jpg,066
066/066 (82).jpg,066
066/066 (83).jpg,066
066/066 (84).jpg,066
066/066 (85).jpg,066
066/066 (86).jpg,066
066/066 (87).jpg,066
066/066 (88).jpg,066
066/066 (89).jpg,066
066/066 (9).jpg,066
066/066 (90).jpg,066
066/066 (91).jpg,066
066/066 (92).jpg,066
066/066 (93).jpg,066
066/066 (94).jpg,066
066/066 (95).jpg,066
066/066 (96).jpg,066
066/066 (97).jpg,066
066/066 (98).jpg,066
066/066 (99).jpg,066
067/067 (1).jpg,067
067/067 (10).jpg,067
067/067 (100).jpg,067
067/067 (101).jpg,067
067/067 (102).jpg,067
067/067 (103).jpg,067
067/067 (104).jpg,067
067/067 (105).jpg,067
067/067 (106).jpg,067
067/067 (107).jpg,067
067/067 (108).jpg,067
067/067 (109).jpg,067
067/067 (11).jpg,067
067/067 (110).jpg,067
067/067 (111).jpg,067
067/067 (112).jpg,067
067/067 (113).jpg,067
067/067 (114).jpg,067
067/067 (115).jpg,067
067/067 (116).jpg,067
067/067 (117).jpg,067
067/067 (118).jpg,067
067/067 (119).jpg,067
067/067 (12).jpg,067
067/067 (120).jpg,067
067/067 (121).jpg,067
067/067 (122).jpg,067
067/067 (123).jpg,067
067/067 (124).jpg,067
067/067 (125).jpg,067
067/067 (126).jpg,067
067/067 (127).jpg,067
067/067 (128).jpg,067
067/067 (129).jpg,067
067/067 (13).jpg,067
067/067 (130).jpg,067
067/067 (131).jpg,067
067/067 (132).jpg,067
067/067 (133).jpg,067
067/067 (134).jpg,067
067/067 (135).jpg,067
067/067 (136).jpg,067
067/067 (137).jpg,067
067/067 (138).jpg,067
067/067 (139).jpg,067
067/067 (14).jpg,067
067/067 (140).jpg,067
067/067 (141).jpg,067
067/067 (142).jpg,067
067/067 (143).jpg,067
067/067 (144).jpg,067
067/067 (145).jpg,067
067/067 (146).jpg,067
067/067 (147).jpg,067
067/067 (148).jpg,067
067/067 (149).jpg,067
067/067 (15).jpg,067
067/067 (150).jpg,067
067/067 (151).jpg,067
067/067 (152).jpg,067
067/067 (153).jpg,067
067/067 (154).jpg,067
067/067 (155).jpg,067
067/067 (156).jpg,067
067/067 (157).jpg,067
067/067 (158).jpg,067
067/067 (159).jpg,067
067/067 (16).jpg,067
067/067 (160).jpg,067
067/067 (161).jpg,067
067/067 (162).jpg,067
067/067 (163).jpg,067
067/067 (17).jpg,067
067/067 (18).jpg,067
067/067 (19).jpg,067
067/067 (2).jpg,067
067/067 (20).jpg,067
067/067 (21).jpg,067
067/067 (22).jpg,067
067/067 (23).jpg,067
067/067 (24).jpg,067
067/067 (25).jpg,067
067/067 (26).jpg,067
067/067 (27).jpg,067
067/067 (28).jpg,067
067/067 (29).jpg,067
067/067 (3).jpg,067
067/067 (30).jpg,067
067/067 (31).jpg,067
067/067 (32).jpg,067
067/067 (33).jpg,067
067/067 (34).jpg,067
067/067 (35).jpg,067
067/067 (36).jpg,067
067/067 (37).jpg,067
067/067 (38).jpg,067
067/067 (39).jpg,067
067/067 (4).jpg,067
067/067 (40).jpg,067
067/067 (41).jpg,067
067/067 (42).jpg,067
067/067 (43).jpg,067
067/067 (44).jpg,067
067/067 (45).jpg,067
067/067 (46).jpg,067
067/067 (47).jpg,067
067/067 (48).jpg,067
067/067 (49).jpg,067
067/067 (5).jpg,067
067/067 (50).jpg,067
067/067 (51).jpg,067
067/067 (52).jpg,067
067/067 (53).jpg,067
067/067 (54).jpg,067
067/067 (55).jpg,067
067/067 (56).jpg,067
067/067 (57).jpg,067
067/067 (58).jpg,067
067/067 (59).jpg,067
067/067 (6).jpg,067
067/067 (60).jpg,067
067/067 (61).jpg,067
067/067 (62).jpg,067
067/067 (63).jpg,067
067/067 (64).jpg,067
067/067 (65).jpg,067
067/067 (66).jpg,067
067/067 (67).jpg,067
067/067 (68).jpg,067
067/067 (69).jpg,067
067/067 (7).jpg,067
067/067 (70).jpg,067
067/067 (71).jpg,067
067/067 (72).jpg,067
067/067 (73).jpg,067
067/067 (74).jpg,067
067/067 (75).jpg,067
067/067 (76).jpg,067
067/067 (77).jpg,067
067/067 (78).jpg,067
067/067 (79).jpg,067
067/067 (8).jpg,067
067/067 (80).jpg,067
067/067 (81).jpg,067
067/067 (82).jpg,067
067/067 (83).jpg,067
067/067 (84).jpg,067
067/067 (85).jpg,067
067/067 (86).jpg,067
067/067 (87).jpg,067
067/067 (88).jpg,067
067/067 (89).jpg,067
067/067 (9).jpg,067
067/067 (90).jpg,067
067/067 (91).jpg,067
067/067 (92).jpg,067
067/067 (93).jpg,067
067/067 (94).jpg,067
067/067 (95).jpg,067
067/067 (96).jpg,067
067/067 (97).jpg,067
067/067 (98).jpg,067
067/067 (99).jpg,067
068/068 (1).jpg,068
068/068 (10).jpg,068
068/068 (100).jpg,068
068/068 (101).jpg,068
068/068 (102).jpg,068
068/068 (103).jpg,068
068/068 (104).jpg,068
068/068 (105).jpg,068
068/068 (106).jpg,068
068/068 (107).jpg,068
068/068 (108).jpg,068
068/068 (109).jpg,068
068/068 (11).jpg,068
068/068 (110).jpg,068
068/068 (111).jpg,068
068/068 (112).jpg,068
068/068 (113).jpg,068
068/068 (114).jpg,068
068/068 (115).jpg,068
068/068 (116).jpg,068
068/068 (117).jpg,068
068/068 (118).jpg,068
068/068 (119).jpg,068
068/068 (12).jpg,068
068/068 (120).jpg,068
068/068 (121).jpg,068
068/068 (122).jpg,068
068/068 (123).jpg,068
068/068 (124).jpg,068
068/068 (125).jpg,068
068/068 (126).jpg,068
068/068 (127).jpg,068
068/068 (128).jpg,068
068/068 (129).jpg,068
068/068 (13).jpg,068
068/068 (130).jpg,068
068/068 (131).jpg,068
068/068 (132).jpg,068
068/068 (133).jpg,068
068/068 (134).jpg,068
068/068 (135).jpg,068
068/068 (136).jpg,068
068/068 (137).jpg,068
068/068 (138).jpg,068
068/068 (139).jpg,068
068/068 (14).jpg,068
068/068 (140).jpg,068
068/068 (141).jpg,068
068/068 (142).jpg,068
068/068 (143).jpg,068
068/068 (144).jpg,068
068/068 (145).jpg,068
068/068 (146).jpg,068
068/068 (147).jpg,068
068/068 (148).jpg,068
068/068 (149).jpg,068
068/068 (15).jpg,068
068/068 (150).jpg,068
068/068 (151).jpg,068
068/068 (152).jpg,068
068/068 (153).jpg,068
068/068 (154).jpg,068
068/068 (155).jpg,068
068/068 (156).jpg,068
068/068 (157).jpg,068
068/068 (158).jpg,068
068/068 (159).jpg,068
068/068 (16).jpg,068
068/068 (160).jpg,068
068/068 (161).jpg,068
068/068 (162).jpg,068
068/068 (163).jpg,068
068/068 (164).jpg,068
068/068 (165).jpg,068
068/068 (17).jpg,068
068/068 (18).jpg,068
068/068 (19).jpg,068
068/068 (2).jpg,068
068/068 (20).jpg,068
068/068 (21).jpg,068
068/068 (22).jpg,068
068/068 (23).jpg,068
068/068 (24).jpg,068
068/068 (25).jpg,068
068/068 (26).jpg,068
068/068 (27).jpg,068
068/068 (28).jpg,068
068/068 (29).jpg,068
068/068 (3).jpg,068
068/068 (30).jpg,068
068/068 (31).jpg,068
068/068 (32).jpg,068
068/068 (33).jpg,068
068/068 (34).jpg,068
068/068 (35).jpg,068
068/068 (36).jpg,068
068/068 (37).jpg,068
068/068 (38).jpg,068
068/068 (39).jpg,068
068/068 (4).jpg,068
068/068 (40).jpg,068
068/068 (41).jpg,068
068/068 (42).jpg,068
068/068 (43).jpg,068
068/068 (44).jpg,068
068/068 (45).jpg,068
068/068 (46).jpg,068
068/068 (47).jpg,068
068/068 (48).jpg,068
068/068 (49).jpg,068
068/068 (5).jpg,068
068/068 (50).jpg,068
068/068 (51).jpg,068
068/068 (52).jpg,068
068/068 (53).jpg,068
068/068 (54).jpg,068
068/068 (55).jpg,068
068/068 (56).jpg,068
068/068 (57).jpg,068
068/068 (58).jpg,068
068/068 (59).jpg,068
068/068 (6).jpg,068
068/068 (60).jpg,068
068/068 (61).jpg,068
068/068 (62).jpg,068
068/068 (63).jpg,068
068/068 (64).jpg,068
068/068 (65).jpg,068
068/068 (66).jpg,068
068/068 (67).jpg,068
068/068 (68).jpg,068
068/068 (69).jpg,068
068/068 (7).jpg,068
068/068 (70).jpg,068
068/068 (71).jpg,068
068/068 (72).jpg,068
068/068 (73).jpg,068
068/068 (74).jpg,068
068/068 (75).jpg,068
068/068 (76).jpg,068
068/068 (77).jpg,068
068/068 (78).jpg,068
068/068 (79).jpg,068
068/068 (8).jpg,068
068/068 (80).jpg,068
068/068 (81).jpg,068
068/068 (82).jpg,068
068/068 (83).jpg,068
068/068 (84).jpg,068
068/068 (85).jpg,068
068/068 (86).jpg,068
068/068 (87).jpg,068
068/068 (88).jpg,068
068/068 (89).jpg,068
068/068 (9).jpg,068
068/068 (90).jpg,068
068/068 (91).jpg,068
068/068 (92).jpg,068
068/068 (93).jpg,068
068/068 (94).jpg,068
068/068 (95).jpg,068
068/068 (96).jpg,068
068/068 (97).jpg,068
068/068 (98).jpg,068
068/068 (99).jpg,068
069/069 (1).jpg,069
069/069 (10).jpg,069
069/069 (100).jpg,069
069/069 (101).jpg,069
069/069 (102).jpg,069
069/069 (103).jpg,069
069/069 (104).jpg,069
069/069 (105).jpg,069
069/069 (106).jpg,069
069/069 (107).jpg,069
069/069 (108).jpg,069
069/069 (109).jpg,069
069/069 (11).jpg,069
069/069 (110).jpg,069
069/069 (111).jpg,069
069/069 (112).jpg,069
069/069 (113).jpg,069
069/069 (114).jpg,069
069/069 (115).jpg,069
069/069 (116).jpg,069
069/069 (117).jpg,069
069/069 (118).jpg,069
069/069 (119).jpg,069
069/069 (12).jpg,069
069/069 (120).jpg,069
069/069 (121).jpg,069
069/069 (122).jpg,069
069/069 (123).jpg,069
069/069 (124).jpg,069
069/069 (125).jpg,069
069/069 (126).jpg,069
069/069 (127).jpg,069
069/069 (128).jpg,069
069/069 (129).jpg,069
069/069 (13).jpg,069
069/069 (130).jpg,069
069/069 (131).jpg,069
069/069 (132).jpg,069
069/069 (133).jpg,069
069/069 (134).jpg,069
069/069 (135).jpg,069
069/069 (136).jpg,069
069/069 (137).jpg,069
069/069 (138).jpg,069
069/069 (139).jpg,069
069/069 (14).jpg,069
069/069 (140).jpg,069
069/069 (141).jpg,069
069/069 (142).jpg,069
069/069 (143).jpg,069
069/069 (144).jpg,069
069/069 (145).jpg,069
069/069 (146).jpg,069
069/069 (147).jpg,069
069/069 (148).jpg,069
069/069 (149).jpg,069
069/069 (15).jpg,069
069/069 (150).jpg,069
069/069 (151).jpg,069
069/069 (152).jpg,069
069/069 (153).jpg,069
069/069 (154).jpg,069
069/069 (155).jpg,069
069/069 (156).jpg,069
069/069 (157).jpg,069
069/069 (158).jpg,069
069/069 (159).jpg,069
069/069 (16).jpg,069
069/069 (160).jpg,069
069/069 (161).jpg,069
069/069 (17).jpg,069
069/069 (18).jpg,069
069/069 (19).jpg,069
069/069 (2).jpg,069
069/069 (20).jpg,069
069/069 (21).jpg,069
069/069 (22).jpg,069
069/069 (23).jpg,069
069/069 (24).jpg,069
069/069 (25).jpg,069
069/069 (26).jpg,069
069/069 (27).jpg,069
069/069 (28).jpg,069
069/069 (29).jpg,069
069/069 (3).jpg,069
069/069 (30).jpg,069
069/069 (31).jpg,069
069/069 (32).jpg,069
069/069 (33).jpg,069
069/069 (34).jpg,069
069/069 (35).jpg,069
069/069 (36).jpg,069
069/069 (37).jpg,069
069/069 (38).jpg,069
069/069 (39).jpg,069
069/069 (4).jpg,069
069/069 (40).jpg,069
069/069 (41).jpg,069
069/069 (42).jpg,069
069/069 (43).jpg,069
069/069 (44).jpg,069
069/069 (45).jpg,069
069/069 (46).jpg,069
069/069 (47).jpg,069
069/069 (48).jpg,069
069/069 (49).jpg,069
069/069 (5).jpg,069
069/069 (50).jpg,069
069/069 (51).jpg,069
069/069 (52).jpg,069
069/069 (53).jpg,069
069/069 (54).jpg,069
069/069 (55).jpg,069
069/069 (56).jpg,069
069/069 (57).jpg,069
069/069 (58).jpg,069
069/069 (59).jpg,069
069/069 (6).jpg,069
069/069 (60).jpg,069
069/069 (61).jpg,069
069/069 (62).jpg,069
069/069 (63).jpg,069
069/069 (64).jpg,069
069/069 (65).jpg,069
069/069 (66).jpg,069
069/069 (67).jpg,069
069/069 (68).jpg,069
069/069 (69).jpg,069
069/069 (7).jpg,069
069/069 (70).jpg,069
069/069 (71).jpg,069
069/069 (72).jpg,069
069/069 (73).jpg,069
069/069 (74).jpg,069
069/069 (75).jpg,069
069/069 (76).jpg,069
069/069 (77).jpg,069
069/069 (78).jpg,069
069/069 (79).jpg,069
069/069 (8).jpg,069
069/069 (80).jpg,069
069/069 (81).jpg,069
069/069 (82).jpg,069
069/069 (83).jpg,069
069/069 (84).jpg,069
069/069 (85).jpg,069
069/069 (86).jpg,069
069/069 (87).jpg,069
069/069 (88).jpg,069
069/069 (89).jpg,069
069/069 (9).jpg,069
069/069 (90).jpg,069
069/069 (91).jpg,069
069/069 (92).jpg,069
069/069 (93).jpg,069
069/069 (94).jpg,069
069/069 (95).jpg,069
069/069 (96).jpg,069
069/069 (97).jpg,069
069/069 (98).jpg,069
069/069 (99).jpg,069
070/070 (1).jpg,070
070/070 (10).jpg,070
070/070 (100).jpg,070
070/070 (101).jpg,070
070/070 (102).jpg,070
070/070 (103).jpg,070
070/070 (104).jpg,070
070/070 (105).jpg,070
070/070 (106).jpg,070
070/070 (107).jpg,070
070/070 (108).jpg,070
070/070 (109).jpg,070
070/070 (11).jpg,070
070/070 (110).jpg,070
070/070 (111).jpg,070
070/070 (112).jpg,070
070/070 (113).jpg,070
070/070 (114).jpg,070
070/070 (115).jpg,070
070/070 (116).jpg,070
070/070 (117).jpg,070
070/070 (118).jpg,070
070/070 (119).jpg,070
070/070 (12).jpg,070
070/070 (120).jpg,070
070/070 (121).jpg,070
070/070 (122).jpg,070
070/070 (123).jpg,070
070/070 (124).jpg,070
070/070 (125).jpg,070
070/070 (126).jpg,070
070/070 (127).jpg,070
070/070 (128).jpg,070
070/070 (129).jpg,070
070/070 (13).jpg,070
070/070 (130).jpg,070
070/070 (131).jpg,070
070/070 (132).jpg,070
070/070 (133).jpg,070
070/070 (134).jpg,070
070/070 (135).jpg,070
070/070 (136).jpg,070
070/070 (137).jpg,070
070/070 (138).jpg,070
070/070 (139).jpg,070
070/070 (14).jpg,070
070/070 (140).jpg,070
070/070 (141).jpg,070
070/070 (142).jpg,070
070/070 (143).jpg,070
070/070 (144).jpg,070
070/070 (145).jpg,070
070/070 (146).jpg,070
070/070 (147).jpg,070
070/070 (148).jpg,070
070/070 (149).jpg,070
070/070 (15).jpg,070
070/070 (150).jpg,070
070/070 (151).jpg,070
070/070 (152).jpg,070
070/070 (153).jpg,070
070/070 (154).jpg,070
070/070 (155).jpg,070
070/070 (156).jpg,070
070/070 (157).jpg,070
070/070 (158).jpg,070
070/070 (159).jpg,070
070/070 (16).jpg,070
070/070 (160).jpg,070
070/070 (161).jpg,070
070/070 (162).jpg,070
070/070 (17).jpg,070
070/070 (18).jpg,070
070/070 (19).jpg,070
070/070 (2).jpg,070
070/070 (20).jpg,070
070/070 (21).jpg,070
070/070 (22).jpg,070
070/070 (23).jpg,070
070/070 (24).jpg,070
070/070 (25).jpg,070
070/070 (26).jpg,070
070/070 (27).jpg,070
070/070 (28).jpg,070
070/070 (29).jpg,070
070/070 (3).jpg,070
070/070 (30).jpg,070
070/070 (31).jpg,070
070/070 (32).jpg,070
070/070 (33).jpg,070
070/070 (34).jpg,070
070/070 (35).jpg,070
070/070 (36).jpg,070
070/070 (37).jpg,070
070/070 (38).jpg,070
070/070 (39).jpg,070
070/070 (4).jpg,070
070/070 (40).jpg,070
070/070 (41).jpg,070
070/070 (42).jpg,070
070/070 (43).jpg,070
070/070 (44).jpg,070
070/070 (45).jpg,070
070/070 (46).jpg,070
070/070 (47).jpg,070
070/070 (48).jpg,070
070/070 (49).jpg,070
070/070 (5).jpg,070
070/070 (50).jpg,070
070/070 (51).jpg,070
070/070 (52).jpg,070
070/070 (53).jpg,070
070/070 (54).jpg,070
070/070 (55).jpg,070
070/070 (56).jpg,070
070/070 (57).jpg,070
070/070 (58).jpg,070
070/070 (59).jpg,070
070/070 (6).jpg,070
070/070 (60).jpg,070
070/070 (61).jpg,070
070/070 (62).jpg,070
070/070 (63).jpg,070
070/070 (64).jpg,070
070/070 (65).jpg,070
070/070 (66).jpg,070
070/070 (67).jpg,070
070/070 (68).jpg,070
070/070 (69).jpg,070
070/070 (7).jpg,070
070/070 (70).jpg,070
070/070 (71).jpg,070
070/070 (72).jpg,070
070/070 (73).jpg,070
070/070 (74).jpg,070
070/070 (75).jpg,070
070/070 (76).jpg,070
070/070 (77).jpg,070
070/070 (78).jpg,070
070/070 (79).jpg,070
070/070 (8).jpg,070
070/070 (80).jpg,070
070/070 (81).jpg,070
070/070 (82).jpg,070
070/070 (83).jpg,070
070/070 (84).jpg,070
070/070 (85).jpg,070
070/070 (86).jpg,070
070/070 (87).jpg,070
070/070 (88).jpg,070
070/070 (89).jpg,070
070/070 (9).jpg,070
070/070 (90).jpg,070
070/070 (91).jpg,070
070/070 (92).jpg,070
070/070 (93).jpg,070
070/070 (94).jpg,070
070/070 (95).jpg,070
070/070 (96).jpg,070
070/070 (97).jpg,070
070/070 (98).jpg,070
070/070 (99).jpg,070
071/071 (1).jpg,071
071/071 (10).jpg,071
071/071 (100).jpg,071
071/071 (101).jpg,071
071/071 (102).jpg,071
071/071 (103).jpg,071
071/071 (104).jpg,071
071/071 (105).jpg,071
071/071 (106).jpg,071
071/071 (107).jpg,071
071/071 (108).jpg,071
071/071 (109).jpg,071
071/071 (11).jpg,071
071/071 (110).jpg,071
071/071 (111).jpg,071
071/071 (112).jpg,071
071/071 (113).jpg,071
071/071 (114).jpg,071
071/071 (115).jpg,071
071/071 (116).jpg,071
071/071 (117).jpg,071
071/071 (118).jpg,071
071/071 (119).jpg,071
071/071 (12).jpg,071
071/071 (120).jpg,071
071/071 (121).jpg,071
071/071 (122).jpg,071
071/071 (123).jpg,071
071/071 (124).jpg,071
071/071 (125).jpg,071
071/071 (126).jpg,071
071/071 (127).jpg,071
071/071 (128).jpg,071
071/071 (129).jpg,071
071/071 (13).jpg,071
071/071 (130).jpg,071
071/071 (131).jpg,071
071/071 (132).jpg,071
071/071 (133).jpg,071
071/071 (134).jpg,071
071/071 (135).jpg,071
071/071 (136).jpg,071
071/071 (137).jpg,071
071/071 (138).jpg,071
071/071 (139).jpg,071
071/071 (14).jpg,071
071/071 (140).jpg,071
071/071 (141).jpg,071
071/071 (142).jpg,071
071/071 (143).jpg,071
071/071 (144).jpg,071
071/071 (145).jpg,071
071/071 (146).jpg,071
071/071 (147).jpg,071
071/071 (148).jpg,071
071/071 (149).jpg,071
071/071 (15).jpg,071
071/071 (150).jpg,071
071/071 (151).jpg,071
071/071 (152).jpg,071
071/071 (153).jpg,071
071/071 (154).jpg,071
071/071 (155).jpg,071
071/071 (156).jpg,071
071/071 (157).jpg,071
071/071 (158).jpg,071
071/071 (159).jpg,071
071/071 (16).jpg,071
071/071 (160).jpg,071
071/071 (161).jpg,071
071/071 (162).jpg,071
071/071 (163).jpg,071
071/071 (164).jpg,071
071/071 (165).jpg,071
071/071 (166).jpg,071
071/071 (167).jpg,071
071/071 (168).jpg,071
071/071 (169).jpg,071
071/071 (17).jpg,071
071/071 (170).jpg,071
071/071 (171).jpg,071
071/071 (172).jpg,071
071/071 (173).jpg,071
071/071 (174).jpg,071
071/071 (175).jpg,071
071/071 (176).jpg,071
071/071 (177).jpg,071
071/071 (178).jpg,071
071/071 (179).jpg,071
071/071 (18).jpg,071
071/071 (180).jpg,071
071/071 (181).jpg,071
071/071 (182).jpg,071
071/071 (183).jpg,071
071/071 (184).jpg,071
071/071 (185).jpg,071
071/071 (186).jpg,071
071/071 (187).jpg,071
071/071 (188).jpg,071
071/071 (189).jpg,071
071/071 (19).jpg,071
071/071 (190).jpg,071
071/071 (191).jpg,071
071/071 (192).jpg,071
071/071 (193).jpg,071
071/071 (194).jpg,071
071/071 (195).jpg,071
071/071 (196).jpg,071
071/071 (197).jpg,071
071/071 (198).jpg,071
071/071 (199).jpg,071
071/071 (2).jpg,071
071/071 (20).jpg,071
071/071 (200).jpg,071
071/071 (201).jpg,071
071/071 (202).jpg,071
071/071 (21).jpg,071
071/071 (22).jpg,071
071/071 (23).jpg,071
071/071 (24).jpg,071
071/071 (25).jpg,071
071/071 (26).jpg,071
071/071 (27).jpg,071
071/071 (28).jpg,071
071/071 (29).jpg,071
071/071 (3).jpg,071
071/071 (30).jpg,071
071/071 (31).jpg,071
071/071 (32).jpg,071
071/071 (33).jpg,071
071/071 (34).jpg,071
071/071 (35).jpg,071
071/071 (36).jpg,071
071/071 (37).jpg,071
071/071 (38).jpg,071
071/071 (39).jpg,071
071/071 (4).jpg,071
071/071 (40).jpg,071
071/071 (41).jpg,071
071/071 (42).jpg,071
071/071 (43).jpg,071
071/071 (44).jpg,071
071/071 (45).jpg,071
071/071 (46).jpg,071
071/071 (47).jpg,071
071/071 (48).jpg,071
071/071 (49).jpg,071
071/071 (5).jpg,071
071/071 (50).jpg,071
071/071 (51).jpg,071
071/071 (52).jpg,071
071/071 (53).jpg,071
071/071 (54).jpg,071
071/071 (55).jpg,071
071/071 (56).jpg,071
071/071 (57).jpg,071
071/071 (58).jpg,071
071/071 (59).jpg,071
071/071 (6).jpg,071
071/071 (60).jpg,071
071/071 (61).jpg,071
071/071 (62).jpg,071
071/071 (63).jpg,071
071/071 (64).jpg,071
071/071 (65).jpg,071
071/071 (66).jpg,071
071/071 (67).jpg,071
071/071 (68).jpg,071
071/071 (69).jpg,071
071/071 (7).jpg,071
071/071 (70).jpg,071
071/071 (71).jpg,071
071/071 (72).jpg,071
071/071 (73).jpg,071
071/071 (74).jpg,071
071/071 (75).jpg,071
071/071 (76).jpg,071
071/071 (77).jpg,071
071/071 (78).jpg,071
071/071 (79).jpg,071
071/071 (8).jpg,071
071/071 (80).jpg,071
071/071 (81).jpg,071
071/071 (82).jpg,071
071/071 (83).jpg,071
071/071 (84).jpg,071
071/071 (85).jpg,071
071/071 (86).jpg,071
071/071 (87).jpg,071
071/071 (88).jpg,071
071/071 (89).jpg,071
071/071 (9).jpg,071
071/071 (90).jpg,071
071/071 (91).jpg,071
071/071 (92).jpg,071
071/071 (93).jpg,071
071/071 (94).jpg,071
071/071 (95).jpg,071
071/071 (96).jpg,071
071/071 (97).jpg,071
071/071 (98).jpg,071
071/071 (99).jpg,071
072/072 (1).jpg,072
072/072 (10).jpg,072
072/072 (100).jpg,072
072/072 (101).jpg,072
072/072 (102).jpg,072
072/072 (103).jpg,072
072/072 (104).jpg,072
072/072 (105).jpg,072
072/072 (106).jpg,072
072/072 (107).jpg,072
072/072 (108).jpg,072
072/072 (109).jpg,072
072/072 (11).jpg,072
072/072 (110).jpg,072
072/072 (111).jpg,072
072/072 (112).jpg,072
072/072 (113).jpg,072
072/072 (114).jpg,072
072/072 (115).jpg,072
072/072 (116).jpg,072
072/072 (117).jpg,072
072/072 (118).jpg,072
072/072 (119).jpg,072
072/072 (12).jpg,072
072/072 (120).jpg,072
072/072 (121).jpg,072
072/072 (122).jpg,072
072/072 (123).jpg,072
072/072 (124).jpg,072
072/072 (125).jpg,072
072/072 (126).jpg,072
072/072 (127).jpg,072
072/072 (128).jpg,072
072/072 (129).jpg,072
072/072 (13).jpg,072
072/072 (130).jpg,072
072/072 (131).jpg,072
072/072 (132).jpg,072
072/072 (133).jpg,072
072/072 (134).jpg,072
072/072 (135).jpg,072
072/072 (136).jpg,072
072/072 (137).jpg,072
072/072 (138).jpg,072
072/072 (139).jpg,072
072/072 (14).jpg,072
072/072 (140).jpg,072
072/072 (141).jpg,072
072/072 (142).jpg,072
072/072 (143).jpg,072
072/072 (144).jpg,072
072/072 (145).jpg,072
072/072 (146).jpg,072
072/072 (147).jpg,072
072/072 (148).jpg,072
072/072 (149).jpg,072
072/072 (15).jpg,072
072/072 (150).jpg,072
072/072 (151).jpg,072
072/072 (152).jpg,072
072/072 (153).jpg,072
072/072 (154).jpg,072
072/072 (155).jpg,072
072/072 (156).jpg,072
072/072 (157).jpg,072
072/072 (158).jpg,072
072/072 (159).jpg,072
072/072 (16).jpg,072
072/072 (160).jpg,072
072/072 (161).jpg,072
072/072 (162).jpg,072
072/072 (163).jpg,072
072/072 (164).jpg,072
072/072 (165).jpg,072
072/072 (166).jpg,072
072/072 (167).jpg,072
072/072 (168).jpg,072
072/072 (169).jpg,072
072/072 (17).jpg,072
072/072 (170).jpg,072
072/072 (171).jpg,072
072/072 (172).jpg,072
072/072 (173).jpg,072
072/072 (174).jpg,072
072/072 (175).jpg,072
072/072 (176).jpg,072
072/072 (177).jpg,072
072/072 (18).jpg,072
072/072 (19).jpg,072
072/072 (2).jpg,072
072/072 (20).jpg,072
072/072 (21).jpg,072
072/072 (22).jpg,072
072/072 (23).jpg,072
072/072 (24).jpg,072
072/072 (25).jpg,072
072/072 (26).jpg,072
072/072 (27).jpg,072
072/072 (28).jpg,072
072/072 (29).jpg,072
072/072 (3).jpg,072
072/072 (30).jpg,072
072/072 (31).jpg,072
072/072 (32).jpg,072
072/072 (33).jpg,072
072/072 (34).jpg,072
072/072 (35).jpg,072
072/072 (36).jpg,072
072/072 (37).jpg,072
072/072 (38).jpg,072
072/072 (39).jpg,072
072/072 (4).jpg,072
072/072 (40).jpg,072
072/072 (41).jpg,072
072/072 (42).jpg,072
072/072 (43).jpg,072
072/072 (44).jpg,072
072/072 (45).jpg,072
072/072 (46).jpg,072
072/072 (47).jpg,072
072/072 (48).jpg,072
072/072 (49).jpg,072
072/072 (5).jpg,072
072/072 (50).jpg,072
072/072 (51).jpg,072
072/072 (52).jpg,072
072/072 (53).jpg,072
072/072 (54).jpg,072
072/072 (55).jpg,072
072/072 (56).jpg,072
072/072 (57).jpg,072
072/072 (58).jpg,072
072/072 (59).jpg,072
072/072 (6).jpg,072
072/072 (60).jpg,072
072/072 (61).jpg,072
072/072 (62).jpg,072
072/072 (63).jpg,072
072/072 (64).jpg,072
072/072 (65).jpg,072
072/072 (66).jpg,072
072/072 (67).jpg,072
072/072 (68).jpg,072
072/072 (69).jpg,072
072/072 (7).jpg,072
072/072 (70).jpg,072
072/072 (71).jpg,072
072/072 (72).jpg,072
072/072 (73).jpg,072
072/072 (74).jpg,072
072/072 (75).jpg,072
072/072 (76).jpg,072
072/072 (77).jpg,072
072/072 (78).jpg,072
072/072 (79).jpg,072
072/072 (8).jpg,072
072/072 (80).jpg,072
072/072 (81).jpg,072
072/072 (82).jpg,072
072/072 (83).jpg,072
072/072 (84).jpg,072
072/072 (85).jpg,072
072/072 (86).jpg,072
072/072 (87).jpg,072
072/072 (88).jpg,072
072/072 (89).jpg,072
072/072 (9).jpg,072
072/072 (90).jpg,072
072/072 (91).jpg,072
072/072 (92).jpg,072
072/072 (93).jpg,072
072/072 (94).jpg,072
072/072 (95).jpg,072
072/072 (96).jpg,072
072/072 (97).jpg,072
072/072 (98).jpg,072
072/072 (99).jpg,072
073/073 (1).jpg,073
073/073 (10).jpg,073
073/073 (100).jpg,073
073/073 (101).jpg,073
073/073 (102).jpg,073
073/073 (103).jpg,073
073/073 (104).jpg,073
073/073 (105).jpg,073
073/073 (106).jpg,073
073/073 (107).jpg,073
073/073 (108).jpg,073
073/073 (109).jpg,073
073/073 (11).jpg,073
073/073 (110).jpg,073
073/073 (111).jpg,073
073/073 (112).jpg,073
073/073 (113).jpg,073
073/073 (114).jpg,073
073/073 (115).jpg,073
073/073 (116).jpg,073
073/073 (117).jpg,073
073/073 (118).jpg,073
073/073 (119).jpg,073
073/073 (12).jpg,073
073/073 (120).jpg,073
073/073 (121).jpg,073
073/073 (122).jpg,073
073/073 (123).jpg,073
073/073 (124).jpg,073
073/073 (125).jpg,073
073/073 (126).jpg,073
073/073 (127).jpg,073
073/073 (128).jpg,073
073/073 (129).jpg,073
073/073 (13).jpg,073
073/073 (130).jpg,073
073/073 (131).jpg,073
073/073 (132).jpg,073
073/073 (133).jpg,073
073/073 (134).jpg,073
073/073 (135).jpg,073
073/073 (136).jpg,073
073/073 (137).jpg,073
073/073 (138).jpg,073
073/073 (139).jpg,073
073/073 (14).jpg,073
073/073 (140).jpg,073
073/073 (141).jpg,073
073/073 (142).jpg,073
073/073 (143).jpg,073
073/073 (144).jpg,073
073/073 (145).jpg,073
073/073 (146).jpg,073
073/073 (147).jpg,073
073/073 (148).jpg,073
073/073 (149).jpg,073
073/073 (15).jpg,073
073/073 (150).jpg,073
073/073 (151).jpg,073
073/073 (152).jpg,073
073/073 (153).jpg,073
073/073 (154).jpg,073
073/073 (155).jpg,073
073/073 (156).jpg,073
073/073 (157).jpg,073
073/073 (158).jpg,073
073/073 (159).jpg,073
073/073 (16).jpg,073
073/073 (160).jpg,073
073/073 (17).jpg,073
073/073 (18).jpg,073
073/073 (19).jpg,073
073/073 (2).jpg,073
073/073 (20).jpg,073
073/073 (21).jpg,073
073/073 (22).jpg,073
073/073 (23).jpg,073
073/073 (24).jpg,073
073/073 (25).jpg,073
073/073 (26).jpg,073
073/073 (27).jpg,073
073/073 (28).jpg,073
073/073 (29).jpg,073
073/073 (3).jpg,073
073/073 (30).jpg,073
073/073 (31).jpg,073
073/073 (32).jpg,073
073/073 (33).jpg,073
073/073 (34).jpg,073
073/073 (35).jpg,073
073/073 (36).jpg,073
073/073 (37).jpg,073
073/073 (38).jpg,073
073/073 (39).jpg,073
073/073 (4).jpg,073
073/073 (40).jpg,073
073/073 (41).jpg,073
073/073 (42).jpg,073
073/073 (43).jpg,073
073/073 (44).jpg,073
073/073 (45).jpg,073
073/073 (46).jpg,073
073/073 (47).jpg,073
073/073 (48).jpg,073
073/073 (49).jpg,073
073/073 (5).jpg,073
073/073 (50).jpg,073
073/073 (51).jpg,073
073/073 (52).jpg,073
073/073 (53).jpg,073
073/073 (54).jpg,073
073/073 (55).jpg,073
073/073 (56).jpg,073
073/073 (57).jpg,073
073/073 (58).jpg,073
073/073 (59).jpg,073
073/073 (6).jpg,073
073/073 (60).jpg,073
073/073 (61).jpg,073
073/073 (62).jpg,073
073/073 (63).jpg,073
073/073 (64).jpg,073
073/073 (65).jpg,073
073/073 (66).jpg,073
073/073 (67).jpg,073
073/073 (68).jpg,073
073/073 (69).jpg,073
073/073 (7).jpg,073
073/073 (70).jpg,073
073/073 (71).jpg,073
073/073 (72).jpg,073
073/073 (73).jpg,073
073/073 (74).jpg,073
073/073 (75).jpg,073
073/073 (76).jpg,073
073/073 (77).jpg,073
073/073 (78).jpg,073
073/073 (79).jpg,073
073/073 (8).jpg,073
073/073 (80).jpg,073
073/073 (81).jpg,073
073/073 (82).jpg,073
073/073 (83).jpg,073
073/073 (84).jpg,073
073/073 (85).jpg,073
073/073 (86).jpg,073
073/073 (87).jpg,073
073/073 (88).jpg,073
073/073 (89).jpg,073
073/073 (9).jpg,073
073/073 (90).jpg,073
073/073 (91).jpg,073
073/073 (92).jpg,073
073/073 (93).jpg,073
073/073 (94).jpg,073
073/073 (95).jpg,073
073/073 (96).jpg,073
073/073 (97).jpg,073
073/073 (98).jpg,073
073/073 (99).jpg,073
074/074 (1).jpg,074
074/074 (10).jpg,074
074/074 (100).jpg,074
074/074 (101).jpg,074
074/074 (102).jpg,074
074/074 (103).jpg,074
074/074 (104).jpg,074
074/074 (105).jpg,074
074/074 (106).jpg,074
074/074 (107).jpg,074
074/074 (11).jpg,074
074/074 (12).jpg,074
074/074 (13).jpg,074
074/074 (14).jpg,074
074/074 (15).jpg,074
074/074 (16).jpg,074
074/074 (17).jpg,074
074/074 (18).jpg,074
074/074 (19).jpg,074
074/074 (2).jpg,074
074/074 (20).jpg,074
074/074 (21).jpg,074
074/074 (22).jpg,074
074/074 (23).jpg,074
074/074 (24).jpg,074
074/074 (25).jpg,074
074/074 (26).jpg,074
074/074 (27).jpg,074
074/074 (28).jpg,074
074/074 (29).jpg,074
074/074 (3).jpg,074
074/074 (30).jpg,074
074/074 (31).jpg,074
074/074 (32).jpg,074
074/074 (33).jpg,074
074/074 (34).jpg,074
074/074 (35).jpg,074
074/074 (36).jpg,074
074/074 (37).jpg,074
074/074 (38).jpg,074
074/074 (39).jpg,074
074/074 (4).jpg,074
074/074 (40).jpg,074
074/074 (41).jpg,074
074/074 (42).jpg,074
074/074 (43).jpg,074
074/074 (44).jpg,074
074/074 (45).jpg,074
074/074 (46).jpg,074
074/074 (47).jpg,074
074/074 (48).jpg,074
074/074 (49).jpg,074
074/074 (5).jpg,074
074/074 (50).jpg,074
074/074 (51).jpg,074
074/074 (52).jpg,074
074/074 (53).jpg,074
074/074 (54).jpg,074
074/074 (55).jpg,074
074/074 (56).jpg,074
074/074 (57).jpg,074
074/074 (58).jpg,074
074/074 (59).jpg,074
074/074 (6).jpg,074
074/074 (60).jpg,074
074/074 (61).jpg,074
074/074 (62).jpg,074
074/074 (63).jpg,074
074/074 (64).jpg,074
074/074 (65).jpg,074
074/074 (66).jpg,074
074/074 (67).jpg,074
074/074 (68).jpg,074
074/074 (69).jpg,074
074/074 (7).jpg,074
074/074 (70).jpg,074
074/074 (71).jpg,074
074/074 (72).jpg,074
074/074 (73).jpg,074
074/074 (74).jpg,074
074/074 (75).jpg,074
074/074 (76).jpg,074
074/074 (77).jpg,074
074/074 (78).jpg,074
074/074 (79).jpg,074
074/074 (8).jpg,074
074/074 (80).jpg,074
074/074 (81).jpg,074
074/074 (82).jpg,074
074/074 (83).jpg,074
074/074 (84).jpg,074
074/074 (85).jpg,074
074/074 (86).jpg,074
074/074 (87).jpg,074
074/074 (88).jpg,074
074/074 (89).jpg,074
074/074 (9).jpg,074
074/074 (90).jpg,074
074/074 (91).jpg,074
074/074 (92).jpg,074
074/074 (93).jpg,074
074/074 (94).jpg,074
074/074 (95).jpg,074
074/074 (96).jpg,074
074/074 (97).jpg,074
074/074 (98).jpg,074
074/074 (99).jpg,074
075/075 (1).jpg,075
075/075 (10).jpg,075
075/075 (100).jpg,075
075/075 (101).jpg,075
075/075 (102).jpg,075
075/075 (103).jpg,075
075/075 (104).jpg,075
075/075 (105).jpg,075
075/075 (106).jpg,075
075/075 (107).jpg,075
075/075 (108).jpg,075
075/075 (109).jpg,075
075/075 (11).jpg,075
075/075 (110).jpg,075
075/075 (111).jpg,075
075/075 (112).jpg,075
075/075 (113).jpg,075
075/075 (114).jpg,075
075/075 (115).jpg,075
075/075 (116).jpg,075
075/075 (117).jpg,075
075/075 (118).jpg,075
075/075 (119).jpg,075
075/075 (12).jpg,075
075/075 (120).jpg,075
075/075 (121).jpg,075
075/075 (122).jpg,075
075/075 (123).jpg,075
075/075 (124).jpg,075
075/075 (125).jpg,075
075/075 (126).jpg,075
075/075 (127).jpg,075
075/075 (128).jpg,075
075/075 (129).jpg,075
075/075 (13).jpg,075
075/075 (130).jpg,075
075/075 (131).jpg,075
075/075 (132).jpg,075
075/075 (133).jpg,075
075/075 (134).jpg,075
075/075 (135).jpg,075
075/075 (136).jpg,075
075/075 (137).jpg,075
075/075 (138).jpg,075
075/075 (139).jpg,075
075/075 (14).jpg,075
075/075 (140).jpg,075
075/075 (141).jpg,075
075/075 (142).jpg,075
075/075 (143).jpg,075
075/075 (144).jpg,075
075/075 (145).jpg,075
075/075 (146).jpg,075
075/075 (147).jpg,075
075/075 (148).jpg,075
075/075 (149).jpg,075
075/075 (15).jpg,075
075/075 (150).jpg,075
075/075 (151).jpg,075
075/075 (152).jpg,075
075/075 (153).jpg,075
075/075 (154).jpg,075
075/075 (155).jpg,075
075/075 (156).jpg,075
075/075 (157).jpg,075
075/075 (158).jpg,075
075/075 (159).jpg,075
075/075 (16).jpg,075
075/075 (160).jpg,075
075/075 (17).jpg,075
075/075 (18).jpg,075
075/075 (19).jpg,075
075/075 (2).jpg,075
075/075 (20).jpg,075
075/075 (21).jpg,075
075/075 (22).jpg,075
075/075 (23).jpg,075
075/075 (24).jpg,075
075/075 (25).jpg,075
075/075 (26).jpg,075
075/075 (27).jpg,075
075/075 (28).jpg,075
075/075 (29).jpg,075
075/075 (3).jpg,075
075/075 (30).jpg,075
075/075 (31).jpg,075
075/075 (32).jpg,075
075/075 (33).jpg,075
075/075 (34).jpg,075
075/075 (35).jpg,075
075/075 (36).jpg,075
075/075 (37).jpg,075
075/075 (38).jpg,075
075/075 (39).jpg,075
075/075 (4).jpg,075
075/075 (40).jpg,075
075/075 (41).jpg,075
075/075 (42).jpg,075
075/075 (43).jpg,075
075/075 (44).jpg,075
075/075 (45).jpg,075
075/075 (46).jpg,075
075/075 (47).jpg,075
075/075 (48).jpg,075
075/075 (49).jpg,075
075/075 (5).jpg,075
075/075 (50).jpg,075
075/075 (51).jpg,075
075/075 (52).jpg,075
075/075 (53).jpg,075
075/075 (54).jpg,075
075/075 (55).jpg,075
075/075 (56).jpg,075
075/075 (57).jpg,075
075/075 (58).jpg,075
075/075 (59).jpg,075
075/075 (6).jpg,075
075/075 (60).jpg,075
075/075 (61).jpg,075
075/075 (62).jpg,075
075/075 (63).jpg,075
075/075 (64).jpg,075
075/075 (65).jpg,075
075/075 (66).jpg,075
075/075 (67).jpg,075
075/075 (68).jpg,075
075/075 (69).jpg,075
075/075 (7).jpg,075
075/075 (70).jpg,075
075/075 (71).jpg,075
075/075 (72).jpg,075
075/075 (73).jpg,075
075/075 (74).jpg,075
075/075 (75).jpg,075
075/075 (76).jpg,075
075/075 (77).jpg,075
075/075 (78).jpg,075
075/075 (79).jpg,075
075/075 (8).jpg,075
075/075 (80).jpg,075
075/075 (81).jpg,075
075/075 (82).jpg,075
075/075 (83).jpg,075
075/075 (84).jpg,075
075/075 (85).jpg,075
075/075 (86).jpg,075
075/075 (87).jpg,075
075/075 (88).jpg,075
075/075 (89).jpg,075
075/075 (9).jpg,075
075/075 (90).jpg,075
075/075 (91).jpg,075
075/075 (92).jpg,075
075/075 (93).jpg,075
075/075 (94).jpg,075
075/075 (95).jpg,075
075/075 (96).jpg,075
075/075 (97).jpg,075
075/075 (98).jpg,075
075/075 (99).jpg,075
076/076 (1).jpg,076
076/076 (10).jpg,076
076/076 (100).jpg,076
076/076 (101).jpg,076
076/076 (102).jpg,076
076/076 (103).jpg,076
076/076 (104).jpg,076
076/076 (105).jpg,076
076/076 (106).jpg,076
076/076 (107).jpg,076
076/076 (108).jpg,076
076/076 (109).jpg,076
076/076 (11).jpg,076
076/076 (110).jpg,076
076/076 (111).jpg,076
076/076 (112).jpg,076
076/076 (113).jpg,076
076/076 (114).jpg,076
076/076 (115).jpg,076
076/076 (116).jpg,076
076/076 (117).jpg,076
076/076 (118).jpg,076
076/076 (119).jpg,076
076/076 (12).jpg,076
076/076 (120).jpg,076
076/076 (121).jpg,076
076/076 (122).jpg,076
076/076 (123).jpg,076
076/076 (124).jpg,076
076/076 (125).jpg,076
076/076 (126).jpg,076
076/076 (127).jpg,076
076/076 (128).jpg,076
076/076 (129).jpg,076
076/076 (13).jpg,076
076/076 (130).jpg,076
076/076 (131).jpg,076
076/076 (132).jpg,076
076/076 (133).jpg,076
076/076 (134).jpg,076
076/076 (135).jpg,076
076/076 (136).jpg,076
076/076 (137).jpg,076
076/076 (138).jpg,076
076/076 (139).jpg,076
076/076 (14).jpg,076
076/076 (140).jpg,076
076/076 (141).jpg,076
076/076 (142).jpg,076
076/076 (143).jpg,076
076/076 (144).jpg,076
076/076 (145).jpg,076
076/076 (146).jpg,076
076/076 (147).jpg,076
076/076 (148).jpg,076
076/076 (149).jpg,076
076/076 (15).jpg,076
076/076 (150).jpg,076
076/076 (151).jpg,076
076/076 (152).jpg,076
076/076 (153).jpg,076
076/076 (154).jpg,076
076/076 (155).jpg,076
076/076 (156).jpg,076
076/076 (157).jpg,076
076/076 (158).jpg,076
076/076 (159).jpg,076
076/076 (16).jpg,076
076/076 (160).jpg,076
076/076 (161).jpg,076
076/076 (162).jpg,076
076/076 (163).jpg,076
076/076 (164).jpg,076
076/076 (165).jpg,076
076/076 (166).jpg,076
076/076 (167).jpg,076
076/076 (168).jpg,076
076/076 (169).jpg,076
076/076 (17).jpg,076
076/076 (170).jpg,076
076/076 (171).jpg,076
076/076 (172).jpg,076
076/076 (173).jpg,076
076/076 (174).jpg,076
076/076 (175).jpg,076
076/076 (176).jpg,076
076/076 (177).jpg,076
076/076 (178).jpg,076
076/076 (179).jpg,076
076/076 (18).jpg,076
076/076 (180).jpg,076
076/076 (181).jpg,076
076/076 (182).jpg,076
076/076 (183).jpg,076
076/076 (184).jpg,076
076/076 (185).jpg,076
076/076 (19).jpg,076
076/076 (2).jpg,076
076/076 (20).jpg,076
076/076 (21).jpg,076
076/076 (22).jpg,076
076/076 (23).jpg,076
076/076 (24).jpg,076
076/076 (25).jpg,076
076/076 (26).jpg,076
076/076 (27).jpg,076
076/076 (28).jpg,076
076/076 (29).jpg,076
076/076 (3).jpg,076
076/076 (30).jpg,076
076/076 (31).jpg,076
076/076 (32).jpg,076
076/076 (33).jpg,076
076/076 (34).jpg,076
076/076 (35).jpg,076
076/076 (36).jpg,076
076/076 (37).jpg,076
076/076 (38).jpg,076
076/076 (39).jpg,076
076/076 (4).jpg,076
076/076 (40).jpg,076
076/076 (41).jpg,076
076/076 (42).jpg,076
076/076 (43).jpg,076
076/076 (44).jpg,076
076/076 (45).jpg,076
076/076 (46).jpg,076
076/076 (47).jpg,076
076/076 (48).jpg,076
076/076 (49).jpg,076
076/076 (5).jpg,076
076/076 (50).jpg,076
076/076 (51).jpg,076
076/076 (52).jpg,076
076/076 (53).jpg,076
076/076 (54).jpg,076
076/076 (55).jpg,076
076/076 (56).jpg,076
076/076 (57).jpg,076
076/076 (58).jpg,076
076/076 (59).jpg,076
076/076 (6).jpg,076
076/076 (60).jpg,076
076/076 (61).jpg,076
076/076 (62).jpg,076
076/076 (63).jpg,076
076/076 (64).jpg,076
076/076 (65).jpg,076
076/076 (66).jpg,076
076/076 (67).jpg,076
076/076 (68).jpg,076
076/076 (69).jpg,076
076/076 (7).jpg,076
076/076 (70).jpg,076
076/076 (71).jpg,076
076/076 (72).jpg,076
076/076 (73).jpg,076
076/076 (74).jpg,076
076/076 (75).jpg,076
076/076 (76).jpg,076
076/076 (77).jpg,076
076/076 (78).jpg,076
076/076 (79).jpg,076
076/076 (8).jpg,076
076/076 (80).jpg,076
076/076 (81).jpg,076
076/076 (82).jpg,076
076/076 (83).jpg,076
076/076 (84).jpg,076
076/076 (85).jpg,076
076/076 (86).jpg,076
076/076 (87).jpg,076
076/076 (88).jpg,076
076/076 (89).jpg,076
076/076 (9).jpg,076
076/076 (90).jpg,076
076/076 (91).jpg,076
076/076 (92).jpg,076
076/076 (93).jpg,076
076/076 (94).jpg,076
076/076 (95).jpg,076
076/076 (96).jpg,076
076/076 (97).jpg,076
076/076 (98).jpg,076
076/076 (99).jpg,076
077/077 (1).jpg,077
077/077 (10).jpg,077
077/077 (100).jpg,077
077/077 (101).jpg,077
077/077 (102).jpg,077
077/077 (103).jpg,077
077/077 (104).jpg,077
077/077 (105).jpg,077
077/077 (106).jpg,077
077/077 (107).jpg,077
077/077 (108).jpg,077
077/077 (109).jpg,077
077/077 (11).jpg,077
077/077 (110).jpg,077
077/077 (111).jpg,077
077/077 (112).jpg,077
077/077 (113).jpg,077
077/077 (114).jpg,077
077/077 (115).jpg,077
077/077 (116).jpg,077
077/077 (117).jpg,077
077/077 (118).jpg,077
077/077 (12).jpg,077
077/077 (13).jpg,077
077/077 (14).jpg,077
077/077 (15).jpg,077
077/077 (16).jpg,077
077/077 (17).jpg,077
077/077 (18).jpg,077
077/077 (19).jpg,077
077/077 (2).jpg,077
077/077 (20).jpg,077
077/077 (21).jpg,077
077/077 (22).jpg,077
077/077 (23).jpg,077
077/077 (24).jpg,077
077/077 (25).jpg,077
077/077 (26).jpg,077
077/077 (27).jpg,077
077/077 (28).jpg,077
077/077 (29).jpg,077
077/077 (3).jpg,077
077/077 (30).jpg,077
077/077 (31).jpg,077
077/077 (32).jpg,077
077/077 (33).jpg,077
077/077 (34).jpg,077
077/077 (35).jpg,077
077/077 (36).jpg,077
077/077 (37).jpg,077
077/077 (38).jpg,077
077/077 (39).jpg,077
077/077 (4).jpg,077
077/077 (40).jpg,077
077/077 (41).jpg,077
077/077 (42).jpg,077
077/077 (43).jpg,077
077/077 (44).jpg,077
077/077 (45).jpg,077
077/077 (46).jpg,077
077/077 (47).jpg,077
077/077 (48).jpg,077
077/077 (49).jpg,077
077/077 (5).jpg,077
077/077 (50).jpg,077
077/077 (51).jpg,077
077/077 (52).jpg,077
077/077 (53).jpg,077
077/077 (54).jpg,077
077/077 (55).jpg,077
077/077 (56).jpg,077
077/077 (57).jpg,077
077/077 (58).jpg,077
077/077 (59).jpg,077
077/077 (6).jpg,077
077/077 (60).jpg,077
077/077 (61).jpg,077
077/077 (62).jpg,077
077/077 (63).jpg,077
077/077 (64).jpg,077
077/077 (65).jpg,077
077/077 (66).jpg,077
077/077 (67).jpg,077
077/077 (68).jpg,077
077/077 (69).jpg,077
077/077 (7).jpg,077
077/077 (70).jpg,077
077/077 (71).jpg,077
077/077 (72).jpg,077
077/077 (73).jpg,077
077/077 (74).jpg,077
077/077 (75).jpg,077
077/077 (76).jpg,077
077/077 (77).jpg,077
077/077 (78).jpg,077
077/077 (79).jpg,077
077/077 (8).jpg,077
077/077 (80).jpg,077
077/077 (81).jpg,077
077/077 (82).jpg,077
077/077 (83).jpg,077
077/077 (84).jpg,077
077/077 (85).jpg,077
077/077 (86).jpg,077
077/077 (87).jpg,077
077/077 (88).jpg,077
077/077 (89).jpg,077
077/077 (9).jpg,077
077/077 (90).jpg,077
077/077 (91).jpg,077
077/077 (92).jpg,077
077/077 (93).jpg,077
077/077 (94).jpg,077
077/077 (95).jpg,077
077/077 (96).jpg,077
077/077 (97).jpg,077
077/077 (98).jpg,077
077/077 (99).jpg,077
078/078 (1).jpg,078
078/078 (10).jpg,078
078/078 (100).jpg,078
078/078 (101).jpg,078
078/078 (102).jpg,078
078/078 (103).jpg,078
078/078 (104).jpg,078
078/078 (105).jpg,078
078/078 (106).jpg,078
078/078 (107).jpg,078
078/078 (108).jpg,078
078/078 (109).jpg,078
078/078 (11).jpg,078
078/078 (110).jpg,078
078/078 (111).jpg,078
078/078 (112).jpg,078
078/078 (113).jpg,078
078/078 (114).jpg,078
078/078 (115).jpg,078
078/078 (116).jpg,078
078/078 (117).jpg,078
078/078 (118).jpg,078
078/078 (119).jpg,078
078/078 (12).jpg,078
078/078 (120).jpg,078
078/078 (121).jpg,078
078/078 (122).jpg,078
078/078 (123).jpg,078
078/078 (124).jpg,078
078/078 (125).jpg,078
078/078 (126).jpg,078
078/078 (127).jpg,078
078/078 (128).jpg,078
078/078 (129).jpg,078
078/078 (13).jpg,078
078/078 (130).jpg,078
078/078 (131).jpg,078
078/078 (132).jpg,078
078/078 (133).jpg,078
078/078 (134).jpg,078
078/078 (135).jpg,078
078/078 (14).jpg,078
078/078 (15).jpg,078
078/078 (16).jpg,078
078/078 (17).jpg,078
078/078 (18).jpg,078
078/078 (19).jpg,078
078/078 (2).jpg,078
078/078 (20).jpg,078
078/078 (21).jpg,078
078/078 (22).jpg,078
078/078 (23).jpg,078
078/078 (24).jpg,078
078/078 (25).jpg,078
078/078 (26).jpg,078
078/078 (27).jpg,078
078/078 (28).jpg,078
078/078 (29).jpg,078
078/078 (3).jpg,078
078/078 (30).jpg,078
078/078 (31).jpg,078
078/078 (32).jpg,078
078/078 (33).jpg,078
078/078 (34).jpg,078
078/078 (35).jpg,078
078/078 (36).jpg,078
078/078 (37).jpg,078
078/078 (38).jpg,078
078/078 (39).jpg,078
078/078 (4).jpg,078
078/078 (40).jpg,078
078/078 (41).jpg,078
078/078 (42).jpg,078
078/078 (43).jpg,078
078/078 (44).jpg,078
078/078 (45).jpg,078
078/078 (46).jpg,078
078/078 (47).jpg,078
078/078 (48).jpg,078
078/078 (49).jpg,078
078/078 (5).jpg,078
078/078 (50).jpg,078
078/078 (51).jpg,078
078/078 (52).jpg,078
078/078 (53).jpg,078
078/078 (54).jpg,078
078/078 (55).jpg,078
078/078 (56).jpg,078
078/078 (57).jpg,078
078/078 (58).jpg,078
078/078 (59).jpg,078
078/078 (6).jpg,078
078/078 (60).jpg,078
078/078 (61).jpg,078
078/078 (62).jpg,078
078/078 (63).jpg,078
078/078 (64).jpg,078
078/078 (65).jpg,078
078/078 (66).jpg,078
078/078 (67).jpg,078
078/078 (68).jpg,078
078/078 (69).jpg,078
078/078 (7).jpg,078
078/078 (70).jpg,078
078/078 (71).jpg,078
078/078 (72).jpg,078
078/078 (73).jpg,078
078/078 (74).jpg,078
078/078 (75).jpg,078
078/078 (76).jpg,078
078/078 (77).jpg,078
078/078 (78).jpg,078
078/078 (79).jpg,078
078/078 (8).jpg,078
078/078 (80).jpg,078
078/078 (81).jpg,078
078/078 (82).jpg,078
078/078 (83).jpg,078
078/078 (84).jpg,078
078/078 (85).jpg,078
078/078 (86).jpg,078
078/078 (87).jpg,078
078/078 (88).jpg,078
078/078 (89).jpg,078
078/078 (9).jpg,078
078/078 (90).jpg,078
078/078 (91).jpg,078
078/078 (92).jpg,078
078/078 (93).jpg,078
078/078 (94).jpg,078
078/078 (95).jpg,078
078/078 (96).jpg,078
078/078 (97).jpg,078
078/078 (98).jpg,078
078/078 (99).jpg,078
079/079 (1).jpg,079
079/079 (10).jpg,079
079/079 (100).jpg,079
079/079 (101).jpg,079
079/079 (102).jpg,079
079/079 (103).jpg,079
079/079 (104).jpg,079
079/079 (105).jpg,079
079/079 (106).jpg,079
079/079 (107).jpg,079
079/079 (108).jpg,079
079/079 (109).jpg,079
079/079 (11).jpg,079
079/079 (110).jpg,079
079/079 (111).jpg,079
079/079 (112).jpg,079
079/079 (113).jpg,079
079/079 (114).jpg,079
079/079 (115).jpg,079
079/079 (116).jpg,079
079/079 (117).jpg,079
079/079 (118).jpg,079
079/079 (119).jpg,079
079/079 (12).jpg,079
079/079 (120).jpg,079
079/079 (121).jpg,079
079/079 (122).jpg,079
079/079 (123).jpg,079
079/079 (124).jpg,079
079/079 (125).jpg,079
079/079 (126).jpg,079
079/079 (127).jpg,079
079/079 (128).jpg,079
079/079 (129).jpg,079
079/079 (13).jpg,079
079/079 (130).jpg,079
079/079 (131).jpg,079
079/079 (132).jpg,079
079/079 (133).jpg,079
079/079 (134).jpg,079
079/079 (135).jpg,079
079/079 (136).jpg,079
079/079 (137).jpg,079
079/079 (138).jpg,079
079/079 (139).jpg,079
079/079 (14).jpg,079
079/079 (140).jpg,079
079/079 (141).jpg,079
079/079 (142).jpg,079
079/079 (143).jpg,079
079/079 (144).jpg,079
079/079 (145).jpg,079
079/079 (146).jpg,079
079/079 (147).jpg,079
079/079 (148).jpg,079
079/079 (149).jpg,079
079/079 (15).jpg,079
079/079 (150).jpg,079
079/079 (151).jpg,079
079/079 (152).jpg,079
079/079 (153).jpg,079
079/079 (154).jpg,079
079/079 (155).jpg,079
079/079 (156).jpg,079
079/079 (157).jpg,079
079/079 (158).jpg,079
079/079 (159).jpg,079
079/079 (16).jpg,079
079/079 (160).jpg,079
079/079 (17).jpg,079
079/079 (18).jpg,079
079/079 (19).jpg,079
079/079 (2).jpg,079
079/079 (20).jpg,079
079/079 (21).jpg,079
079/079 (22).jpg,079
079/079 (23).jpg,079
079/079 (24).jpg,079
079/079 (25).jpg,079
079/079 (26).jpg,079
079/079 (27).jpg,079
079/079 (28).jpg,079
079/079 (29).jpg,079
079/079 (3).jpg,079
079/079 (30).jpg,079
079/079 (31).jpg,079
079/079 (32).jpg,079
079/079 (33).jpg,079
079/079 (34).jpg,079
079/079 (35).jpg,079
079/079 (36).jpg,079
079/079 (37).jpg,079
079/079 (38).jpg,079
079/079 (39).jpg,079
079/079 (4).jpg,079
079/079 (40).jpg,079
079/079 (41).jpg,079
079/079 (42).jpg,079
079/079 (43).jpg,079
079/079 (44).jpg,079
079/079 (45).jpg,079
079/079 (46).jpg,079
079/079 (47).jpg,079
079/079 (48).jpg,079
079/079 (49).jpg,079
079/079 (5).jpg,079
079/079 (50).jpg,079
079/079 (51).jpg,079
079/079 (52).jpg,079
079/079 (53).jpg,079
079/079 (54).jpg,079
079/079 (55).jpg,079
079/079 (56).jpg,079
079/079 (57).jpg,079
079/079 (58).jpg,079
079/079 (59).jpg,079
079/079 (6).jpg,079
079/079 (60).jpg,079
079/079 (61).jpg,079
079/079 (62).jpg,079
079/079 (63).jpg,079
079/079 (64).jpg,079
079/079 (65).jpg,079
079/079 (66).jpg,079
079/079 (67).jpg,079
079/079 (68).jpg,079
079/079 (69).jpg,079
079/079 (7).jpg,079
079/079 (70).jpg,079
079/079 (71).jpg,079
079/079 (72).jpg,079
079/079 (73).jpg,079
079/079 (74).jpg,079
079/079 (75).jpg,079
079/079 (76).jpg,079
079/079 (77).jpg,079
079/079 (78).jpg,079
079/079 (79).jpg,079
079/079 (8).jpg,079
079/079 (80).jpg,079
079/079 (81).jpg,079
079/079 (82).jpg,079
079/079 (83).jpg,079
079/079 (84).jpg,079
079/079 (85).jpg,079
079/079 (86).jpg,079
079/079 (87).jpg,079
079/079 (88).jpg,079
079/079 (89).jpg,079
079/079 (9).jpg,079
079/079 (90).jpg,079
079/079 (91).jpg,079
079/079 (92).jpg,079
079/079 (93).jpg,079
079/079 (94).jpg,079
079/079 (95).jpg,079
079/079 (96).jpg,079
079/079 (97).jpg,079
079/079 (98).jpg,079
079/079 (99).jpg,079
080/080 (1).jpg,080
080/080 (10).jpg,080
080/080 (100).jpg,080
080/080 (101).jpg,080
080/080 (102).jpg,080
080/080 (103).jpg,080
080/080 (104).jpg,080
080/080 (105).jpg,080
080/080 (106).jpg,080
080/080 (107).jpg,080
080/080 (108).jpg,080
080/080 (109).jpg,080
080/080 (11).jpg,080
080/080 (110).jpg,080
080/080 (111).jpg,080
080/080 (112).jpg,080
080/080 (113).jpg,080
080/080 (114).jpg,080
080/080 (115).jpg,080
080/080 (116).jpg,080
080/080 (117).jpg,080
080/080 (118).jpg,080
080/080 (119).jpg,080
080/080 (12).jpg,080
080/080 (120).jpg,080
080/080 (121).jpg,080
080/080 (122).jpg,080
080/080 (123).jpg,080
080/080 (124).jpg,080
080/080 (125).jpg,080
080/080 (126).jpg,080
080/080 (127).jpg,080
080/080 (128).jpg,080
080/080 (129).jpg,080
080/080 (13).jpg,080
080/080 (130).jpg,080
080/080 (131).jpg,080
080/080 (132).jpg,080
080/080 (133).jpg,080
080/080 (134).jpg,080
080/080 (135).jpg,080
080/080 (136).jpg,080
080/080 (137).jpg,080
080/080 (138).jpg,080
080/080 (139).jpg,080
080/080 (14).jpg,080
080/080 (140).jpg,080
080/080 (141).jpg,080
080/080 (142).jpg,080
080/080 (143).jpg,080
080/080 (144).jpg,080
080/080 (145).jpg,080
080/080 (146).jpg,080
080/080 (147).jpg,080
080/080 (148).jpg,080
080/080 (149).jpg,080
080/080 (15).jpg,080
080/080 (150).jpg,080
080/080 (151).jpg,080
080/080 (152).jpg,080
080/080 (153).jpg,080
080/080 (154).jpg,080
080/080 (155).jpg,080
080/080 (156).jpg,080
080/080 (157).jpg,080
080/080 (158).jpg,080
080/080 (159).jpg,080
080/080 (16).jpg,080
080/080 (160).jpg,080
080/080 (17).jpg,080
080/080 (18).jpg,080
080/080 (19).jpg,080
080/080 (2).jpg,080
080/080 (20).jpg,080
080/080 (21).jpg,080
080/080 (22).jpg,080
080/080 (23).jpg,080
080/080 (24).jpg,080
080/080 (25).jpg,080
080/080 (26).jpg,080
080/080 (27).jpg,080
080/080 (28).jpg,080
080/080 (29).jpg,080
080/080 (3).jpg,080
080/080 (30).jpg,080
080/080 (31).jpg,080
080/080 (32).jpg,080
080/080 (33).jpg,080
080/080 (34).jpg,080
080/080 (35).jpg,080
080/080 (36).jpg,080
080/080 (37).jpg,080
080/080 (38).jpg,080
080/080 (39).jpg,080
080/080 (4).jpg,080
080/080 (40).jpg,080
080/080 (41).jpg,080
080/080 (42).jpg,080
080/080 (43).jpg,080
080/080 (44).jpg,080
080/080 (45).jpg,080
080/080 (46).jpg,080
080/080 (47).jpg,080
080/080 (48).jpg,080
080/080 (49).jpg,080
080/080 (5).jpg,080
080/080 (50).jpg,080
080/080 (51).jpg,080
080/080 (52).jpg,080
080/080 (53).jpg,080
080/080 (54).jpg,080
080/080 (55).jpg,080
080/080 (56).jpg,080
080/080 (57).jpg,080
080/080 (58).jpg,080
080/080 (59).jpg,080
080/080 (6).jpg,080
080/080 (60).jpg,080
080/080 (61).jpg,080
080/080 (62).jpg,080
080/080 (63).jpg,080
080/080 (64).jpg,080
080/080 (65).jpg,080
080/080 (66).jpg,080
080/080 (67).jpg,080
080/080 (68).jpg,080
080/080 (69).jpg,080
080/080 (7).jpg,080
080/080 (70).jpg,080
080/080 (71).jpg,080
080/080 (72).jpg,080
080/080 (73).jpg,080
080/080 (74).jpg,080
080/080 (75).jpg,080
080/080 (76).jpg,080
080/080 (77).jpg,080
080/080 (78).jpg,080
080/080 (79).jpg,080
080/080 (8).jpg,080
080/080 (80).jpg,080
080/080 (81).jpg,080
080/080 (82).jpg,080
080/080 (83).jpg,080
080/080 (84).jpg,080
080/080 (85).jpg,080
080/080 (86).jpg,080
080/080 (87).jpg,080
080/080 (88).jpg,080
080/080 (89).jpg,080
080/080 (9).jpg,080
080/080 (90).jpg,080
080/080 (91).jpg,080
080/080 (92).jpg,080
080/080 (93).jpg,080
080/080 (94).jpg,080
080/080 (95).jpg,080
080/080 (96).jpg,080
080/080 (97).jpg,080
080/080 (98).jpg,080
080/080 (99).jpg,080
081/081 (1).jpg,081
081/081 (10).jpg,081
081/081 (100).jpg,081
081/081 (101).jpg,081
081/081 (102).jpg,081
081/081 (103).jpg,081
081/081 (104).jpg,081
081/081 (105).jpg,081
081/081 (106).jpg,081
081/081 (107).jpg,081
081/081 (108).jpg,081
081/081 (109).jpg,081
081/081 (11).jpg,081
081/081 (110).jpg,081
081/081 (111).jpg,081
081/081 (112).jpg,081
081/081 (113).jpg,081
081/081 (114).jpg,081
081/081 (115).jpg,081
081/081 (116).jpg,081
081/081 (117).jpg,081
081/081 (118).jpg,081
081/081 (119).jpg,081
081/081 (12).jpg,081
081/081 (120).jpg,081
081/081 (121).jpg,081
081/081 (122).jpg,081
081/081 (123).jpg,081
081/081 (124).jpg,081
081/081 (125).jpg,081
081/081 (126).jpg,081
081/081 (127).jpg,081
081/081 (128).jpg,081
081/081 (129).jpg,081
081/081 (13).jpg,081
081/081 (130).jpg,081
081/081 (131).jpg,081
081/081 (132).jpg,081
081/081 (133).jpg,081
081/081 (134).jpg,081
081/081 (135).jpg,081
081/081 (136).jpg,081
081/081 (137).jpg,081
081/081 (138).jpg,081
081/081 (139).jpg,081
081/081 (14).jpg,081
081/081 (140).jpg,081
081/081 (141).jpg,081
081/081 (142).jpg,081
081/081 (143).jpg,081
081/081 (144).jpg,081
081/081 (145).jpg,081
081/081 (146).jpg,081
081/081 (147).jpg,081
081/081 (148).jpg,081
081/081 (149).jpg,081
081/081 (15).jpg,081
081/081 (150).jpg,081
081/081 (151).jpg,081
081/081 (152).jpg,081
081/081 (153).jpg,081
081/081 (154).jpg,081
081/081 (155).jpg,081
081/081 (156).jpg,081
081/081 (157).jpg,081
081/081 (158).jpg,081
081/081 (159).jpg,081
081/081 (16).jpg,081
081/081 (160).jpg,081
081/081 (161).jpg,081
081/081 (162).jpg,081
081/081 (163).jpg,081
081/081 (164).jpg,081
081/081 (165).jpg,081
081/081 (166).jpg,081
081/081 (167).jpg,081
081/081 (168).jpg,081
081/081 (169).jpg,081
081/081 (17).jpg,081
081/081 (170).jpg,081
081/081 (171).jpg,081
081/081 (18).jpg,081
081/081 (19).jpg,081
081/081 (2).jpg,081
081/081 (20).jpg,081
081/081 (21).jpg,081
081/081 (22).jpg,081
081/081 (23).jpg,081
081/081 (24).jpg,081
081/081 (25).jpg,081
081/081 (26).jpg,081
081/081 (27).jpg,081
081/081 (28).jpg,081
081/081 (29).jpg,081
081/081 (3).jpg,081
081/081 (30).jpg,081
081/081 (31).jpg,081
081/081 (32).jpg,081
081/081 (33).jpg,081
081/081 (34).jpg,081
081/081 (35).jpg,081
081/081 (36).jpg,081
081/081 (37).jpg,081
081/081 (38).jpg,081
081/081 (39).jpg,081
081/081 (4).jpg,081
081/081 (40).jpg,081
081/081 (41).jpg,081
081/081 (42).jpg,081
081/081 (43).jpg,081
081/081 (44).jpg,081
081/081 (45).jpg,081
081/081 (46).jpg,081
081/081 (47).jpg,081
081/081 (48).jpg,081
081/081 (49).jpg,081
081/081 (5).jpg,081
081/081 (50).jpg,081
081/081 (51).jpg,081
081/081 (52).jpg,081
081/081 (53).jpg,081
081/081 (54).jpg,081
081/081 (55).jpg,081
081/081 (56).jpg,081
081/081 (57).jpg,081
081/081 (58).jpg,081
081/081 (59).jpg,081
081/081 (6).jpg,081
081/081 (60).jpg,081
081/081 (61).jpg,081
081/081 (62).jpg,081
081/081 (63).jpg,081
081/081 (64).jpg,081
081/081 (65).jpg,081
081/081 (66).jpg,081
081/081 (67).jpg,081
081/081 (68).jpg,081
081/081 (69).jpg,081
081/081 (7).jpg,081
081/081 (70).jpg,081
081/081 (71).jpg,081
081/081 (72).jpg,081
081/081 (73).jpg,081
081/081 (74).jpg,081
081/081 (75).jpg,081
081/081 (76).jpg,081
081/081 (77).jpg,081
081/081 (78).jpg,081
081/081 (79).jpg,081
081/081 (8).jpg,081
081/081 (80).jpg,081
081/081 (81).jpg,081
081/081 (82).jpg,081
081/081 (83).jpg,081
081/081 (84).jpg,081
081/081 (85).jpg,081
081/081 (86).jpg,081
081/081 (87).jpg,081
081/081 (88).jpg,081
081/081 (89).jpg,081
081/081 (9).jpg,081
081/081 (90).jpg,081
081/081 (91).jpg,081
081/081 (92).jpg,081
081/081 (93).jpg,081
081/081 (94).jpg,081
081/081 (95).jpg,081
081/081 (96).jpg,081
081/081 (97).jpg,081
081/081 (98).jpg,081
081/081 (99).jpg,081
082/082 (1).jpg,082
082/082 (10).jpg,082
082/082 (100).jpg,082
082/082 (101).jpg,082
082/082 (102).jpg,082
082/082 (103).jpg,082
082/082 (104).jpg,082
082/082 (105).jpg,082
082/082 (106).jpg,082
082/082 (107).jpg,082
082/082 (108).jpg,082
082/082 (109).jpg,082
082/082 (11).jpg,082
082/082 (110).jpg,082
082/082 (111).jpg,082
082/082 (112).jpg,082
082/082 (113).jpg,082
082/082 (114).jpg,082
082/082 (115).jpg,082
082/082 (116).jpg,082
082/082 (117).jpg,082
082/082 (118).jpg,082
082/082 (119).jpg,082
082/082 (12).jpg,082
082/082 (120).jpg,082
082/082 (121).jpg,082
082/082 (122).jpg,082
082/082 (123).jpg,082
082/082 (124).jpg,082
082/082 (125).jpg,082
082/082 (126).jpg,082
082/082 (127).jpg,082
082/082 (128).jpg,082
082/082 (129).jpg,082
082/082 (13).jpg,082
082/082 (130).jpg,082
082/082 (131).jpg,082
082/082 (132).jpg,082
082/082 (133).jpg,082
082/082 (134).jpg,082
082/082 (135).jpg,082
082/082 (136).jpg,082
082/082 (137).jpg,082
082/082 (138).jpg,082
082/082 (139).jpg,082
082/082 (14).jpg,082
082/082 (140).jpg,082
082/082 (15).jpg,082
082/082 (16).jpg,082
082/082 (17).jpg,082
082/082 (18).jpg,082
082/082 (19).jpg,082
082/082 (2).jpg,082
082/082 (20).jpg,082
082/082 (21).jpg,082
082/082 (22).jpg,082
082/082 (23).jpg,082
082/082 (24).jpg,082
082/082 (25).jpg,082
082/082 (26).jpg,082
082/082 (27).jpg,082
082/082 (28).jpg,082
082/082 (29).jpg,082
082/082 (3).jpg,082
082/082 (30).jpg,082
082/082 (31).jpg,082
082/082 (32).jpg,082
082/082 (33).jpg,082
082/082 (34).jpg,082
082/082 (35).jpg,082
082/082 (36).jpg,082
082/082 (37).jpg,082
082/082 (38).jpg,082
082/082 (39).jpg,082
082/082 (4).jpg,082
082/082 (40).jpg,082
082/082 (41).jpg,082
082/082 (42).jpg,082
082/082 (43).jpg,082
082/082 (44).jpg,082
082/082 (45).jpg,082
082/082 (46).jpg,082
082/082 (47).jpg,082
082/082 (48).jpg,082
082/082 (49).jpg,082
082/082 (5).jpg,082
082/082 (50).jpg,082
082/082 (51).jpg,082
082/082 (52).jpg,082
082/082 (53).jpg,082
082/082 (54).jpg,082
082/082 (55).jpg,082
082/082 (56).jpg,082
082/082 (57).jpg,082
082/082 (58).jpg,082
082/082 (59).jpg,082
082/082 (6).jpg,082
082/082 (60).jpg,082
082/082 (61).jpg,082
082/082 (62).jpg,082
082/082 (63).jpg,082
082/082 (64).jpg,082
082/082 (65).jpg,082
082/082 (66).jpg,082
082/082 (67).jpg,082
082/082 (68).jpg,082
082/082 (69).jpg,082
082/082 (7).jpg,082
082/082 (70).jpg,082
082/082 (71).jpg,082
082/082 (72).jpg,082
082/082 (73).jpg,082
082/082 (74).jpg,082
082/082 (75).jpg,082
082/082 (76).jpg,082
082/082 (77).jpg,082
082/082 (78).jpg,082
082/082 (79).jpg,082
082/082 (8).jpg,082
082/082 (80).jpg,082
082/082 (81).jpg,082
082/082 (82).jpg,082
082/082 (83).jpg,082
082/082 (84).jpg,082
082/082 (85).jpg,082
082/082 (86).jpg,082
082/082 (87).jpg,082
082/082 (88).jpg,082
082/082 (89).jpg,082
082/082 (9).jpg,082
082/082 (90).jpg,082
082/082 (91).jpg,082
082/082 (92).jpg,082
082/082 (93).jpg,082
082/082 (94).jpg,082
082/082 (95).jpg,082
082/082 (96).jpg,082
082/082 (97).jpg,082
082/082 (98).jpg,082
082/082 (99).jpg,082
083/083 (1).jpg,083
083/083 (10).jpg,083
083/083 (100).jpg,083
083/083 (101).jpg,083
083/083 (102).jpg,083
083/083 (103).jpg,083
083/083 (104).jpg,083
083/083 (105).jpg,083
083/083 (106).jpg,083
083/083 (107).jpg,083
083/083 (108).jpg,083
083/083 (109).jpg,083
083/083 (11).jpg,083
083/083 (110).jpg,083
083/083 (111).jpg,083
083/083 (112).jpg,083
083/083 (113).jpg,083
083/083 (114).jpg,083
083/083 (115).jpg,083
083/083 (116).jpg,083
083/083 (117).jpg,083
083/083 (118).jpg,083
083/083 (119).jpg,083
083/083 (12).jpg,083
083/083 (120).jpg,083
083/083 (121).jpg,083
083/083 (122).jpg,083
083/083 (123).jpg,083
083/083 (124).jpg,083
083/083 (125).jpg,083
083/083 (126).jpg,083
083/083 (127).jpg,083
083/083 (128).jpg,083
083/083 (129).jpg,083
083/083 (13).jpg,083
083/083 (130).jpg,083
083/083 (131).jpg,083
083/083 (132).jpg,083
083/083 (133).jpg,083
083/083 (134).jpg,083
083/083 (135).jpg,083
083/083 (136).jpg,083
083/083 (137).jpg,083
083/083 (138).jpg,083
083/083 (139).jpg,083
083/083 (14).jpg,083
083/083 (140).jpg,083
083/083 (141).jpg,083
083/083 (142).jpg,083
083/083 (143).jpg,083
083/083 (144).jpg,083
083/083 (145).jpg,083
083/083 (146).jpg,083
083/083 (147).jpg,083
083/083 (148).jpg,083
083/083 (149).jpg,083
083/083 (15).jpg,083
083/083 (150).jpg,083
083/083 (151).jpg,083
083/083 (152).jpg,083
083/083 (153).jpg,083
083/083 (154).jpg,083
083/083 (155).jpg,083
083/083 (156).jpg,083
083/083 (157).jpg,083
083/083 (158).jpg,083
083/083 (159).jpg,083
083/083 (16).jpg,083
083/083 (160).jpg,083
083/083 (17).jpg,083
083/083 (18).jpg,083
083/083 (19).jpg,083
083/083 (2).jpg,083
083/083 (20).jpg,083
083/083 (21).jpg,083
083/083 (22).jpg,083
083/083 (23).jpg,083
083/083 (24).jpg,083
083/083 (25).jpg,083
083/083 (26).jpg,083
083/083 (27).jpg,083
083/083 (28).jpg,083
083/083 (29).jpg,083
083/083 (3).jpg,083
083/083 (30).jpg,083
083/083 (31).jpg,083
083/083 (32).jpg,083
083/083 (33).jpg,083
083/083 (34).jpg,083
083/083 (35).jpg,083
083/083 (36).jpg,083
083/083 (37).jpg,083
083/083 (38).jpg,083
083/083 (39).jpg,083
083/083 (4).jpg,083
083/083 (40).jpg,083
083/083 (41).jpg,083
083/083 (42).jpg,083
083/083 (43).jpg,083
083/083 (44).jpg,083
083/083 (45).jpg,083
083/083 (46).jpg,083
083/083 (47).jpg,083
083/083 (48).jpg,083
083/083 (49).jpg,083
083/083 (5).jpg,083
083/083 (50).jpg,083
083/083 (51).jpg,083
083/083 (52).jpg,083
083/083 (53).jpg,083
083/083 (54).jpg,083
083/083 (55).jpg,083
083/083 (56).jpg,083
083/083 (57).jpg,083
083/083 (58).jpg,083
083/083 (59).jpg,083
083/083 (6).jpg,083
083/083 (60).jpg,083
083/083 (61).jpg,083
083/083 (62).jpg,083
083/083 (63).jpg,083
083/083 (64).jpg,083
083/083 (65).jpg,083
083/083 (66).jpg,083
083/083 (67).jpg,083
083/083 (68).jpg,083
083/083 (69).jpg,083
083/083 (7).jpg,083
083/083 (70).jpg,083
083/083 (71).jpg,083
083/083 (72).jpg,083
083/083 (73).jpg,083
083/083 (74).jpg,083
083/083 (75).jpg,083
083/083 (76).jpg,083
083/083 (77).jpg,083
083/083 (78).jpg,083
083/083 (79).jpg,083
083/083 (8).jpg,083
083/083 (80).jpg,083
083/083 (81).jpg,083
083/083 (82).jpg,083
083/083 (83).jpg,083
083/083 (84).jpg,083
083/083 (85).jpg,083
083/083 (86).jpg,083
083/083 (87).jpg,083
083/083 (88).jpg,083
083/083 (89).jpg,083
083/083 (9).jpg,083
083/083 (90).jpg,083
083/083 (91).jpg,083
083/083 (92).jpg,083
083/083 (93).jpg,083
083/083 (94).jpg,083
083/083 (95).jpg,083
083/083 (96).jpg,083
083/083 (97).jpg,083
083/083 (98).jpg,083
083/083 (99).jpg,083
084/084 (1).jpg,084
084/084 (10).jpg,084
084/084 (100).jpg,084
084/084 (101).jpg,084
084/084 (102).jpg,084
084/084 (103).jpg,084
084/084 (104).jpg,084
084/084 (105).jpg,084
084/084 (106).jpg,084
084/084 (107).jpg,084
084/084 (108).jpg,084
084/084 (109).jpg,084
084/084 (11).jpg,084
084/084 (110).jpg,084
084/084 (111).jpg,084
084/084 (112).jpg,084
084/084 (113).jpg,084
084/084 (114).jpg,084
084/084 (115).jpg,084
084/084 (116).jpg,084
084/084 (117).jpg,084
084/084 (118).jpg,084
084/084 (119).jpg,084
084/084 (12).jpg,084
084/084 (120).jpg,084
084/084 (121).jpg,084
084/084 (122).jpg,084
084/084 (123).jpg,084
084/084 (124).jpg,084
084/084 (125).jpg,084
084/084 (126).jpg,084
084/084 (127).jpg,084
084/084 (128).jpg,084
084/084 (129).jpg,084
084/084 (13).jpg,084
084/084 (130).jpg,084
084/084 (131).jpg,084
084/084 (132).jpg,084
084/084 (133).jpg,084
084/084 (134).jpg,084
084/084 (135).jpg,084
084/084 (136).jpg,084
084/084 (137).jpg,084
084/084 (138).jpg,084
084/084 (139).jpg,084
084/084 (14).jpg,084
084/084 (140).jpg,084
084/084 (141).jpg,084
084/084 (142).jpg,084
084/084 (143).jpg,084
084/084 (144).jpg,084
084/084 (145).jpg,084
084/084 (146).jpg,084
084/084 (15).jpg,084
084/084 (16).jpg,084
084/084 (17).jpg,084
084/084 (18).jpg,084
084/084 (19).jpg,084
084/084 (2).jpg,084
084/084 (20).jpg,084
084/084 (21).jpg,084
084/084 (22).jpg,084
084/084 (23).jpg,084
084/084 (24).jpg,084
084/084 (25).jpg,084
084/084 (26).jpg,084
084/084 (27).jpg,084
084/084 (28).jpg,084
084/084 (29).jpg,084
084/084 (3).jpg,084
084/084 (30).jpg,084
084/084 (31).jpg,084
084/084 (32).jpg,084
084/084 (33).jpg,084
084/084 (34).jpg,084
084/084 (35).jpg,084
084/084 (36).jpg,084
084/084 (37).jpg,084
084/084 (38).jpg,084
084/084 (39).jpg,084
084/084 (4).jpg,084
084/084 (40).jpg,084
084/084 (41).jpg,084
084/084 (42).jpg,084
084/084 (43).jpg,084
084/084 (44).jpg,084
084/084 (45).jpg,084
084/084 (46).jpg,084
084/084 (47).jpg,084
084/084 (48).jpg,084
084/084 (49).jpg,084
084/084 (5).jpg,084
084/084 (50).jpg,084
084/084 (51).jpg,084
084/084 (52).jpg,084
084/084 (53).jpg,084
084/084 (54).jpg,084
084/084 (55).jpg,084
084/084 (56).jpg,084
084/084 (57).jpg,084
084/084 (58).jpg,084
084/084 (59).jpg,084
084/084 (6).jpg,084
084/084 (60).jpg,084
084/084 (61).jpg,084
084/084 (62).jpg,084
084/084 (63).jpg,084
084/084 (64).jpg,084
084/084 (65).jpg,084
084/084 (66).jpg,084
084/084 (67).jpg,084
084/084 (68).jpg,084
084/084 (69).jpg,084
084/084 (7).jpg,084
084/084 (70).jpg,084
084/084 (71).jpg,084
084/084 (72).jpg,084
084/084 (73).jpg,084
084/084 (74).jpg,084
084/084 (75).jpg,084
084/084 (76).jpg,084
084/084 (77).jpg,084
084/084 (78).jpg,084
084/084 (79).jpg,084
084/084 (8).jpg,084
084/084 (80).jpg,084
084/084 (81).jpg,084
084/084 (82).jpg,084
084/084 (83).jpg,084
084/084 (84).jpg,084
084/084 (85).jpg,084
084/084 (86).jpg,084
084/084 (87).jpg,084
084/084 (88).jpg,084
084/084 (89).jpg,084
084/084 (9).jpg,084
084/084 (90).jpg,084
084/084 (91).jpg,084
084/084 (92).jpg,084
084/084 (93).jpg,084
084/084 (94).jpg,084
084/084 (95).jpg,084
084/084 (96).jpg,084
084/084 (97).jpg,084
084/084 (98).jpg,084
084/084 (99).jpg,084
085/085 (1).jpg,085
085/085 (10).jpg,085
085/085 (100).jpg,085
085/085 (101).jpg,085
085/085 (102).jpg,085
085/085 (103).jpg,085
085/085 (104).jpg,085
085/085 (105).jpg,085
085/085 (106).jpg,085
085/085 (107).jpg,085
085/085 (108).jpg,085
085/085 (109).jpg,085
085/085 (11).jpg,085
085/085 (110).jpg,085
085/085 (111).jpg,085
085/085 (112).jpg,085
085/085 (113).jpg,085
085/085 (114).jpg,085
085/085 (115).jpg,085
085/085 (116).jpg,085
085/085 (117).jpg,085
085/085 (118).jpg,085
085/085 (119).jpg,085
085/085 (12).jpg,085
085/085 (120).jpg,085
085/085 (121).jpg,085
085/085 (122).jpg,085
085/085 (123).jpg,085
085/085 (124).jpg,085
085/085 (125).jpg,085
085/085 (126).jpg,085
085/085 (127).jpg,085
085/085 (128).jpg,085
085/085 (129).jpg,085
085/085 (13).jpg,085
085/085 (130).jpg,085
085/085 (131).jpg,085
085/085 (132).jpg,085
085/085 (133).jpg,085
085/085 (134).jpg,085
085/085 (135).jpg,085
085/085 (136).jpg,085
085/085 (137).jpg,085
085/085 (138).jpg,085
085/085 (139).jpg,085
085/085 (14).jpg,085
085/085 (140).jpg,085
085/085 (141).jpg,085
085/085 (142).jpg,085
085/085 (143).jpg,085
085/085 (144).jpg,085
085/085 (145).jpg,085
085/085 (146).jpg,085
085/085 (147).jpg,085
085/085 (148).jpg,085
085/085 (149).jpg,085
085/085 (15).jpg,085
085/085 (150).jpg,085
085/085 (151).jpg,085
085/085 (152).jpg,085
085/085 (153).jpg,085
085/085 (154).jpg,085
085/085 (155).jpg,085
085/085 (156).jpg,085
085/085 (157).jpg,085
085/085 (158).jpg,085
085/085 (159).jpg,085
085/085 (16).jpg,085
085/085 (160).jpg,085
085/085 (17).jpg,085
085/085 (18).jpg,085
085/085 (19).jpg,085
085/085 (2).jpg,085
085/085 (20).jpg,085
085/085 (21).jpg,085
085/085 (22).jpg,085
085/085 (23).jpg,085
085/085 (24).jpg,085
085/085 (25).jpg,085
085/085 (26).jpg,085
085/085 (27).jpg,085
085/085 (28).jpg,085
085/085 (29).jpg,085
085/085 (3).jpg,085
085/085 (30).jpg,085
085/085 (31).jpg,085
085/085 (32).jpg,085
085/085 (33).jpg,085
085/085 (34).jpg,085
085/085 (35).jpg,085
085/085 (36).jpg,085
085/085 (37).jpg,085
085/085 (38).jpg,085
085/085 (39).jpg,085
085/085 (4).jpg,085
085/085 (40).jpg,085
085/085 (41).jpg,085
085/085 (42).jpg,085
085/085 (43).jpg,085
085/085 (44).jpg,085
085/085 (45).jpg,085
085/085 (46).jpg,085
085/085 (47).jpg,085
085/085 (48).jpg,085
085/085 (49).jpg,085
085/085 (5).jpg,085
085/085 (50).jpg,085
085/085 (51).jpg,085
085/085 (52).jpg,085
085/085 (53).jpg,085
085/085 (54).jpg,085
085/085 (55).jpg,085
085/085 (56).jpg,085
085/085 (57).jpg,085
085/085 (58).jpg,085
085/085 (59).jpg,085
085/085 (6).jpg,085
085/085 (60).jpg,085
085/085 (61).jpg,085
085/085 (62).jpg,085
085/085 (63).jpg,085
085/085 (64).jpg,085
085/085 (65).jpg,085
085/085 (66).jpg,085
085/085 (67).jpg,085
085/085 (68).jpg,085
085/085 (69).jpg,085
085/085 (7).jpg,085
085/085 (70).jpg,085
085/085 (71).jpg,085
085/085 (72).jpg,085
085/085 (73).jpg,085
085/085 (74).jpg,085
085/085 (75).jpg,085
085/085 (76).jpg,085
085/085 (77).jpg,085
085/085 (78).jpg,085
085/085 (79).jpg,085
085/085 (8).jpg,085
085/085 (80).jpg,085
085/085 (81).jpg,085
085/085 (82).jpg,085
085/085 (83).jpg,085
085/085 (84).jpg,085
085/085 (85).jpg,085
085/085 (86).jpg,085
085/085 (87).jpg,085
085/085 (88).jpg,085
085/085 (89).jpg,085
085/085 (9).jpg,085
085/085 (90).jpg,085
085/085 (91).jpg,085
085/085 (92).jpg,085
085/085 (93).jpg,085
085/085 (94).jpg,085
085/085 (95).jpg,085
085/085 (96).jpg,085
085/085 (97).jpg,085
085/085 (98).jpg,085
085/085 (99).jpg,085
086/086 (1).jpg,086
086/086 (10).jpg,086
086/086 (100).jpg,086
086/086 (101).jpg,086
086/086 (102).jpg,086
086/086 (103).jpg,086
086/086 (104).jpg,086
086/086 (105).jpg,086
086/086 (106).jpg,086
086/086 (107).jpg,086
086/086 (108).jpg,086
086/086 (109).jpg,086
086/086 (11).jpg,086
086/086 (110).jpg,086
086/086 (111).jpg,086
086/086 (112).jpg,086
086/086 (113).jpg,086
086/086 (114).jpg,086
086/086 (115).jpg,086
086/086 (116).jpg,086
086/086 (117).jpg,086
086/086 (118).jpg,086
086/086 (119).jpg,086
086/086 (12).jpg,086
086/086 (120).jpg,086
086/086 (121).jpg,086
086/086 (122).jpg,086
086/086 (123).jpg,086
086/086 (124).jpg,086
086/086 (125).jpg,086
086/086 (126).jpg,086
086/086 (127).jpg,086
086/086 (128).jpg,086
086/086 (129).jpg,086
086/086 (13).jpg,086
086/086 (130).jpg,086
086/086 (131).jpg,086
086/086 (132).jpg,086
086/086 (133).jpg,086
086/086 (134).jpg,086
086/086 (135).jpg,086
086/086 (136).jpg,086
086/086 (137).jpg,086
086/086 (138).jpg,086
086/086 (139).jpg,086
086/086 (14).jpg,086
086/086 (140).jpg,086
086/086 (141).jpg,086
086/086 (142).jpg,086
086/086 (143).jpg,086
086/086 (144).jpg,086
086/086 (145).jpg,086
086/086 (146).jpg,086
086/086 (147).jpg,086
086/086 (148).jpg,086
086/086 (149).jpg,086
086/086 (15).jpg,086
086/086 (150).jpg,086
086/086 (151).jpg,086
086/086 (152).jpg,086
086/086 (153).jpg,086
086/086 (154).jpg,086
086/086 (155).jpg,086
086/086 (156).jpg,086
086/086 (157).jpg,086
086/086 (158).jpg,086
086/086 (159).jpg,086
086/086 (16).jpg,086
086/086 (160).jpg,086
086/086 (161).jpg,086
086/086 (17).jpg,086
086/086 (18).jpg,086
086/086 (19).jpg,086
086/086 (2).jpg,086
086/086 (20).jpg,086
086/086 (21).jpg,086
086/086 (22).jpg,086
086/086 (23).jpg,086
086/086 (24).jpg,086
086/086 (25).jpg,086
086/086 (26).jpg,086
086/086 (27).jpg,086
086/086 (28).jpg,086
086/086 (29).jpg,086
086/086 (3).jpg,086
086/086 (30).jpg,086
086/086 (31).jpg,086
086/086 (32).jpg,086
086/086 (33).jpg,086
086/086 (34).jpg,086
086/086 (35).jpg,086
086/086 (36).jpg,086
086/086 (37).jpg,086
086/086 (38).jpg,086
086/086 (39).jpg,086
086/086 (4).jpg,086
086/086 (40).jpg,086
086/086 (41).jpg,086
086/086 (42).jpg,086
086/086 (43).jpg,086
086/086 (44).jpg,086
086/086 (45).jpg,086
086/086 (46).jpg,086
086/086 (47).jpg,086
086/086 (48).jpg,086
086/086 (49).jpg,086
086/086 (5).jpg,086
086/086 (50).jpg,086
086/086 (51).jpg,086
086/086 (52).jpg,086
086/086 (53).jpg,086
086/086 (54).jpg,086
086/086 (55).jpg,086
086/086 (56).jpg,086
086/086 (57).jpg,086
086/086 (58).jpg,086
086/086 (59).jpg,086
086/086 (6).jpg,086
086/086 (60).jpg,086
086/086 (61).jpg,086
086/086 (62).jpg,086
086/086 (63).jpg,086
086/086 (64).jpg,086
086/086 (65).jpg,086
086/086 (66).jpg,086
086/086 (67).jpg,086
086/086 (68).jpg,086
086/086 (69).jpg,086
086/086 (7).jpg,086
086/086 (70).jpg,086
086/086 (71).jpg,086
086/086 (72).jpg,086
086/086 (73).jpg,086
086/086 (74).jpg,086
086/086 (75).jpg,086
086/086 (76).jpg,086
086/086 (77).jpg,086
086/086 (78).jpg,086
086/086 (79).jpg,086
086/086 (8).jpg,086
086/086 (80).jpg,086
086/086 (81).jpg,086
086/086 (82).jpg,086
086/086 (83).jpg,086
086/086 (84).jpg,086
086/086 (85).jpg,086
086/086 (86).jpg,086
086/086 (87).jpg,086
086/086 (88).jpg,086
086/086 (89).jpg,086
086/086 (9).jpg,086
086/086 (90).jpg,086
086/086 (91).jpg,086
086/086 (92).jpg,086
086/086 (93).jpg,086
086/086 (94).jpg,086
086/086 (95).jpg,086
086/086 (96).jpg,086
086/086 (97).jpg,086
086/086 (98).jpg,086
086/086 (99).jpg,086
087/087 (1).jpg,087
087/087 (10).jpg,087
087/087 (100).jpg,087
087/087 (101).jpg,087
087/087 (102).jpg,087
087/087 (103).jpg,087
087/087 (104).jpg,087
087/087 (105).jpg,087
087/087 (106).jpg,087
087/087 (107).jpg,087
087/087 (108).jpg,087
087/087 (109).jpg,087
087/087 (11).jpg,087
087/087 (110).jpg,087
087/087 (111).jpg,087
087/087 (112).jpg,087
087/087 (113).jpg,087
087/087 (114).jpg,087
087/087 (115).jpg,087
087/087 (116).jpg,087
087/087 (117).jpg,087
087/087 (118).jpg,087
087/087 (119).jpg,087
087/087 (12).jpg,087
087/087 (120).jpg,087
087/087 (121).jpg,087
087/087 (122).jpg,087
087/087 (123).jpg,087
087/087 (124).jpg,087
087/087 (125).jpg,087
087/087 (126).jpg,087
087/087 (127).jpg,087
087/087 (128).jpg,087
087/087 (129).jpg,087
087/087 (13).jpg,087
087/087 (130).jpg,087
087/087 (131).jpg,087
087/087 (132).jpg,087
087/087 (133).jpg,087
087/087 (134).jpg,087
087/087 (135).jpg,087
087/087 (136).jpg,087
087/087 (137).jpg,087
087/087 (138).jpg,087
087/087 (139).jpg,087
087/087 (14).jpg,087
087/087 (140).jpg,087
087/087 (141).jpg,087
087/087 (142).jpg,087
087/087 (143).jpg,087
087/087 (144).jpg,087
087/087 (145).jpg,087
087/087 (146).jpg,087
087/087 (147).jpg,087
087/087 (148).jpg,087
087/087 (149).jpg,087
087/087 (15).jpg,087
087/087 (150).jpg,087
087/087 (151).jpg,087
087/087 (152).jpg,087
087/087 (153).jpg,087
087/087 (16).jpg,087
087/087 (17).jpg,087
087/087 (18).jpg,087
087/087 (19).jpg,087
087/087 (2).jpg,087
087/087 (20).jpg,087
087/087 (21).jpg,087
087/087 (22).jpg,087
087/087 (23).jpg,087
087/087 (24).jpg,087
087/087 (25).jpg,087
087/087 (26).jpg,087
087/087 (27).jpg,087
087/087 (28).jpg,087
087/087 (29).jpg,087
087/087 (3).jpg,087
087/087 (30).jpg,087
087/087 (31).jpg,087
087/087 (32).jpg,087
087/087 (33).jpg,087
087/087 (34).jpg,087
087/087 (35).jpg,087
087/087 (36).jpg,087
087/087 (37).jpg,087
087/087 (38).jpg,087
087/087 (39).jpg,087
087/087 (4).jpg,087
087/087 (40).jpg,087
087/087 (41).jpg,087
087/087 (42).jpg,087
087/087 (43).jpg,087
087/087 (44).jpg,087
087/087 (45).jpg,087
087/087 (46).jpg,087
087/087 (47).jpg,087
087/087 (48).jpg,087
087/087 (49).jpg,087
087/087 (5).jpg,087
087/087 (50).jpg,087
087/087 (51).jpg,087
087/087 (52).jpg,087
087/087 (53).jpg,087
087/087 (54).jpg,087
087/087 (55).jpg,087
087/087 (56).jpg,087
087/087 (57).jpg,087
087/087 (58).jpg,087
087/087 (59).jpg,087
087/087 (6).jpg,087
087/087 (60).jpg,087
087/087 (61).jpg,087
087/087 (62).jpg,087
087/087 (63).jpg,087
087/087 (64).jpg,087
087/087 (65).jpg,087
087/087 (66).jpg,087
087/087 (67).jpg,087
087/087 (68).jpg,087
087/087 (69).jpg,087
087/087 (7).jpg,087
087/087 (70).jpg,087
087/087 (71).jpg,087
087/087 (72).jpg,087
087/087 (73).jpg,087
087/087 (74).jpg,087
087/087 (75).jpg,087
087/087 (76).jpg,087
087/087 (77).jpg,087
087/087 (78).jpg,087
087/087 (79).jpg,087
087/087 (8).jpg,087
087/087 (80).jpg,087
087/087 (81).jpg,087
087/087 (82).jpg,087
087/087 (83).jpg,087
087/087 (84).jpg,087
087/087 (85).jpg,087
087/087 (86).jpg,087
087/087 (87).jpg,087
087/087 (88).jpg,087
087/087 (89).jpg,087
087/087 (9).jpg,087
087/087 (90).jpg,087
087/087 (91).jpg,087
087/087 (92).jpg,087
087/087 (93).jpg,087
087/087 (94).jpg,087
087/087 (95).jpg,087
087/087 (96).jpg,087
087/087 (97).jpg,087
087/087 (98).jpg,087
087/087 (99).jpg,087
088/088 (1).jpg,088
088/088 (10).jpg,088
088/088 (100).jpg,088
088/088 (101).jpg,088
088/088 (102).jpg,088
088/088 (103).jpg,088
088/088 (104).jpg,088
088/088 (105).jpg,088
088/088 (106).jpg,088
088/088 (107).jpg,088
088/088 (108).jpg,088
088/088 (109).jpg,088
088/088 (11).jpg,088
088/088 (110).jpg,088
088/088 (111).jpg,088
088/088 (112).jpg,088
088/088 (113).jpg,088
088/088 (114).jpg,088
088/088 (115).jpg,088
088/088 (116).jpg,088
088/088 (117).jpg,088
088/088 (118).jpg,088
088/088 (119).jpg,088
088/088 (12).jpg,088
088/088 (120).jpg,088
088/088 (121).jpg,088
088/088 (122).jpg,088
088/088 (123).jpg,088
088/088 (124).jpg,088
088/088 (125).jpg,088
088/088 (126).jpg,088
088/088 (127).jpg,088
088/088 (128).jpg,088
088/088 (129).jpg,088
088/088 (13).jpg,088
088/088 (130).jpg,088
088/088 (131).jpg,088
088/088 (132).jpg,088
088/088 (133).jpg,088
088/088 (134).jpg,088
088/088 (135).jpg,088
088/088 (136).jpg,088
088/088 (137).jpg,088
088/088 (138).jpg,088
088/088 (139).jpg,088
088/088 (14).jpg,088
088/088 (140).jpg,088
088/088 (141).jpg,088
088/088 (142).jpg,088
088/088 (143).jpg,088
088/088 (144).jpg,088
088/088 (145).jpg,088
088/088 (146).jpg,088
088/088 (147).jpg,088
088/088 (148).jpg,088
088/088 (149).jpg,088
088/088 (15).jpg,088
088/088 (150).jpg,088
088/088 (151).jpg,088
088/088 (152).jpg,088
088/088 (153).jpg,088
088/088 (154).jpg,088
088/088 (155).jpg,088
088/088 (156).jpg,088
088/088 (157).jpg,088
088/088 (158).jpg,088
088/088 (159).jpg,088
088/088 (16).jpg,088
088/088 (160).jpg,088
088/088 (161).jpg,088
088/088 (162).jpg,088
088/088 (163).jpg,088
088/088 (164).jpg,088
088/088 (17).jpg,088
088/088 (18).jpg,088
088/088 (19).jpg,088
088/088 (2).jpg,088
088/088 (20).jpg,088
088/088 (21).jpg,088
088/088 (22).jpg,088
088/088 (23).jpg,088
088/088 (24).jpg,088
088/088 (25).jpg,088
088/088 (26).jpg,088
088/088 (27).jpg,088
088/088 (28).jpg,088
088/088 (29).jpg,088
088/088 (3).jpg,088
088/088 (30).jpg,088
088/088 (31).jpg,088
088/088 (32).jpg,088
088/088 (33).jpg,088
088/088 (34).jpg,088
088/088 (35).jpg,088
088/088 (36).jpg,088
088/088 (37).jpg,088
088/088 (38).jpg,088
088/088 (39).jpg,088
088/088 (4).jpg,088
088/088 (40).jpg,088
088/088 (41).jpg,088
088/088 (42).jpg,088
088/088 (43).jpg,088
088/088 (44).jpg,088
088/088 (45).jpg,088
088/088 (46).jpg,088
088/088 (47).jpg,088
088/088 (48).jpg,088
088/088 (49).jpg,088
088/088 (5).jpg,088
088/088 (50).jpg,088
088/088 (51).jpg,088
088/088 (52).jpg,088
088/088 (53).jpg,088
088/088 (54).jpg,088
088/088 (55).jpg,088
088/088 (56).jpg,088
088/088 (57).jpg,088
088/088 (58).jpg,088
088/088 (59).jpg,088
088/088 (6).jpg,088
088/088 (60).jpg,088
088/088 (61).jpg,088
088/088 (62).jpg,088
088/088 (63).jpg,088
088/088 (64).jpg,088
088/088 (65).jpg,088
088/088 (66).jpg,088
088/088 (67).jpg,088
088/088 (68).jpg,088
088/088 (69).jpg,088
088/088 (7).jpg,088
088/088 (70).jpg,088
088/088 (71).jpg,088
088/088 (72).jpg,088
088/088 (73).jpg,088
088/088 (74).jpg,088
088/088 (75).jpg,088
088/088 (76).jpg,088
088/088 (77).jpg,088
088/088 (78).jpg,088
088/088 (79).jpg,088
088/088 (8).jpg,088
088/088 (80).jpg,088
088/088 (81).jpg,088
088/088 (82).jpg,088
088/088 (83).jpg,088
088/088 (84).jpg,088
088/088 (85).jpg,088
088/088 (86).jpg,088
088/088 (87).jpg,088
088/088 (88).jpg,088
088/088 (89).jpg,088
088/088 (9).jpg,088
088/088 (90).jpg,088
088/088 (91).jpg,088
088/088 (92).jpg,088
088/088 (93).jpg,088
088/088 (94).jpg,088
088/088 (95).jpg,088
088/088 (96).jpg,088
088/088 (97).jpg,088
088/088 (98).jpg,088
088/088 (99).jpg,088
089/089 (1).jpg,089
089/089 (10).jpg,089
089/089 (100).jpg,089
089/089 (101).jpg,089
089/089 (102).jpg,089
089/089 (103).jpg,089
089/089 (104).jpg,089
089/089 (105).jpg,089
089/089 (106).jpg,089
089/089 (107).jpg,089
089/089 (108).jpg,089
089/089 (109).jpg,089
089/089 (11).jpg,089
089/089 (110).jpg,089
089/089 (111).jpg,089
089/089 (112).jpg,089
089/089 (113).jpg,089
089/089 (114).jpg,089
089/089 (115).jpg,089
089/089 (116).jpg,089
089/089 (117).jpg,089
089/089 (118).jpg,089
089/089 (119).jpg,089
089/089 (12).jpg,089
089/089 (120).jpg,089
089/089 (121).jpg,089
089/089 (122).jpg,089
089/089 (123).jpg,089
089/089 (124).jpg,089
089/089 (125).jpg,089
089/089 (126).jpg,089
089/089 (127).jpg,089
089/089 (128).jpg,089
089/089 (129).jpg,089
089/089 (13).jpg,089
089/089 (130).jpg,089
089/089 (131).jpg,089
089/089 (132).jpg,089
089/089 (133).jpg,089
089/089 (134).jpg,089
089/089 (135).jpg,089
089/089 (136).jpg,089
089/089 (137).jpg,089
089/089 (138).jpg,089
089/089 (139).jpg,089
089/089 (14).jpg,089
089/089 (140).jpg,089
089/089 (141).jpg,089
089/089 (142).jpg,089
089/089 (143).jpg,089
089/089 (144).jpg,089
089/089 (145).jpg,089
089/089 (146).jpg,089
089/089 (147).jpg,089
089/089 (148).jpg,089
089/089 (149).jpg,089
089/089 (15).jpg,089
089/089 (150).jpg,089
089/089 (151).jpg,089
089/089 (152).jpg,089
089/089 (153).jpg,089
089/089 (154).jpg,089
089/089 (155).jpg,089
089/089 (156).jpg,089
089/089 (157).jpg,089
089/089 (158).jpg,089
089/089 (159).jpg,089
089/089 (16).jpg,089
089/089 (160).jpg,089
089/089 (17).jpg,089
089/089 (18).jpg,089
089/089 (19).jpg,089
089/089 (2).jpg,089
089/089 (20).jpg,089
089/089 (21).jpg,089
089/089 (22).jpg,089
089/089 (23).jpg,089
089/089 (24).jpg,089
089/089 (25).jpg,089
089/089 (26).jpg,089
089/089 (27).jpg,089
089/089 (28).jpg,089
089/089 (29).jpg,089
089/089 (3).jpg,089
089/089 (30).jpg,089
089/089 (31).jpg,089
089/089 (32).jpg,089
089/089 (33).jpg,089
089/089 (34).jpg,089
089/089 (35).jpg,089
089/089 (36).jpg,089
089/089 (37).jpg,089
089/089 (38).jpg,089
089/089 (39).jpg,089
089/089 (4).jpg,089
089/089 (40).jpg,089
089/089 (41).jpg,089
089/089 (42).jpg,089
089/089 (43).jpg,089
089/089 (44).jpg,089
089/089 (45).jpg,089
089/089 (46).jpg,089
089/089 (47).jpg,089
089/089 (48).jpg,089
089/089 (49).jpg,089
089/089 (5).jpg,089
089/089 (50).jpg,089
089/089 (51).jpg,089
089/089 (52).jpg,089
089/089 (53).jpg,089
089/089 (54).jpg,089
089/089 (55).jpg,089
089/089 (56).jpg,089
089/089 (57).jpg,089
089/089 (58).jpg,089
089/089 (59).jpg,089
089/089 (6).jpg,089
089/089 (60).jpg,089
089/089 (61).jpg,089
089/089 (62).jpg,089
089/089 (63).jpg,089
089/089 (64).jpg,089
089/089 (65).jpg,089
089/089 (66).jpg,089
089/089 (67).jpg,089
089/089 (68).jpg,089
089/089 (69).jpg,089
089/089 (7).jpg,089
089/089 (70).jpg,089
089/089 (71).jpg,089
089/089 (72).jpg,089
089/089 (73).jpg,089
089/089 (74).jpg,089
089/089 (75).jpg,089
089/089 (76).jpg,089
089/089 (77).jpg,089
089/089 (78).jpg,089
089/089 (79).jpg,089
089/089 (8).jpg,089
089/089 (80).jpg,089
089/089 (81).jpg,089
089/089 (82).jpg,089
089/089 (83).jpg,089
089/089 (84).jpg,089
089/089 (85).jpg,089
089/089 (86).jpg,089
089/089 (87).jpg,089
089/089 (88).jpg,089
089/089 (89).jpg,089
089/089 (9).jpg,089
089/089 (90).jpg,089
089/089 (91).jpg,089
089/089 (92).jpg,089
089/089 (93).jpg,089
089/089 (94).jpg,089
089/089 (95).jpg,089
089/089 (96).jpg,089
089/089 (97).jpg,089
089/089 (98).jpg,089
089/089 (99).jpg,089
090/090 (1).jpg,090
090/090 (10).jpg,090
090/090 (100).jpg,090
090/090 (101).jpg,090
090/090 (102).jpg,090
090/090 (103).jpg,090
090/090 (104).jpg,090
090/090 (105).jpg,090
090/090 (106).jpg,090
090/090 (107).jpg,090
090/090 (108).jpg,090
090/090 (109).jpg,090
090/090 (11).jpg,090
090/090 (110).jpg,090
090/090 (111).jpg,090
090/090 (112).jpg,090
090/090 (113).jpg,090
090/090 (114).jpg,090
090/090 (115).jpg,090
090/090 (116).jpg,090
090/090 (117).jpg,090
090/090 (118).jpg,090
090/090 (119).jpg,090
090/090 (12).jpg,090
090/090 (120).jpg,090
090/090 (121).jpg,090
090/090 (122).jpg,090
090/090 (123).jpg,090
090/090 (124).jpg,090
090/090 (125).jpg,090
090/090 (126).jpg,090
090/090 (127).jpg,090
090/090 (128).jpg,090
090/090 (129).jpg,090
090/090 (13).jpg,090
090/090 (130).jpg,090
090/090 (131).jpg,090
090/090 (132).jpg,090
090/090 (133).jpg,090
090/090 (134).jpg,090
090/090 (135).jpg,090
090/090 (136).jpg,090
090/090 (137).jpg,090
090/090 (138).jpg,090
090/090 (139).jpg,090
090/090 (14).jpg,090
090/090 (140).jpg,090
090/090 (141).jpg,090
090/090 (142).jpg,090
090/090 (143).jpg,090
090/090 (144).jpg,090
090/090 (145).jpg,090
090/090 (146).jpg,090
090/090 (147).jpg,090
090/090 (148).jpg,090
090/090 (149).jpg,090
090/090 (15).jpg,090
090/090 (150).jpg,090
090/090 (151).jpg,090
090/090 (152).jpg,090
090/090 (153).jpg,090
090/090 (154).jpg,090
090/090 (155).jpg,090
090/090 (156).jpg,090
090/090 (157).jpg,090
090/090 (158).jpg,090
090/090 (159).jpg,090
090/090 (16).jpg,090
090/090 (160).jpg,090
090/090 (161).jpg,090
090/090 (162).jpg,090
090/090 (163).jpg,090
090/090 (164).jpg,090
090/090 (17).jpg,090
090/090 (18).jpg,090
090/090 (19).jpg,090
090/090 (2).jpg,090
090/090 (20).jpg,090
090/090 (21).jpg,090
090/090 (22).jpg,090
090/090 (23).jpg,090
090/090 (24).jpg,090
090/090 (25).jpg,090
090/090 (26).jpg,090
090/090 (27).jpg,090
090/090 (28).jpg,090
090/090 (29).jpg,090
090/090 (3).jpg,090
090/090 (30).jpg,090
090/090 (31).jpg,090
090/090 (32).jpg,090
090/090 (33).jpg,090
090/090 (34).jpg,090
090/090 (35).jpg,090
090/090 (36).jpg,090
090/090 (37).jpg,090
090/090 (38).jpg,090
090/090 (39).jpg,090
090/090 (4).jpg,090
090/090 (40).jpg,090
090/090 (41).jpg,090
090/090 (42).jpg,090
090/090 (43).jpg,090
090/090 (44).jpg,090
090/090 (45).jpg,090
090/090 (46).jpg,090
090/090 (47).jpg,090
090/090 (48).jpg,090
090/090 (49).jpg,090
090/090 (5).jpg,090
090/090 (50).jpg,090
090/090 (51).jpg,090
090/090 (52).jpg,090
090/090 (53).jpg,090
090/090 (54).jpg,090
090/090 (55).jpg,090
090/090 (56).jpg,090
090/090 (57).jpg,090
090/090 (58).jpg,090
090/090 (59).jpg,090
090/090 (6).jpg,090
090/090 (60).jpg,090
090/090 (61).jpg,090
090/090 (62).jpg,090
090/090 (63).jpg,090
090/090 (64).jpg,090
090/090 (65).jpg,090
090/090 (66).jpg,090
090/090 (67).jpg,090
090/090 (68).jpg,090
090/090 (69).jpg,090
090/090 (7).jpg,090
090/090 (70).jpg,090
090/090 (71).jpg,090
090/090 (72).jpg,090
090/090 (73).jpg,090
090/090 (74).jpg,090
090/090 (75).jpg,090
090/090 (76).jpg,090
090/090 (77).jpg,090
090/090 (78).jpg,090
090/090 (79).jpg,090
090/090 (8).jpg,090
090/090 (80).jpg,090
090/090 (81).jpg,090
090/090 (82).jpg,090
090/090 (83).jpg,090
090/090 (84).jpg,090
090/090 (85).jpg,090
090/090 (86).jpg,090
090/090 (87).jpg,090
090/090 (88).jpg,090
090/090 (89).jpg,090
090/090 (9).jpg,090
090/090 (90).jpg,090
090/090 (91).jpg,090
090/090 (92).jpg,090
090/090 (93).jpg,090
090/090 (94).jpg,090
090/090 (95).jpg,090
090/090 (96).jpg,090
090/090 (97).jpg,090
090/090 (98).jpg,090
090/090 (99).jpg,090
091/091 (1).jpg,091
091/091 (10).jpg,091
091/091 (100).jpg,091
091/091 (101).jpg,091
091/091 (102).jpg,091
091/091 (103).jpg,091
091/091 (104).jpg,091
091/091 (105).jpg,091
091/091 (106).jpg,091
091/091 (107).jpg,091
091/091 (108).jpg,091
091/091 (109).jpg,091
091/091 (11).jpg,091
091/091 (110).jpg,091
091/091 (111).jpg,091
091/091 (112).jpg,091
091/091 (113).jpg,091
091/091 (114).jpg,091
091/091 (115).jpg,091
091/091 (116).jpg,091
091/091 (117).jpg,091
091/091 (118).jpg,091
091/091 (119).jpg,091
091/091 (12).jpg,091
091/091 (120).jpg,091
091/091 (121).jpg,091
091/091 (122).jpg,091
091/091 (123).jpg,091
091/091 (124).jpg,091
091/091 (125).jpg,091
091/091 (126).jpg,091
091/091 (127).jpg,091
091/091 (128).jpg,091
091/091 (129).jpg,091
091/091 (13).jpg,091
091/091 (130).jpg,091
091/091 (131).jpg,091
091/091 (132).jpg,091
091/091 (133).jpg,091
091/091 (134).jpg,091
091/091 (135).jpg,091
091/091 (136).jpg,091
091/091 (137).jpg,091
091/091 (138).jpg,091
091/091 (139).jpg,091
091/091 (14).jpg,091
091/091 (140).jpg,091
091/091 (141).jpg,091
091/091 (142).jpg,091
091/091 (143).jpg,091
091/091 (144).jpg,091
091/091 (145).jpg,091
091/091 (146).jpg,091
091/091 (147).jpg,091
091/091 (148).jpg,091
091/091 (149).jpg,091
091/091 (15).jpg,091
091/091 (150).jpg,091
091/091 (151).jpg,091
091/091 (152).jpg,091
091/091 (153).jpg,091
091/091 (154).jpg,091
091/091 (155).jpg,091
091/091 (156).jpg,091
091/091 (157).jpg,091
091/091 (158).jpg,091
091/091 (159).jpg,091
091/091 (16).jpg,091
091/091 (160).jpg,091
091/091 (161).jpg,091
091/091 (162).jpg,091
091/091 (163).jpg,091
091/091 (17).jpg,091
091/091 (18).jpg,091
091/091 (19).jpg,091
091/091 (2).jpg,091
091/091 (20).jpg,091
091/091 (21).jpg,091
091/091 (22).jpg,091
091/091 (23).jpg,091
091/091 (24).jpg,091
091/091 (25).jpg,091
091/091 (26).jpg,091
091/091 (27).jpg,091
091/091 (28).jpg,091
091/091 (29).jpg,091
091/091 (3).jpg,091
091/091 (30).jpg,091
091/091 (31).jpg,091
091/091 (32).jpg,091
091/091 (33).jpg,091
091/091 (34).jpg,091
091/091 (35).jpg,091
091/091 (36).jpg,091
091/091 (37).jpg,091
091/091 (38).jpg,091
091/091 (39).jpg,091
091/091 (4).jpg,091
091/091 (40).jpg,091
091/091 (41).jpg,091
091/091 (42).jpg,091
091/091 (43).jpg,091
091/091 (44).jpg,091
091/091 (45).jpg,091
091/091 (46).jpg,091
091/091 (47).jpg,091
091/091 (48).jpg,091
091/091 (49).jpg,091
091/091 (5).jpg,091
091/091 (50).jpg,091
091/091 (51).jpg,091
091/091 (52).jpg,091
091/091 (53).jpg,091
091/091 (54).jpg,091
091/091 (55).jpg,091
091/091 (56).jpg,091
091/091 (57).jpg,091
091/091 (58).jpg,091
091/091 (59).jpg,091
091/091 (6).jpg,091
091/091 (60).jpg,091
091/091 (61).jpg,091
091/091 (62).jpg,091
091/091 (63).jpg,091
091/091 (64).jpg,091
091/091 (65).jpg,091
091/091 (66).jpg,091
091/091 (67).jpg,091
091/091 (68).jpg,091
091/091 (69).jpg,091
091/091 (7).jpg,091
091/091 (70).jpg,091
091/091 (71).jpg,091
091/091 (72).jpg,091
091/091 (73).jpg,091
091/091 (74).jpg,091
091/091 (75).jpg,091
091/091 (76).jpg,091
091/091 (77).jpg,091
091/091 (78).jpg,091
091/091 (79).jpg,091
091/091 (8).jpg,091
091/091 (80).jpg,091
091/091 (81).jpg,091
091/091 (82).jpg,091
091/091 (83).jpg,091
091/091 (84).jpg,091
091/091 (85).jpg,091
091/091 (86).jpg,091
091/091 (87).jpg,091
091/091 (88).jpg,091
091/091 (89).jpg,091
091/091 (9).jpg,091
091/091 (90).jpg,091
091/091 (91).jpg,091
091/091 (92).jpg,091
091/091 (93).jpg,091
091/091 (94).jpg,091
091/091 (95).jpg,091
091/091 (96).jpg,091
091/091 (97).jpg,091
091/091 (98).jpg,091
091/091 (99).jpg,091
092/092 (1).jpg,092
092/092 (10).jpg,092
092/092 (100).jpg,092
092/092 (101).jpg,092
092/092 (102).jpg,092
092/092 (103).jpg,092
092/092 (104).jpg,092
092/092 (105).jpg,092
092/092 (106).jpg,092
092/092 (107).jpg,092
092/092 (108).jpg,092
092/092 (109).jpg,092
092/092 (11).jpg,092
092/092 (110).jpg,092
092/092 (111).jpg,092
092/092 (112).jpg,092
092/092 (113).jpg,092
092/092 (114).jpg,092
092/092 (115).jpg,092
092/092 (116).jpg,092
092/092 (117).jpg,092
092/092 (118).jpg,092
092/092 (119).jpg,092
092/092 (12).jpg,092
092/092 (120).jpg,092
092/092 (121).jpg,092
092/092 (122).jpg,092
092/092 (123).jpg,092
092/092 (124).jpg,092
092/092 (125).jpg,092
092/092 (126).jpg,092
092/092 (127).jpg,092
092/092 (128).jpg,092
092/092 (129).jpg,092
092/092 (13).jpg,092
092/092 (130).jpg,092
092/092 (131).jpg,092
092/092 (132).jpg,092
092/092 (133).jpg,092
092/092 (134).jpg,092
092/092 (135).jpg,092
092/092 (136).jpg,092
092/092 (137).jpg,092
092/092 (138).jpg,092
092/092 (139).jpg,092
092/092 (14).jpg,092
092/092 (140).jpg,092
092/092 (141).jpg,092
092/092 (142).jpg,092
092/092 (143).jpg,092
092/092 (144).jpg,092
092/092 (145).jpg,092
092/092 (146).jpg,092
092/092 (147).jpg,092
092/092 (148).jpg,092
092/092 (149).jpg,092
092/092 (15).jpg,092
092/092 (150).jpg,092
092/092 (151).jpg,092
092/092 (152).jpg,092
092/092 (153).jpg,092
092/092 (154).jpg,092
092/092 (155).jpg,092
092/092 (156).jpg,092
092/092 (157).jpg,092
092/092 (158).jpg,092
092/092 (159).jpg,092
092/092 (16).jpg,092
092/092 (160).jpg,092
092/092 (17).jpg,092
092/092 (18).jpg,092
092/092 (19).jpg,092
092/092 (2).jpg,092
092/092 (20).jpg,092
092/092 (21).jpg,092
092/092 (22).jpg,092
092/092 (23).jpg,092
092/092 (24).jpg,092
092/092 (25).jpg,092
092/092 (26).jpg,092
092/092 (27).jpg,092
092/092 (28).jpg,092
092/092 (29).jpg,092
092/092 (3).jpg,092
092/092 (30).jpg,092
092/092 (31).jpg,092
092/092 (32).jpg,092
092/092 (33).jpg,092
092/092 (34).jpg,092
092/092 (35).jpg,092
092/092 (36).jpg,092
092/092 (37).jpg,092
092/092 (38).jpg,092
092/092 (39).jpg,092
092/092 (4).jpg,092
092/092 (40).jpg,092
092/092 (41).jpg,092
092/092 (42).jpg,092
092/092 (43).jpg,092
092/092 (44).jpg,092
092/092 (45).jpg,092
092/092 (46).jpg,092
092/092 (47).jpg,092
092/092 (48).jpg,092
092/092 (49).jpg,092
092/092 (5).jpg,092
092/092 (50).jpg,092
092/092 (51).jpg,092
092/092 (52).jpg,092
092/092 (53).jpg,092
092/092 (54).jpg,092
092/092 (55).jpg,092
092/092 (56).jpg,092
092/092 (57).jpg,092
092/092 (58).jpg,092
092/092 (59).jpg,092
092/092 (6).jpg,092
092/092 (60).jpg,092
092/092 (61).jpg,092
092/092 (62).jpg,092
092/092 (63).jpg,092
092/092 (64).jpg,092
092/092 (65).jpg,092
092/092 (66).jpg,092
092/092 (67).jpg,092
092/092 (68).jpg,092
092/092 (69).jpg,092
092/092 (7).jpg,092
092/092 (70).jpg,092
092/092 (71).jpg,092
092/092 (72).jpg,092
092/092 (73).jpg,092
092/092 (74).jpg,092
092/092 (75).jpg,092
092/092 (76).jpg,092
092/092 (77).jpg,092
092/092 (78).jpg,092
092/092 (79).jpg,092
092/092 (8).jpg,092
092/092 (80).jpg,092
092/092 (81).jpg,092
092/092 (82).jpg,092
092/092 (83).jpg,092
092/092 (84).jpg,092
092/092 (85).jpg,092
092/092 (86).jpg,092
092/092 (87).jpg,092
092/092 (88).jpg,092
092/092 (89).jpg,092
092/092 (9).jpg,092
092/092 (90).jpg,092
092/092 (91).jpg,092
092/092 (92).jpg,092
092/092 (93).jpg,092
092/092 (94).jpg,092
092/092 (95).jpg,092
092/092 (96).jpg,092
092/092 (97).jpg,092
092/092 (98).jpg,092
092/092 (99).jpg,092
093/093 (1).jpg,093
093/093 (10).jpg,093
093/093 (100).jpg,093
093/093 (101).jpg,093
093/093 (102).jpg,093
093/093 (103).jpg,093
093/093 (104).jpg,093
093/093 (105).jpg,093
093/093 (106).jpg,093
093/093 (107).jpg,093
093/093 (108).jpg,093
093/093 (109).jpg,093
093/093 (11).jpg,093
093/093 (110).jpg,093
093/093 (111).jpg,093
093/093 (112).jpg,093
093/093 (113).jpg,093
093/093 (114).jpg,093
093/093 (115).jpg,093
093/093 (116).jpg,093
093/093 (117).jpg,093
093/093 (118).jpg,093
093/093 (119).jpg,093
093/093 (12).jpg,093
093/093 (120).jpg,093
093/093 (121).jpg,093
093/093 (122).jpg,093
093/093 (123).jpg,093
093/093 (124).jpg,093
093/093 (125).jpg,093
093/093 (126).jpg,093
093/093 (127).jpg,093
093/093 (128).jpg,093
093/093 (129).jpg,093
093/093 (13).jpg,093
093/093 (130).jpg,093
093/093 (131).jpg,093
093/093 (132).jpg,093
093/093 (133).jpg,093
093/093 (134).jpg,093
093/093 (135).jpg,093
093/093 (136).jpg,093
093/093 (137).jpg,093
093/093 (138).jpg,093
093/093 (139).jpg,093
093/093 (14).jpg,093
093/093 (140).jpg,093
093/093 (141).jpg,093
093/093 (142).jpg,093
093/093 (143).jpg,093
093/093 (144).jpg,093
093/093 (145).jpg,093
093/093 (146).jpg,093
093/093 (147).jpg,093
093/093 (148).jpg,093
093/093 (149).jpg,093
093/093 (15).jpg,093
093/093 (150).jpg,093
093/093 (151).jpg,093
093/093 (152).jpg,093
093/093 (153).jpg,093
093/093 (154).jpg,093
093/093 (155).jpg,093
093/093 (156).jpg,093
093/093 (157).jpg,093
093/093 (158).jpg,093
093/093 (159).jpg,093
093/093 (16).jpg,093
093/093 (160).jpg,093
093/093 (161).jpg,093
093/093 (162).jpg,093
093/093 (163).jpg,093
093/093 (164).jpg,093
093/093 (165).jpg,093
093/093 (166).jpg,093
093/093 (17).jpg,093
093/093 (18).jpg,093
093/093 (19).jpg,093
093/093 (2).jpg,093
093/093 (20).jpg,093
093/093 (21).jpg,093
093/093 (22).jpg,093
093/093 (23).jpg,093
093/093 (24).jpg,093
093/093 (25).jpg,093
093/093 (26).jpg,093
093/093 (27).jpg,093
093/093 (28).jpg,093
093/093 (29).jpg,093
093/093 (3).jpg,093
093/093 (30).jpg,093
093/093 (31).jpg,093
093/093 (32).jpg,093
093/093 (33).jpg,093
093/093 (34).jpg,093
093/093 (35).jpg,093
093/093 (36).jpg,093
093/093 (37).jpg,093
093/093 (38).jpg,093
093/093 (39).jpg,093
093/093 (4).jpg,093
093/093 (40).jpg,093
093/093 (41).jpg,093
093/093 (42).jpg,093
093/093 (43).jpg,093
093/093 (44).jpg,093
093/093 (45).jpg,093
093/093 (46).jpg,093
093/093 (47).jpg,093
093/093 (48).jpg,093
093/093 (49).jpg,093
093/093 (5).jpg,093
093/093 (50).jpg,093
093/093 (51).jpg,093
093/093 (52).jpg,093
093/093 (53).jpg,093
093/093 (54).jpg,093
093/093 (55).jpg,093
093/093 (56).jpg,093
093/093 (57).jpg,093
093/093 (58).jpg,093
093/093 (59).jpg,093
093/093 (6).jpg,093
093/093 (60).jpg,093
093/093 (61).jpg,093
093/093 (62).jpg,093
093/093 (63).jpg,093
093/093 (64).jpg,093
093/093 (65).jpg,093
093/093 (66).jpg,093
093/093 (67).jpg,093
093/093 (68).jpg,093
093/093 (69).jpg,093
093/093 (7).jpg,093
093/093 (70).jpg,093
093/093 (71).jpg,093
093/093 (72).jpg,093
093/093 (73).jpg,093
093/093 (74).jpg,093
093/093 (75).jpg,093
093/093 (76).jpg,093
093/093 (77).jpg,093
093/093 (78).jpg,093
093/093 (79).jpg,093
093/093 (8).jpg,093
093/093 (80).jpg,093
093/093 (81).jpg,093
093/093 (82).jpg,093
093/093 (83).jpg,093
093/093 (84).jpg,093
093/093 (85).jpg,093
093/093 (86).jpg,093
093/093 (87).jpg,093
093/093 (88).jpg,093
093/093 (89).jpg,093
093/093 (9).jpg,093
093/093 (90).jpg,093
093/093 (91).jpg,093
093/093 (92).jpg,093
093/093 (93).jpg,093
093/093 (94).jpg,093
093/093 (95).jpg,093
093/093 (96).jpg,093
093/093 (97).jpg,093
093/093 (98).jpg,093
093/093 (99).jpg,093
094/094 (1).jpg,094
094/094 (10).jpg,094
094/094 (100).jpg,094
094/094 (101).jpg,094
094/094 (102).jpg,094
094/094 (103).jpg,094
094/094 (104).jpg,094
094/094 (105).jpg,094
094/094 (106).jpg,094
094/094 (107).jpg,094
094/094 (108).jpg,094
094/094 (109).jpg,094
094/094 (11).jpg,094
094/094 (110).jpg,094
094/094 (111).jpg,094
094/094 (112).jpg,094
094/094 (113).jpg,094
094/094 (114).jpg,094
094/094 (115).jpg,094
094/094 (116).jpg,094
094/094 (117).jpg,094
094/094 (118).jpg,094
094/094 (119).jpg,094
094/094 (12).jpg,094
094/094 (120).jpg,094
094/094 (121).jpg,094
094/094 (122).jpg,094
094/094 (123).jpg,094
094/094 (124).jpg,094
094/094 (125).jpg,094
094/094 (126).jpg,094
094/094 (127).jpg,094
094/094 (128).jpg,094
094/094 (129).jpg,094
094/094 (13).jpg,094
094/094 (130).jpg,094
094/094 (131).jpg,094
094/094 (132).jpg,094
094/094 (133).jpg,094
094/094 (134).jpg,094
094/094 (135).jpg,094
094/094 (136).jpg,094
094/094 (137).jpg,094
094/094 (138).jpg,094
094/094 (139).jpg,094
094/094 (14).jpg,094
094/094 (140).jpg,094
094/094 (141).jpg,094
094/094 (142).jpg,094
094/094 (143).jpg,094
094/094 (144).jpg,094
094/094 (145).jpg,094
094/094 (146).jpg,094
094/094 (147).jpg,094
094/094 (148).jpg,094
094/094 (149).jpg,094
094/094 (15).jpg,094
094/094 (150).jpg,094
094/094 (151).jpg,094
094/094 (152).jpg,094
094/094 (153).jpg,094
094/094 (154).jpg,094
094/094 (155).jpg,094
094/094 (156).jpg,094
094/094 (157).jpg,094
094/094 (158).jpg,094
094/094 (159).jpg,094
094/094 (16).jpg,094
094/094 (160).jpg,094
094/094 (161).jpg,094
094/094 (162).jpg,094
094/094 (17).jpg,094
094/094 (18).jpg,094
094/094 (19).jpg,094
094/094 (2).jpg,094
094/094 (20).jpg,094
094/094 (21).jpg,094
094/094 (22).jpg,094
094/094 (23).jpg,094
094/094 (24).jpg,094
094/094 (25).jpg,094
094/094 (26).jpg,094
094/094 (27).jpg,094
094/094 (28).jpg,094
094/094 (29).jpg,094
094/094 (3).jpg,094
094/094 (30).jpg,094
094/094 (31).jpg,094
094/094 (32).jpg,094
094/094 (33).jpg,094
094/094 (34).jpg,094
094/094 (35).jpg,094
094/094 (36).jpg,094
094/094 (37).jpg,094
094/094 (38).jpg,094
094/094 (39).jpg,094
094/094 (4).jpg,094
094/094 (40).jpg,094
094/094 (41).jpg,094
094/094 (42).jpg,094
094/094 (43).jpg,094
094/094 (44).jpg,094
094/094 (45).jpg,094
094/094 (46).jpg,094
094/094 (47).jpg,094
094/094 (48).jpg,094
094/094 (49).jpg,094
094/094 (5).jpg,094
094/094 (50).jpg,094
094/094 (51).jpg,094
094/094 (52).jpg,094
094/094 (53).jpg,094
094/094 (54).jpg,094
094/094 (55).jpg,094
094/094 (56).jpg,094
094/094 (57).jpg,094
094/094 (58).jpg,094
094/094 (59).jpg,094
094/094 (6).jpg,094
094/094 (60).jpg,094
094/094 (61).jpg,094
094/094 (62).jpg,094
094/094 (63).jpg,094
094/094 (64).jpg,094
094/094 (65).jpg,094
094/094 (66).jpg,094
094/094 (67).jpg,094
094/094 (68).jpg,094
094/094 (69).jpg,094
094/094 (7).jpg,094
094/094 (70).jpg,094
094/094 (71).jpg,094
094/094 (72).jpg,094
094/094 (73).jpg,094
094/094 (74).jpg,094
094/094 (75).jpg,094
094/094 (76).jpg,094
094/094 (77).jpg,094
094/094 (78).jpg,094
094/094 (79).jpg,094
094/094 (8).jpg,094
094/094 (80).jpg,094
094/094 (81).jpg,094
094/094 (82).jpg,094
094/094 (83).jpg,094
094/094 (84).jpg,094
094/094 (85).jpg,094
094/094 (86).jpg,094
094/094 (87).jpg,094
094/094 (88).jpg,094
094/094 (89).jpg,094
094/094 (9).jpg,094
094/094 (90).jpg,094
094/094 (91).jpg,094
094/094 (92).jpg,094
094/094 (93).jpg,094
094/094 (94).jpg,094
094/094 (95).jpg,094
094/094 (96).jpg,094
094/094 (97).jpg,094
094/094 (98).jpg,094
094/094 (99).jpg,094
095/095 (1).jpg,095
095/095 (10).jpg,095
095/095 (100).jpg,095
095/095 (101).jpg,095
095/095 (102).jpg,095
095/095 (103).jpg,095
095/095 (104).jpg,095
095/095 (105).jpg,095
095/095 (106).jpg,095
095/095 (107).jpg,095
095/095 (108).jpg,095
095/095 (109).jpg,095
095/095 (11).jpg,095
095/095 (110).jpg,095
095/095 (111).jpg,095
095/095 (112).jpg,095
095/095 (113).jpg,095
095/095 (114).jpg,095
095/095 (115).jpg,095
095/095 (116).jpg,095
095/095 (117).jpg,095
095/095 (118).jpg,095
095/095 (119).jpg,095
095/095 (12).jpg,095
095/095 (120).jpg,095
095/095 (121).jpg,095
095/095 (122).jpg,095
095/095 (123).jpg,095
095/095 (124).jpg,095
095/095 (125).jpg,095
095/095 (126).jpg,095
095/095 (127).jpg,095
095/095 (128).jpg,095
095/095 (129).jpg,095
095/095 (13).jpg,095
095/095 (130).jpg,095
095/095 (131).jpg,095
095/095 (132).jpg,095
095/095 (133).jpg,095
095/095 (134).jpg,095
095/095 (135).jpg,095
095/095 (136).jpg,095
095/095 (137).jpg,095
095/095 (138).jpg,095
095/095 (139).jpg,095
095/095 (14).jpg,095
095/095 (140).jpg,095
095/095 (141).jpg,095
095/095 (142).jpg,095
095/095 (143).jpg,095
095/095 (144).jpg,095
095/095 (145).jpg,095
095/095 (146).jpg,095
095/095 (147).jpg,095
095/095 (148).jpg,095
095/095 (149).jpg,095
095/095 (15).jpg,095
095/095 (150).jpg,095
095/095 (151).jpg,095
095/095 (152).jpg,095
095/095 (153).jpg,095
095/095 (154).jpg,095
095/095 (155).jpg,095
095/095 (156).jpg,095
095/095 (157).jpg,095
095/095 (158).jpg,095
095/095 (159).jpg,095
095/095 (16).jpg,095
095/095 (160).jpg,095
095/095 (161).jpg,095
095/095 (162).jpg,095
095/095 (163).jpg,095
095/095 (164).jpg,095
095/095 (165).jpg,095
095/095 (17).jpg,095
095/095 (18).jpg,095
095/095 (19).jpg,095
095/095 (2).jpg,095
095/095 (20).jpg,095
095/095 (21).jpg,095
095/095 (22).jpg,095
095/095 (23).jpg,095
095/095 (24).jpg,095
095/095 (25).jpg,095
095/095 (26).jpg,095
095/095 (27).jpg,095
095/095 (28).jpg,095
095/095 (29).jpg,095
095/095 (3).jpg,095
095/095 (30).jpg,095
095/095 (31).jpg,095
095/095 (32).jpg,095
095/095 (33).jpg,095
095/095 (34).jpg,095
095/095 (35).jpg,095
095/095 (36).jpg,095
095/095 (37).jpg,095
095/095 (38).jpg,095
095/095 (39).jpg,095
095/095 (4).jpg,095
095/095 (40).jpg,095
095/095 (41).jpg,095
095/095 (42).jpg,095
095/095 (43).jpg,095
095/095 (44).jpg,095
095/095 (45).jpg,095
095/095 (46).jpg,095
095/095 (47).jpg,095
095/095 (48).jpg,095
095/095 (49).jpg,095
095/095 (5).jpg,095
095/095 (50).jpg,095
095/095 (51).jpg,095
095/095 (52).jpg,095
095/095 (53).jpg,095
095/095 (54).jpg,095
095/095 (55).jpg,095
095/095 (56).jpg,095
095/095 (57).jpg,095
095/095 (58).jpg,095
095/095 (59).jpg,095
095/095 (6).jpg,095
095/095 (60).jpg,095
095/095 (61).jpg,095
095/095 (62).jpg,095
095/095 (63).jpg,095
095/095 (64).jpg,095
095/095 (65).jpg,095
095/095 (66).jpg,095
095/095 (67).jpg,095
095/095 (68).jpg,095
095/095 (69).jpg,095
095/095 (7).jpg,095
095/095 (70).jpg,095
095/095 (71).jpg,095
095/095 (72).jpg,095
095/095 (73).jpg,095
095/095 (74).jpg,095
095/095 (75).jpg,095
095/095 (76).jpg,095
095/095 (77).jpg,095
095/095 (78).jpg,095
095/095 (79).jpg,095
095/095 (8).jpg,095
095/095 (80).jpg,095
095/095 (81).jpg,095
095/095 (82).jpg,095
095/095 (83).jpg,095
095/095 (84).jpg,095
095/095 (85).jpg,095
095/095 (86).jpg,095
095/095 (87).jpg,095
095/095 (88).jpg,095
095/095 (89).jpg,095
095/095 (9).jpg,095
095/095 (90).jpg,095
095/095 (91).jpg,095
095/095 (92).jpg,095
095/095 (93).jpg,095
095/095 (94).jpg,095
095/095 (95).jpg,095
095/095 (96).jpg,095
095/095 (97).jpg,095
095/095 (98).jpg,095
095/095 (99).jpg,095
096/096 (1).jpg,096
096/096 (10).jpg,096
096/096 (100).jpg,096
096/096 (101).jpg,096
096/096 (102).jpg,096
096/096 (103).jpg,096
096/096 (104).jpg,096
096/096 (105).jpg,096
096/096 (106).jpg,096
096/096 (107).jpg,096
096/096 (108).jpg,096
096/096 (109).jpg,096
096/096 (11).jpg,096
096/096 (110).jpg,096
096/096 (111).jpg,096
096/096 (112).jpg,096
096/096 (113).jpg,096
096/096 (114).jpg,096
096/096 (115).jpg,096
096/096 (116).jpg,096
096/096 (117).jpg,096
096/096 (118).jpg,096
096/096 (119).jpg,096
096/096 (12).jpg,096
096/096 (120).jpg,096
096/096 (121).jpg,096
096/096 (122).jpg,096
096/096 (123).jpg,096
096/096 (124).jpg,096
096/096 (125).jpg,096
096/096 (126).jpg,096
096/096 (127).jpg,096
096/096 (128).jpg,096
096/096 (129).jpg,096
096/096 (13).jpg,096
096/096 (130).jpg,096
096/096 (131).jpg,096
096/096 (132).jpg,096
096/096 (133).jpg,096
096/096 (134).jpg,096
096/096 (135).jpg,096
096/096 (136).jpg,096
096/096 (137).jpg,096
096/096 (138).jpg,096
096/096 (139).jpg,096
096/096 (14).jpg,096
096/096 (140).jpg,096
096/096 (141).jpg,096
096/096 (142).jpg,096
096/096 (143).jpg,096
096/096 (144).jpg,096
096/096 (145).jpg,096
096/096 (146).jpg,096
096/096 (147).jpg,096
096/096 (148).jpg,096
096/096 (149).jpg,096
096/096 (15).jpg,096
096/096 (150).jpg,096
096/096 (151).jpg,096
096/096 (152).jpg,096
096/096 (153).jpg,096
096/096 (154).jpg,096
096/096 (155).jpg,096
096/096 (156).jpg,096
096/096 (157).jpg,096
096/096 (16).jpg,096
096/096 (17).jpg,096
096/096 (18).jpg,096
096/096 (19).jpg,096
096/096 (2).jpg,096
096/096 (20).jpg,096
096/096 (21).jpg,096
096/096 (22).jpg,096
096/096 (23).jpg,096
096/096 (24).jpg,096
096/096 (25).jpg,096
096/096 (26).jpg,096
096/096 (27).jpg,096
096/096 (28).jpg,096
096/096 (29).jpg,096
096/096 (3).jpg,096
096/096 (30).jpg,096
096/096 (31).jpg,096
096/096 (32).jpg,096
096/096 (33).jpg,096
096/096 (34).jpg,096
096/096 (35).jpg,096
096/096 (36).jpg,096
096/096 (37).jpg,096
096/096 (38).jpg,096
096/096 (39).jpg,096
096/096 (4).jpg,096
096/096 (40).jpg,096
096/096 (41).jpg,096
096/096 (42).jpg,096
096/096 (43).jpg,096
096/096 (44).jpg,096
096/096 (45).jpg,096
096/096 (46).jpg,096
096/096 (47).jpg,096
096/096 (48).jpg,096
096/096 (49).jpg,096
096/096 (5).jpg,096
096/096 (50).jpg,096
096/096 (51).jpg,096
096/096 (52).jpg,096
096/096 (53).jpg,096
096/096 (54).jpg,096
096/096 (55).jpg,096
096/096 (56).jpg,096
096/096 (57).jpg,096
096/096 (58).jpg,096
096/096 (59).jpg,096
096/096 (6).jpg,096
096/096 (60).jpg,096
096/096 (61).jpg,096
096/096 (62).jpg,096
096/096 (63).jpg,096
096/096 (64).jpg,096
096/096 (65).jpg,096
096/096 (66).jpg,096
096/096 (67).jpg,096
096/096 (68).jpg,096
096/096 (69).jpg,096
096/096 (7).jpg,096
096/096 (70).jpg,096
096/096 (71).jpg,096
096/096 (72).jpg,096
096/096 (73).jpg,096
096/096 (74).jpg,096
096/096 (75).jpg,096
096/096 (76).jpg,096
096/096 (77).jpg,096
096/096 (78).jpg,096
096/096 (79).jpg,096
096/096 (8).jpg,096
096/096 (80).jpg,096
096/096 (81).jpg,096
096/096 (82).jpg,096
096/096 (83).jpg,096
096/096 (84).jpg,096
096/096 (85).jpg,096
096/096 (86).jpg,096
096/096 (87).jpg,096
096/096 (88).jpg,096
096/096 (89).jpg,096
096/096 (9).jpg,096
096/096 (90).jpg,096
096/096 (91).jpg,096
096/096 (92).jpg,096
096/096 (93).jpg,096
096/096 (94).jpg,096
096/096 (95).jpg,096
096/096 (96).jpg,096
096/096 (97).jpg,096
096/096 (98).jpg,096
096/096 (99).jpg,096
097/097 (1).jpg,097
097/097 (10).jpg,097
097/097 (100).jpg,097
097/097 (101).jpg,097
097/097 (102).jpg,097
097/097 (103).jpg,097
097/097 (104).jpg,097
097/097 (105).jpg,097
097/097 (106).jpg,097
097/097 (107).jpg,097
097/097 (108).jpg,097
097/097 (109).jpg,097
097/097 (11).jpg,097
097/097 (110).jpg,097
097/097 (111).jpg,097
097/097 (112).jpg,097
097/097 (113).jpg,097
097/097 (114).jpg,097
097/097 (115).jpg,097
097/097 (116).jpg,097
097/097 (117).jpg,097
097/097 (118).jpg,097
097/097 (119).jpg,097
097/097 (12).jpg,097
097/097 (120).jpg,097
097/097 (121).jpg,097
097/097 (122).jpg,097
097/097 (123).jpg,097
097/097 (124).jpg,097
097/097 (125).jpg,097
097/097 (126).jpg,097
097/097 (127).jpg,097
097/097 (128).jpg,097
097/097 (129).jpg,097
097/097 (13).jpg,097
097/097 (130).jpg,097
097/097 (131).jpg,097
097/097 (132).jpg,097
097/097 (133).jpg,097
097/097 (134).jpg,097
097/097 (135).jpg,097
097/097 (136).jpg,097
097/097 (137).jpg,097
097/097 (138).jpg,097
097/097 (139).jpg,097
097/097 (14).jpg,097
097/097 (140).jpg,097
097/097 (141).jpg,097
097/097 (142).jpg,097
097/097 (143).jpg,097
097/097 (144).jpg,097
097/097 (145).jpg,097
097/097 (146).jpg,097
097/097 (147).jpg,097
097/097 (148).jpg,097
097/097 (149).jpg,097
097/097 (15).jpg,097
097/097 (150).jpg,097
097/097 (151).jpg,097
097/097 (152).jpg,097
097/097 (153).jpg,097
097/097 (154).jpg,097
097/097 (155).jpg,097
097/097 (156).jpg,097
097/097 (157).jpg,097
097/097 (158).jpg,097
097/097 (159).jpg,097
097/097 (16).jpg,097
097/097 (160).jpg,097
097/097 (161).jpg,097
097/097 (162).jpg,097
097/097 (163).jpg,097
097/097 (164).jpg,097
097/097 (165).jpg,097
097/097 (166).jpg,097
097/097 (167).jpg,097
097/097 (168).jpg,097
097/097 (17).jpg,097
097/097 (18).jpg,097
097/097 (19).jpg,097
097/097 (2).jpg,097
097/097 (20).jpg,097
097/097 (21).jpg,097
097/097 (22).jpg,097
097/097 (23).jpg,097
097/097 (24).jpg,097
097/097 (25).jpg,097
097/097 (26).jpg,097
097/097 (27).jpg,097
097/097 (28).jpg,097
097/097 (29).jpg,097
097/097 (3).jpg,097
097/097 (30).jpg,097
097/097 (31).jpg,097
097/097 (32).jpg,097
097/097 (33).jpg,097
097/097 (34).jpg,097
097/097 (35).jpg,097
097/097 (36).jpg,097
097/097 (37).jpg,097
097/097 (38).jpg,097
097/097 (39).jpg,097
097/097 (4).jpg,097
097/097 (40).jpg,097
097/097 (41).jpg,097
097/097 (42).jpg,097
097/097 (43).jpg,097
097/097 (44).jpg,097
097/097 (45).jpg,097
097/097 (46).jpg,097
097/097 (47).jpg,097
097/097 (48).jpg,097
097/097 (49).jpg,097
097/097 (5).jpg,097
097/097 (50).jpg,097
097/097 (51).jpg,097
097/097 (52).jpg,097
097/097 (53).jpg,097
097/097 (54).jpg,097
097/097 (55).jpg,097
097/097 (56).jpg,097
097/097 (57).jpg,097
097/097 (58).jpg,097
097/097 (59).jpg,097
097/097 (6).jpg,097
097/097 (60).jpg,097
097/097 (61).jpg,097
097/097 (62).jpg,097
097/097 (63).jpg,097
097/097 (64).jpg,097
097/097 (65).jpg,097
097/097 (66).jpg,097
097/097 (67).jpg,097
097/097 (68).jpg,097
097/097 (69).jpg,097
097/097 (7).jpg,097
097/097 (70).jpg,097
097/097 (71).jpg,097
097/097 (72).jpg,097
097/097 (73).jpg,097
097/097 (74).jpg,097
097/097 (75).jpg,097
097/097 (76).jpg,097
097/097 (77).jpg,097
097/097 (78).jpg,097
097/097 (79).jpg,097
097/097 (8).jpg,097
097/097 (80).jpg,097
097/097 (81).jpg,097
097/097 (82).jpg,097
097/097 (83).jpg,097
097/097 (84).jpg,097
097/097 (85).jpg,097
097/097 (86).jpg,097
097/097 (87).jpg,097
097/097 (88).jpg,097
097/097 (89).jpg,097
097/097 (9).jpg,097
097/097 (90).jpg,097
097/097 (91).jpg,097
097/097 (92).jpg,097
097/097 (93).jpg,097
097/097 (94).jpg,097
097/097 (95).jpg,097
097/097 (96).jpg,097
097/097 (97).jpg,097
097/097 (98).jpg,097
097/097 (99).jpg,097
098/098 (1).jpg,098
098/098 (10).jpg,098
098/098 (100).jpg,098
098/098 (101).jpg,098
098/098 (102).jpg,098
098/098 (103).jpg,098
098/098 (104).jpg,098
098/098 (105).jpg,098
098/098 (106).jpg,098
098/098 (107).jpg,098
098/098 (108).jpg,098
098/098 (109).jpg,098
098/098 (11).jpg,098
098/098 (110).jpg,098
098/098 (111).jpg,098
098/098 (112).jpg,098
098/098 (113).jpg,098
098/098 (114).jpg,098
098/098 (115).jpg,098
098/098 (116).jpg,098
098/098 (117).jpg,098
098/098 (118).jpg,098
098/098 (119).jpg,098
098/098 (12).jpg,098
098/098 (120).jpg,098
098/098 (121).jpg,098
098/098 (122).jpg,098
098/098 (123).jpg,098
098/098 (13).jpg,098
098/098 (14).jpg,098
098/098 (15).jpg,098
098/098 (16).jpg,098
098/098 (17).jpg,098
098/098 (18).jpg,098
098/098 (19).jpg,098
098/098 (2).jpg,098
098/098 (20).jpg,098
098/098 (21).jpg,098
098/098 (22).jpg,098
098/098 (23).jpg,098
098/098 (24).jpg,098
098/098 (25).jpg,098
098/098 (26).jpg,098
098/098 (27).jpg,098
098/098 (28).jpg,098
098/098 (29).jpg,098
098/098 (3).jpg,098
098/098 (30).jpg,098
098/098 (31).jpg,098
098/098 (32).jpg,098
098/098 (33).jpg,098
098/098 (34).jpg,098
098/098 (35).jpg,098
098/098 (36).jpg,098
098/098 (37).jpg,098
098/098 (38).jpg,098
098/098 (39).jpg,098
098/098 (4).jpg,098
098/098 (40).jpg,098
098/098 (41).jpg,098
098/098 (42).jpg,098
098/098 (43).jpg,098
098/098 (44).jpg,098
098/098 (45).jpg,098
098/098 (46).jpg,098
098/098 (47).jpg,098
098/098 (48).jpg,098
098/098 (49).jpg,098
098/098 (5).jpg,098
098/098 (50).jpg,098
098/098 (51).jpg,098
098/098 (52).jpg,098
098/098 (53).jpg,098
098/098 (54).jpg,098
098/098 (55).jpg,098
098/098 (56).jpg,098
098/098 (57).jpg,098
098/098 (58).jpg,098
098/098 (59).jpg,098
098/098 (6).jpg,098
098/098 (60).jpg,098
098/098 (61).jpg,098
098/098 (62).jpg,098
098/098 (63).jpg,098
098/098 (64).jpg,098
098/098 (65).jpg,098
098/098 (66).jpg,098
098/098 (67).jpg,098
098/098 (68).jpg,098
098/098 (69).jpg,098
098/098 (7).jpg,098
098/098 (70).jpg,098
098/098 (71).jpg,098
098/098 (72).jpg,098
098/098 (73).jpg,098
098/098 (74).jpg,098
098/098 (75).jpg,098
098/098 (76).jpg,098
098/098 (77).jpg,098
098/098 (78).jpg,098
098/098 (79).jpg,098
098/098 (8).jpg,098
098/098 (80).jpg,098
098/098 (81).jpg,098
098/098 (82).jpg,098
098/098 (83).jpg,098
098/098 (84).jpg,098
098/098 (85).jpg,098
098/098 (86).jpg,098
098/098 (87).jpg,098
098/098 (88).jpg,098
098/098 (89).jpg,098
098/098 (9).jpg,098
098/098 (90).jpg,098
098/098 (91).jpg,098
098/098 (92).jpg,098
098/098 (93).jpg,098
098/098 (94).jpg,098
098/098 (95).jpg,098
098/098 (96).jpg,098
098/098 (97).jpg,098
098/098 (98).jpg,098
098/098 (99).jpg,098
099/099 (1).jpg,099
099/099 (10).jpg,099
099/099 (100).jpg,099
099/099 (101).jpg,099
099/099 (102).jpg,099
099/099 (103).jpg,099
099/099 (104).jpg,099
099/099 (105).jpg,099
099/099 (106).jpg,099
099/099 (107).jpg,099
099/099 (108).jpg,099
099/099 (109).jpg,099
099/099 (11).jpg,099
099/099 (110).jpg,099
099/099 (111).jpg,099
099/099 (112).jpg,099
099/099 (113).jpg,099
099/099 (114).jpg,099
099/099 (115).jpg,099
099/099 (116).jpg,099
099/099 (117).jpg,099
099/099 (118).jpg,099
099/099 (119).jpg,099
099/099 (12).jpg,099
099/099 (120).jpg,099
099/099 (121).jpg,099
099/099 (122).jpg,099
099/099 (123).jpg,099
099/099 (124).jpg,099
099/099 (125).jpg,099
099/099 (126).jpg,099
099/099 (127).jpg,099
099/099 (128).jpg,099
099/099 (129).jpg,099
099/099 (13).jpg,099
099/099 (130).jpg,099
099/099 (131).jpg,099
099/099 (132).jpg,099
099/099 (133).jpg,099
099/099 (134).jpg,099
099/099 (135).jpg,099
099/099 (136).jpg,099
099/099 (137).jpg,099
099/099 (138).jpg,099
099/099 (139).jpg,099
099/099 (14).jpg,099
099/099 (140).jpg,099
099/099 (141).jpg,099
099/099 (142).jpg,099
099/099 (143).jpg,099
099/099 (144).jpg,099
099/099 (145).jpg,099
099/099 (146).jpg,099
099/099 (147).jpg,099
099/099 (148).jpg,099
099/099 (149).jpg,099
099/099 (15).jpg,099
099/099 (150).jpg,099
099/099 (151).jpg,099
099/099 (152).jpg,099
099/099 (153).jpg,099
099/099 (154).jpg,099
099/099 (155).jpg,099
099/099 (156).jpg,099
099/099 (157).jpg,099
099/099 (158).jpg,099
099/099 (159).jpg,099
099/099 (16).jpg,099
099/099 (160).jpg,099
099/099 (17).jpg,099
099/099 (18).jpg,099
099/099 (19).jpg,099
099/099 (2).jpg,099
099/099 (20).jpg,099
099/099 (21).jpg,099
099/099 (22).jpg,099
099/099 (23).jpg,099
099/099 (24).jpg,099
099/099 (25).jpg,099
099/099 (26).jpg,099
099/099 (27).jpg,099
099/099 (28).jpg,099
099/099 (29).jpg,099
099/099 (3).jpg,099
099/099 (30).jpg,099
099/099 (31).jpg,099
099/099 (32).jpg,099
099/099 (33).jpg,099
099/099 (34).jpg,099
099/099 (35).jpg,099
099/099 (36).jpg,099
099/099 (37).jpg,099
099/099 (38).jpg,099
099/099 (39).jpg,099
099/099 (4).jpg,099
099/099 (40).jpg,099
099/099 (41).jpg,099
099/099 (42).jpg,099
099/099 (43).jpg,099
099/099 (44).jpg,099
099/099 (45).jpg,099
099/099 (46).jpg,099
099/099 (47).jpg,099
099/099 (48).jpg,099
099/099 (49).jpg,099
099/099 (5).jpg,099
099/099 (50).jpg,099
099/099 (51).jpg,099
099/099 (52).jpg,099
099/099 (53).jpg,099
099/099 (54).jpg,099
099/099 (55).jpg,099
099/099 (56).jpg,099
099/099 (57).jpg,099
099/099 (58).jpg,099
099/099 (59).jpg,099
099/099 (6).jpg,099
099/099 (60).jpg,099
099/099 (61).jpg,099
099/099 (62).jpg,099
099/099 (63).jpg,099
099/099 (64).jpg,099
099/099 (65).jpg,099
099/099 (66).jpg,099
099/099 (67).jpg,099
099/099 (68).jpg,099
099/099 (69).jpg,099
099/099 (7).jpg,099
099/099 (70).jpg,099
099/099 (71).jpg,099
099/099 (72).jpg,099
099/099 (73).jpg,099
099/099 (74).jpg,099
099/099 (75).jpg,099
099/099 (76).jpg,099
099/099 (77).jpg,099
099/099 (78).jpg,099
099/099 (79).jpg,099
099/099 (8).jpg,099
099/099 (80).jpg,099
099/099 (81).jpg,099
099/099 (82).jpg,099
099/099 (83).jpg,099
099/099 (84).jpg,099
099/099 (85).jpg,099
099/099 (86).jpg,099
099/099 (87).jpg,099
099/099 (88).jpg,099
099/099 (89).jpg,099
099/099 (9).jpg,099
099/099 (90).jpg,099
099/099 (91).jpg,099
099/099 (92).jpg,099
099/099 (93).jpg,099
099/099 (94).jpg,099
099/099 (95).jpg,099
099/099 (96).jpg,099
099/099 (97).jpg,099
099/099 (98).jpg,099
099/099 (99).jpg,099
100/100 (1).jpg,100
100/100 (10).jpg,100
100/100 (100).jpg,100
100/100 (101).jpg,100
100/100 (102).jpg,100
100/100 (103).jpg,100
100/100 (104).jpg,100
100/100 (105).jpg,100
100/100 (106).jpg,100
100/100 (107).jpg,100
100/100 (108).jpg,100
100/100 (109).jpg,100
100/100 (11).jpg,100
100/100 (110).jpg,100
100/100 (111).jpg,100
100/100 (112).jpg,100
100/100 (113).jpg,100
100/100 (114).jpg,100
100/100 (115).jpg,100
100/100 (116).jpg,100
100/100 (117).jpg,100
100/100 (118).jpg,100
100/100 (119).jpg,100
100/100 (12).jpg,100
100/100 (120).jpg,100
100/100 (121).jpg,100
100/100 (122).jpg,100
100/100 (123).jpg,100
100/100 (124).jpg,100
100/100 (125).jpg,100
100/100 (126).jpg,100
100/100 (127).jpg,100
100/100 (128).jpg,100
100/100 (129).jpg,100
100/100 (13).jpg,100
100/100 (130).jpg,100
100/100 (131).jpg,100
100/100 (132).jpg,100
100/100 (133).jpg,100
100/100 (134).jpg,100
100/100 (135).jpg,100
100/100 (136).jpg,100
100/100 (137).jpg,100
100/100 (138).jpg,100
100/100 (139).jpg,100
100/100 (14).jpg,100
100/100 (140).jpg,100
100/100 (141).jpg,100
100/100 (142).jpg,100
100/100 (143).jpg,100
100/100 (144).jpg,100
100/100 (145).jpg,100
100/100 (146).jpg,100
100/100 (147).jpg,100
100/100 (148).jpg,100
100/100 (149).jpg,100
100/100 (15).jpg,100
100/100 (150).jpg,100
100/100 (151).jpg,100
100/100 (152).jpg,100
100/100 (153).jpg,100
100/100 (154).jpg,100
100/100 (155).jpg,100
100/100 (156).jpg,100
100/100 (157).jpg,100
100/100 (158).jpg,100
100/100 (159).jpg,100
100/100 (16).jpg,100
100/100 (160).jpg,100
100/100 (17).jpg,100
100/100 (18).jpg,100
100/100 (19).jpg,100
100/100 (2).jpg,100
100/100 (20).jpg,100
100/100 (21).jpg,100
100/100 (22).jpg,100
100/100 (23).jpg,100
100/100 (24).jpg,100
100/100 (25).jpg,100
100/100 (26).jpg,100
100/100 (27).jpg,100
100/100 (28).jpg,100
100/100 (29).jpg,100
100/100 (3).jpg,100
100/100 (30).jpg,100
100/100 (31).jpg,100
100/100 (32).jpg,100
100/100 (33).jpg,100
100/100 (34).jpg,100
100/100 (35).jpg,100
100/100 (36).jpg,100
100/100 (37).jpg,100
100/100 (38).jpg,100
100/100 (39).jpg,100
100/100 (4).jpg,100
100/100 (40).jpg,100
100/100 (41).jpg,100
100/100 (42).jpg,100
100/100 (43).jpg,100
100/100 (44).jpg,100
100/100 (45).jpg,100
100/100 (46).jpg,100
100/100 (47).jpg,100
100/100 (48).jpg,100
100/100 (49).jpg,100
100/100 (5).jpg,100
100/100 (50).jpg,100
100/100 (51).jpg,100
100/100 (52).jpg,100
100/100 (53).jpg,100
100/100 (54).jpg,100
100/100 (55).jpg,100
100/100 (56).jpg,100
100/100 (57).jpg,100
100/100 (58).jpg,100
100/100 (59).jpg,100
100/100 (6).jpg,100
100/100 (60).jpg,100
100/100 (61).jpg,100
100/100 (62).jpg,100
100/100 (63).jpg,100
100/100 (64).jpg,100
100/100 (65).jpg,100
100/100 (66).jpg,100
100/100 (67).jpg,100
100/100 (68).jpg,100
100/100 (69).jpg,100
100/100 (7).jpg,100
100/100 (70).jpg,100
100/100 (71).jpg,100
100/100 (72).jpg,100
100/100 (73).jpg,100
100/100 (74).jpg,100
100/100 (75).jpg,100
100/100 (76).jpg,100
100/100 (77).jpg,100
100/100 (78).jpg,100
100/100 (79).jpg,100
100/100 (8).jpg,100
100/100 (80).jpg,100
100/100 (81).jpg,100
100/100 (82).jpg,100
100/100 (83).jpg,100
100/100 (84).jpg,100
100/100 (85).jpg,100
100/100 (86).jpg,100
100/100 (87).jpg,100
100/100 (88).jpg,100
100/100 (89).jpg,100
100/100 (9).jpg,100
100/100 (90).jpg,100
100/100 (91).jpg,100
100/100 (92).jpg,100
100/100 (93).jpg,100
100/100 (94).jpg,100
100/100 (95).jpg,100
100/100 (96).jpg,100
100/100 (97).jpg,100
100/100 (98).jpg,100
100/100 (99).jpg,100
101/101 (1).jpg,101
101/101 (10).jpg,101
101/101 (100).jpg,101
101/101 (101).jpg,101
101/101 (102).jpg,101
101/101 (103).jpg,101
101/101 (104).jpg,101
101/101 (105).jpg,101
101/101 (106).jpg,101
101/101 (107).jpg,101
101/101 (108).jpg,101
101/101 (109).jpg,101
101/101 (11).jpg,101
101/101 (110).jpg,101
101/101 (111).jpg,101
101/101 (112).jpg,101
101/101 (113).jpg,101
101/101 (114).jpg,101
101/101 (115).jpg,101
101/101 (116).jpg,101
101/101 (117).jpg,101
101/101 (118).jpg,101
101/101 (119).jpg,101
101/101 (12).jpg,101
101/101 (120).jpg,101
101/101 (121).jpg,101
101/101 (122).jpg,101
101/101 (123).jpg,101
101/101 (124).jpg,101
101/101 (125).jpg,101
101/101 (126).jpg,101
101/101 (127).jpg,101
101/101 (128).jpg,101
101/101 (129).jpg,101
101/101 (13).jpg,101
101/101 (130).jpg,101
101/101 (131).jpg,101
101/101 (132).jpg,101
101/101 (133).jpg,101
101/101 (134).jpg,101
101/101 (135).jpg,101
101/101 (136).jpg,101
101/101 (137).jpg,101
101/101 (138).jpg,101
101/101 (139).jpg,101
101/101 (14).jpg,101
101/101 (140).jpg,101
101/101 (15).jpg,101
101/101 (16).jpg,101
101/101 (17).jpg,101
101/101 (18).jpg,101
101/101 (19).jpg,101
101/101 (2).jpg,101
101/101 (20).jpg,101
101/101 (21).jpg,101
101/101 (22).jpg,101
101/101 (23).jpg,101
101/101 (24).jpg,101
101/101 (25).jpg,101
101/101 (26).jpg,101
101/101 (27).jpg,101
101/101 (28).jpg,101
101/101 (29).jpg,101
101/101 (3).jpg,101
101/101 (30).jpg,101
101/101 (31).jpg,101
101/101 (32).jpg,101
101/101 (33).jpg,101
101/101 (34).jpg,101
101/101 (35).jpg,101
101/101 (36).jpg,101
101/101 (37).jpg,101
101/101 (38).jpg,101
101/101 (39).jpg,101
101/101 (4).jpg,101
101/101 (40).jpg,101
101/101 (41).jpg,101
101/101 (42).jpg,101
101/101 (43).jpg,101
101/101 (44).jpg,101
101/101 (45).jpg,101
101/101 (46).jpg,101
101/101 (47).jpg,101
101/101 (48).jpg,101
101/101 (49).jpg,101
101/101 (5).jpg,101
101/101 (50).jpg,101
101/101 (51).jpg,101
101/101 (52).jpg,101
101/101 (53).jpg,101
101/101 (54).jpg,101
101/101 (55).jpg,101
101/101 (56).jpg,101
101/101 (57).jpg,101
101/101 (58).jpg,101
101/101 (59).jpg,101
101/101 (6).jpg,101
101/101 (60).jpg,101
101/101 (61).jpg,101
101/101 (62).jpg,101
101/101 (63).jpg,101
101/101 (64).jpg,101
101/101 (65).jpg,101
101/101 (66).jpg,101
101/101 (67).jpg,101
101/101 (68).jpg,101
101/101 (69).jpg,101
101/101 (7).jpg,101
101/101 (70).jpg,101
101/101 (71).jpg,101
101/101 (72).jpg,101
101/101 (73).jpg,101
101/101 (74).jpg,101
101/101 (75).jpg,101
101/101 (76).jpg,101
101/101 (77).jpg,101
101/101 (78).jpg,101
101/101 (79).jpg,101
101/101 (8).jpg,101
101/101 (80).jpg,101
101/101 (81).jpg,101
101/101 (82).jpg,101
101/101 (83).jpg,101
101/101 (84).jpg,101
101/101 (85).jpg,101
101/101 (86).jpg,101
101/101 (87).jpg,101
101/101 (88).jpg,101
101/101 (89).jpg,101
101/101 (9).jpg,101
101/101 (90).jpg,101
101/101 (91).jpg,101
101/101 (92).jpg,101
101/101 (93).jpg,101
101/101 (94).jpg,101
101/101 (95).jpg,101
101/101 (96).jpg,101
101/101 (97).jpg,101
101/101 (98).jpg,101
101/101 (99).jpg,101
102/102 (1).jpg,102
102/102 (10).jpg,102
102/102 (100).jpg,102
102/102 (101).jpg,102
102/102 (102).jpg,102
102/102 (103).jpg,102
102/102 (104).jpg,102
102/102 (105).jpg,102
102/102 (106).jpg,102
102/102 (107).jpg,102
102/102 (108).jpg,102
102/102 (109).jpg,102
102/102 (11).jpg,102
102/102 (110).jpg,102
102/102 (111).jpg,102
102/102 (112).jpg,102
102/102 (113).jpg,102
102/102 (114).jpg,102
102/102 (115).jpg,102
102/102 (116).jpg,102
102/102 (117).jpg,102
102/102 (118).jpg,102
102/102 (119).jpg,102
102/102 (12).jpg,102
102/102 (120).jpg,102
102/102 (121).jpg,102
102/102 (122).jpg,102
102/102 (123).jpg,102
102/102 (124).jpg,102
102/102 (125).jpg,102
102/102 (126).jpg,102
102/102 (127).jpg,102
102/102 (128).jpg,102
102/102 (129).jpg,102
102/102 (13).jpg,102
102/102 (130).jpg,102
102/102 (131).jpg,102
102/102 (132).jpg,102
102/102 (133).jpg,102
102/102 (134).jpg,102
102/102 (135).jpg,102
102/102 (136).jpg,102
102/102 (137).jpg,102
102/102 (138).jpg,102
102/102 (139).jpg,102
102/102 (14).jpg,102
102/102 (140).jpg,102
102/102 (141).jpg,102
102/102 (142).jpg,102
102/102 (143).jpg,102
102/102 (144).jpg,102
102/102 (145).jpg,102
102/102 (146).jpg,102
102/102 (15).jpg,102
102/102 (16).jpg,102
102/102 (17).jpg,102
102/102 (18).jpg,102
102/102 (19).jpg,102
102/102 (2).jpg,102
102/102 (20).jpg,102
102/102 (21).jpg,102
102/102 (22).jpg,102
102/102 (23).jpg,102
102/102 (24).jpg,102
102/102 (25).jpg,102
102/102 (26).jpg,102
102/102 (27).jpg,102
102/102 (28).jpg,102
102/102 (29).jpg,102
102/102 (3).jpg,102
102/102 (30).jpg,102
102/102 (31).jpg,102
102/102 (32).jpg,102
102/102 (33).jpg,102
102/102 (34).jpg,102
102/102 (35).jpg,102
102/102 (36).jpg,102
102/102 (37).jpg,102
102/102 (38).jpg,102
102/102 (39).jpg,102
102/102 (4).jpg,102
102/102 (40).jpg,102
102/102 (41).jpg,102
102/102 (42).jpg,102
102/102 (43).jpg,102
102/102 (44).jpg,102
102/102 (45).jpg,102
102/102 (46).jpg,102
102/102 (47).jpg,102
102/102 (48).jpg,102
102/102 (49).jpg,102
102/102 (5).jpg,102
102/102 (50).jpg,102
102/102 (51).jpg,102
102/102 (52).jpg,102
102/102 (53).jpg,102
102/102 (54).jpg,102
102/102 (55).jpg,102
102/102 (56).jpg,102
102/102 (57).jpg,102
102/102 (58).jpg,102
102/102 (59).jpg,102
102/102 (6).jpg,102
102/102 (60).jpg,102
102/102 (61).jpg,102
102/102 (62).jpg,102
102/102 (63).jpg,102
102/102 (64).jpg,102
102/102 (65).jpg,102
102/102 (66).jpg,102
102/102 (67).jpg,102
102/102 (68).jpg,102
102/102 (69).jpg,102
102/102 (7).jpg,102
102/102 (70).jpg,102
102/102 (71).jpg,102
102/102 (72).jpg,102
102/102 (73).jpg,102
102/102 (74).jpg,102
102/102 (75).jpg,102
102/102 (76).jpg,102
102/102 (77).jpg,102
102/102 (78).jpg,102
102/102 (79).jpg,102
102/102 (8).jpg,102
102/102 (80).jpg,102
102/102 (81).jpg,102
102/102 (82).jpg,102
102/102 (83).jpg,102
102/102 (84).jpg,102
102/102 (85).jpg,102
102/102 (86).jpg,102
102/102 (87).jpg,102
102/102 (88).jpg,102
102/102 (89).jpg,102
102/102 (9).jpg,102
102/102 (90).jpg,102
102/102 (91).jpg,102
102/102 (92).jpg,102
102/102 (93).jpg,102
102/102 (94).jpg,102
102/102 (95).jpg,102
102/102 (96).jpg,102
102/102 (97).jpg,102
102/102 (98).jpg,102
102/102 (99).jpg,102
103/103 (1).jpg,103
103/103 (10).jpg,103
103/103 (100).jpg,103
103/103 (101).jpg,103
103/103 (102).jpg,103
103/103 (103).jpg,103
103/103 (104).jpg,103
103/103 (105).jpg,103
103/103 (106).jpg,103
103/103 (107).jpg,103
103/103 (108).jpg,103
103/103 (109).jpg,103
103/103 (11).jpg,103
103/103 (110).jpg,103
103/103 (111).jpg,103
103/103 (112).jpg,103
103/103 (113).jpg,103
103/103 (114).jpg,103
103/103 (115).jpg,103
103/103 (116).jpg,103
103/103 (117).jpg,103
103/103 (118).jpg,103
103/103 (119).jpg,103
103/103 (12).jpg,103
103/103 (120).jpg,103
103/103 (121).jpg,103
103/103 (122).jpg,103
103/103 (123).jpg,103
103/103 (124).jpg,103
103/103 (125).jpg,103
103/103 (126).jpg,103
103/103 (127).jpg,103
103/103 (128).jpg,103
103/103 (129).jpg,103
103/103 (13).jpg,103
103/103 (130).jpg,103
103/103 (131).jpg,103
103/103 (132).jpg,103
103/103 (133).jpg,103
103/103 (134).jpg,103
103/103 (135).jpg,103
103/103 (136).jpg,103
103/103 (137).jpg,103
103/103 (138).jpg,103
103/103 (139).jpg,103
103/103 (14).jpg,103
103/103 (140).jpg,103
103/103 (15).jpg,103
103/103 (16).jpg,103
103/103 (17).jpg,103
103/103 (18).jpg,103
103/103 (19).jpg,103
103/103 (2).jpg,103
103/103 (20).jpg,103
103/103 (21).jpg,103
103/103 (22).jpg,103
103/103 (23).jpg,103
103/103 (24).jpg,103
103/103 (25).jpg,103
103/103 (26).jpg,103
103/103 (27).jpg,103
103/103 (28).jpg,103
103/103 (29).jpg,103
103/103 (3).jpg,103
103/103 (30).jpg,103
103/103 (31).jpg,103
103/103 (32).jpg,103
103/103 (33).jpg,103
103/103 (34).jpg,103
103/103 (35).jpg,103
103/103 (36).jpg,103
103/103 (37).jpg,103
103/103 (38).jpg,103
103/103 (39).jpg,103
103/103 (4).jpg,103
103/103 (40).jpg,103
103/103 (41).jpg,103
103/103 (42).jpg,103
103/103 (43).jpg,103
103/103 (44).jpg,103
103/103 (45).jpg,103
103/103 (46).jpg,103
103/103 (47).jpg,103
103/103 (48).jpg,103
103/103 (49).jpg,103
103/103 (5).jpg,103
103/103 (50).jpg,103
103/103 (51).jpg,103
103/103 (52).jpg,103
103/103 (53).jpg,103
103/103 (54).jpg,103
103/103 (55).jpg,103
103/103 (56).jpg,103
103/103 (57).jpg,103
103/103 (58).jpg,103
103/103 (59).jpg,103
103/103 (6).jpg,103
103/103 (60).jpg,103
103/103 (61).jpg,103
103/103 (62).jpg,103
103/103 (63).jpg,103
103/103 (64).jpg,103
103/103 (65).jpg,103
103/103 (66).jpg,103
103/103 (67).jpg,103
103/103 (68).jpg,103
103/103 (69).jpg,103
103/103 (7).jpg,103
103/103 (70).jpg,103
103/103 (71).jpg,103
103/103 (72).jpg,103
103/103 (73).jpg,103
103/103 (74).jpg,103
103/103 (75).jpg,103
103/103 (76).jpg,103
103/103 (77).jpg,103
103/103 (78).jpg,103
103/103 (79).jpg,103
103/103 (8).jpg,103
103/103 (80).jpg,103
103/103 (81).jpg,103
103/103 (82).jpg,103
103/103 (83).jpg,103
103/103 (84).jpg,103
103/103 (85).jpg,103
103/103 (86).jpg,103
103/103 (87).jpg,103
103/103 (88).jpg,103
103/103 (89).jpg,103
103/103 (9).jpg,103
103/103 (90).jpg,103
103/103 (91).jpg,103
103/103 (92).jpg,103
103/103 (93).jpg,103
103/103 (94).jpg,103
103/103 (95).jpg,103
103/103 (96).jpg,103
103/103 (97).jpg,103
103/103 (98).jpg,103
103/103 (99).jpg,103
104/104 (1).jpg,104
104/104 (10).jpg,104
104/104 (100).jpg,104
104/104 (101).jpg,104
104/104 (102).jpg,104
104/104 (103).jpg,104
104/104 (104).jpg,104
104/104 (105).jpg,104
104/104 (106).jpg,104
104/104 (107).jpg,104
104/104 (108).jpg,104
104/104 (109).jpg,104
104/104 (11).jpg,104
104/104 (110).jpg,104
104/104 (111).jpg,104
104/104 (112).jpg,104
104/104 (113).jpg,104
104/104 (114).jpg,104
104/104 (115).jpg,104
104/104 (116).jpg,104
104/104 (117).jpg,104
104/104 (118).jpg,104
104/104 (119).jpg,104
104/104 (12).jpg,104
104/104 (120).jpg,104
104/104 (121).jpg,104
104/104 (122).jpg,104
104/104 (123).jpg,104
104/104 (124).jpg,104
104/104 (125).jpg,104
104/104 (126).jpg,104
104/104 (127).jpg,104
104/104 (128).jpg,104
104/104 (129).jpg,104
104/104 (13).jpg,104
104/104 (130).jpg,104
104/104 (131).jpg,104
104/104 (132).jpg,104
104/104 (133).jpg,104
104/104 (134).jpg,104
104/104 (135).jpg,104
104/104 (136).jpg,104
104/104 (137).jpg,104
104/104 (138).jpg,104
104/104 (139).jpg,104
104/104 (14).jpg,104
104/104 (140).jpg,104
104/104 (141).jpg,104
104/104 (142).jpg,104
104/104 (143).jpg,104
104/104 (144).jpg,104
104/104 (145).jpg,104
104/104 (146).jpg,104
104/104 (147).jpg,104
104/104 (148).jpg,104
104/104 (149).jpg,104
104/104 (15).jpg,104
104/104 (150).jpg,104
104/104 (151).jpg,104
104/104 (152).jpg,104
104/104 (153).jpg,104
104/104 (154).jpg,104
104/104 (155).jpg,104
104/104 (156).jpg,104
104/104 (157).jpg,104
104/104 (158).jpg,104
104/104 (159).jpg,104
104/104 (16).jpg,104
104/104 (160).jpg,104
104/104 (161).jpg,104
104/104 (162).jpg,104
104/104 (163).jpg,104
104/104 (164).jpg,104
104/104 (165).jpg,104
104/104 (166).jpg,104
104/104 (167).jpg,104
104/104 (168).jpg,104
104/104 (169).jpg,104
104/104 (17).jpg,104
104/104 (170).jpg,104
104/104 (171).jpg,104
104/104 (172).jpg,104
104/104 (18).jpg,104
104/104 (19).jpg,104
104/104 (2).jpg,104
104/104 (20).jpg,104
104/104 (21).jpg,104
104/104 (22).jpg,104
104/104 (23).jpg,104
104/104 (24).jpg,104
104/104 (25).jpg,104
104/104 (26).jpg,104
104/104 (27).jpg,104
104/104 (28).jpg,104
104/104 (29).jpg,104
104/104 (3).jpg,104
104/104 (30).jpg,104
104/104 (31).jpg,104
104/104 (32).jpg,104
104/104 (33).jpg,104
104/104 (34).jpg,104
104/104 (35).jpg,104
104/104 (36).jpg,104
104/104 (37).jpg,104
104/104 (38).jpg,104
104/104 (39).jpg,104
104/104 (4).jpg,104
104/104 (40).jpg,104
104/104 (41).jpg,104
104/104 (42).jpg,104
104/104 (43).jpg,104
104/104 (44).jpg,104
104/104 (45).jpg,104
104/104 (46).jpg,104
104/104 (47).jpg,104
104/104 (48).jpg,104
104/104 (49).jpg,104
104/104 (5).jpg,104
104/104 (50).jpg,104
104/104 (51).jpg,104
104/104 (52).jpg,104
104/104 (53).jpg,104
104/104 (54).jpg,104
104/104 (55).jpg,104
104/104 (56).jpg,104
104/104 (57).jpg,104
104/104 (58).jpg,104
104/104 (59).jpg,104
104/104 (6).jpg,104
104/104 (60).jpg,104
104/104 (61).jpg,104
104/104 (62).jpg,104
104/104 (63).jpg,104
104/104 (64).jpg,104
104/104 (65).jpg,104
104/104 (66).jpg,104
104/104 (67).jpg,104
104/104 (68).jpg,104
104/104 (69).jpg,104
104/104 (7).jpg,104
104/104 (70).jpg,104
104/104 (71).jpg,104
104/104 (72).jpg,104
104/104 (73).jpg,104
104/104 (74).jpg,104
104/104 (75).jpg,104
104/104 (76).jpg,104
104/104 (77).jpg,104
104/104 (78).jpg,104
104/104 (79).jpg,104
104/104 (8).jpg,104
104/104 (80).jpg,104
104/104 (81).jpg,104
104/104 (82).jpg,104
104/104 (83).jpg,104
104/104 (84).jpg,104
104/104 (85).jpg,104
104/104 (86).jpg,104
104/104 (87).jpg,104
104/104 (88).jpg,104
104/104 (89).jpg,104
104/104 (9).jpg,104
104/104 (90).jpg,104
104/104 (91).jpg,104
104/104 (92).jpg,104
104/104 (93).jpg,104
104/104 (94).jpg,104
104/104 (95).jpg,104
104/104 (96).jpg,104
104/104 (97).jpg,104
104/104 (98).jpg,104
104/104 (99).jpg,104
105/105 (1).jpg,105
105/105 (10).jpg,105
105/105 (100).jpg,105
105/105 (101).jpg,105
105/105 (102).jpg,105
105/105 (103).jpg,105
105/105 (104).jpg,105
105/105 (105).jpg,105
105/105 (106).jpg,105
105/105 (107).jpg,105
105/105 (108).jpg,105
105/105 (109).jpg,105
105/105 (11).jpg,105
105/105 (110).jpg,105
105/105 (111).jpg,105
105/105 (112).jpg,105
105/105 (113).jpg,105
105/105 (114).jpg,105
105/105 (115).jpg,105
105/105 (116).jpg,105
105/105 (117).jpg,105
105/105 (118).jpg,105
105/105 (119).jpg,105
105/105 (12).jpg,105
105/105 (120).jpg,105
105/105 (121).jpg,105
105/105 (122).jpg,105
105/105 (123).jpg,105
105/105 (124).jpg,105
105/105 (125).jpg,105
105/105 (126).jpg,105
105/105 (127).jpg,105
105/105 (128).jpg,105
105/105 (129).jpg,105
105/105 (13).jpg,105
105/105 (130).jpg,105
105/105 (131).jpg,105
105/105 (132).jpg,105
105/105 (133).jpg,105
105/105 (134).jpg,105
105/105 (135).jpg,105
105/105 (136).jpg,105
105/105 (137).jpg,105
105/105 (138).jpg,105
105/105 (139).jpg,105
105/105 (14).jpg,105
105/105 (140).jpg,105
105/105 (141).jpg,105
105/105 (142).jpg,105
105/105 (143).jpg,105
105/105 (144).jpg,105
105/105 (145).jpg,105
105/105 (146).jpg,105
105/105 (147).jpg,105
105/105 (148).jpg,105
105/105 (149).jpg,105
105/105 (15).jpg,105
105/105 (150).jpg,105
105/105 (151).jpg,105
105/105 (152).jpg,105
105/105 (153).jpg,105
105/105 (154).jpg,105
105/105 (155).jpg,105
105/105 (156).jpg,105
105/105 (157).jpg,105
105/105 (158).jpg,105
105/105 (159).jpg,105
105/105 (16).jpg,105
105/105 (160).jpg,105
105/105 (17).jpg,105
105/105 (18).jpg,105
105/105 (19).jpg,105
105/105 (2).jpg,105
105/105 (20).jpg,105
105/105 (21).jpg,105
105/105 (22).jpg,105
105/105 (23).jpg,105
105/105 (24).jpg,105
105/105 (25).jpg,105
105/105 (26).jpg,105
105/105 (27).jpg,105
105/105 (28).jpg,105
105/105 (29).jpg,105
105/105 (3).jpg,105
105/105 (30).jpg,105
105/105 (31).jpg,105
105/105 (32).jpg,105
105/105 (33).jpg,105
105/105 (34).jpg,105
105/105 (35).jpg,105
105/105 (36).jpg,105
105/105 (37).jpg,105
105/105 (38).jpg,105
105/105 (39).jpg,105
105/105 (4).jpg,105
105/105 (40).jpg,105
105/105 (41).jpg,105
105/105 (42).jpg,105
105/105 (43).jpg,105
105/105 (44).jpg,105
105/105 (45).jpg,105
105/105 (46).jpg,105
105/105 (47).jpg,105
105/105 (48).jpg,105
105/105 (49).jpg,105
105/105 (5).jpg,105
105/105 (50).jpg,105
105/105 (51).jpg,105
105/105 (52).jpg,105
105/105 (53).jpg,105
105/105 (54).jpg,105
105/105 (55).jpg,105
105/105 (56).jpg,105
105/105 (57).jpg,105
105/105 (58).jpg,105
105/105 (59).jpg,105
105/105 (6).jpg,105
105/105 (60).jpg,105
105/105 (61).jpg,105
105/105 (62).jpg,105
105/105 (63).jpg,105
105/105 (64).jpg,105
105/105 (65).jpg,105
105/105 (66).jpg,105
105/105 (67).jpg,105
105/105 (68).jpg,105
105/105 (69).jpg,105
105/105 (7).jpg,105
105/105 (70).jpg,105
105/105 (71).jpg,105
105/105 (72).jpg,105
105/105 (73).jpg,105
105/105 (74).jpg,105
105/105 (75).jpg,105
105/105 (76).jpg,105
105/105 (77).jpg,105
105/105 (78).jpg,105
105/105 (79).jpg,105
105/105 (8).jpg,105
105/105 (80).jpg,105
105/105 (81).jpg,105
105/105 (82).jpg,105
105/105 (83).jpg,105
105/105 (84).jpg,105
105/105 (85).jpg,105
105/105 (86).jpg,105
105/105 (87).jpg,105
105/105 (88).jpg,105
105/105 (89).jpg,105
105/105 (9).jpg,105
105/105 (90).jpg,105
105/105 (91).jpg,105
105/105 (92).jpg,105
105/105 (93).jpg,105
105/105 (94).jpg,105
105/105 (95).jpg,105
105/105 (96).jpg,105
105/105 (97).jpg,105
105/105 (98).jpg,105
105/105 (99).jpg,105
106/106 (1).jpg,106
106/106 (10).jpg,106
106/106 (100).jpg,106
106/106 (101).jpg,106
106/106 (102).jpg,106
106/106 (103).jpg,106
106/106 (104).jpg,106
106/106 (105).jpg,106
106/106 (106).jpg,106
106/106 (107).jpg,106
106/106 (108).jpg,106
106/106 (109).jpg,106
106/106 (11).jpg,106
106/106 (110).jpg,106
106/106 (111).jpg,106
106/106 (112).jpg,106
106/106 (113).jpg,106
106/106 (114).jpg,106
106/106 (115).jpg,106
106/106 (116).jpg,106
106/106 (117).jpg,106
106/106 (118).jpg,106
106/106 (119).jpg,106
106/106 (12).jpg,106
106/106 (120).jpg,106
106/106 (121).jpg,106
106/106 (122).jpg,106
106/106 (123).jpg,106
106/106 (124).jpg,106
106/106 (125).jpg,106
106/106 (126).jpg,106
106/106 (127).jpg,106
106/106 (128).jpg,106
106/106 (129).jpg,106
106/106 (13).jpg,106
106/106 (130).jpg,106
106/106 (131).jpg,106
106/106 (132).jpg,106
106/106 (133).jpg,106
106/106 (134).jpg,106
106/106 (135).jpg,106
106/106 (136).jpg,106
106/106 (137).jpg,106
106/106 (138).jpg,106
106/106 (139).jpg,106
106/106 (14).jpg,106
106/106 (140).jpg,106
106/106 (141).jpg,106
106/106 (142).jpg,106
106/106 (143).jpg,106
106/106 (144).jpg,106
106/106 (145).jpg,106
106/106 (146).jpg,106
106/106 (147).jpg,106
106/106 (148).jpg,106
106/106 (149).jpg,106
106/106 (15).jpg,106
106/106 (150).jpg,106
106/106 (151).jpg,106
106/106 (152).jpg,106
106/106 (153).jpg,106
106/106 (154).jpg,106
106/106 (155).jpg,106
106/106 (156).jpg,106
106/106 (157).jpg,106
106/106 (158).jpg,106
106/106 (159).jpg,106
106/106 (16).jpg,106
106/106 (160).jpg,106
106/106 (161).jpg,106
106/106 (162).jpg,106
106/106 (163).jpg,106
106/106 (164).jpg,106
106/106 (165).jpg,106
106/106 (166).jpg,106
106/106 (167).jpg,106
106/106 (168).jpg,106
106/106 (169).jpg,106
106/106 (17).jpg,106
106/106 (170).jpg,106
106/106 (171).jpg,106
106/106 (172).jpg,106
106/106 (173).jpg,106
106/106 (174).jpg,106
106/106 (175).jpg,106
106/106 (176).jpg,106
106/106 (177).jpg,106
106/106 (178).jpg,106
106/106 (179).jpg,106
106/106 (18).jpg,106
106/106 (180).jpg,106
106/106 (181).jpg,106
106/106 (182).jpg,106
106/106 (183).jpg,106
106/106 (184).jpg,106
106/106 (185).jpg,106
106/106 (186).jpg,106
106/106 (187).jpg,106
106/106 (188).jpg,106
106/106 (189).jpg,106
106/106 (19).jpg,106
106/106 (190).jpg,106
106/106 (191).jpg,106
106/106 (192).jpg,106
106/106 (193).jpg,106
106/106 (194).jpg,106
106/106 (195).jpg,106
106/106 (196).jpg,106
106/106 (197).jpg,106
106/106 (198).jpg,106
106/106 (199).jpg,106
106/106 (2).jpg,106
106/106 (20).jpg,106
106/106 (200).jpg,106
106/106 (21).jpg,106
106/106 (22).jpg,106
106/106 (23).jpg,106
106/106 (24).jpg,106
106/106 (25).jpg,106
106/106 (26).jpg,106
106/106 (27).jpg,106
106/106 (28).jpg,106
106/106 (29).jpg,106
106/106 (3).jpg,106
106/106 (30).jpg,106
106/106 (31).jpg,106
106/106 (32).jpg,106
106/106 (33).jpg,106
106/106 (34).jpg,106
106/106 (35).jpg,106
106/106 (36).jpg,106
106/106 (37).jpg,106
106/106 (38).jpg,106
106/106 (39).jpg,106
106/106 (4).jpg,106
106/106 (40).jpg,106
106/106 (41).jpg,106
106/106 (42).jpg,106
106/106 (43).jpg,106
106/106 (44).jpg,106
106/106 (45).jpg,106
106/106 (46).jpg,106
106/106 (47).jpg,106
106/106 (48).jpg,106
106/106 (49).jpg,106
106/106 (5).jpg,106
106/106 (50).jpg,106
106/106 (51).jpg,106
106/106 (52).jpg,106
106/106 (53).jpg,106
106/106 (54).jpg,106
106/106 (55).jpg,106
106/106 (56).jpg,106
106/106 (57).jpg,106
106/106 (58).jpg,106
106/106 (59).jpg,106
106/106 (6).jpg,106
106/106 (60).jpg,106
106/106 (61).jpg,106
106/106 (62).jpg,106
106/106 (63).jpg,106
106/106 (64).jpg,106
106/106 (65).jpg,106
106/106 (66).jpg,106
106/106 (67).jpg,106
106/106 (68).jpg,106
106/106 (69).jpg,106
106/106 (7).jpg,106
106/106 (70).jpg,106
106/106 (71).jpg,106
106/106 (72).jpg,106
106/106 (73).jpg,106
106/106 (74).jpg,106
106/106 (75).jpg,106
106/106 (76).jpg,106
106/106 (77).jpg,106
106/106 (78).jpg,106
106/106 (79).jpg,106
106/106 (8).jpg,106
106/106 (80).jpg,106
106/106 (81).jpg,106
106/106 (82).jpg,106
106/106 (83).jpg,106
106/106 (84).jpg,106
106/106 (85).jpg,106
106/106 (86).jpg,106
106/106 (87).jpg,106
106/106 (88).jpg,106
106/106 (89).jpg,106
106/106 (9).jpg,106
106/106 (90).jpg,106
106/106 (91).jpg,106
106/106 (92).jpg,106
106/106 (93).jpg,106
106/106 (94).jpg,106
106/106 (95).jpg,106
106/106 (96).jpg,106
106/106 (97).jpg,106
106/106 (98).jpg,106
106/106 (99).jpg,106
107/107 (1).jpg,107
107/107 (10).jpg,107
107/107 (100).jpg,107
107/107 (101).jpg,107
107/107 (102).jpg,107
107/107 (103).jpg,107
107/107 (104).jpg,107
107/107 (105).jpg,107
107/107 (106).jpg,107
107/107 (107).jpg,107
107/107 (108).jpg,107
107/107 (109).jpg,107
107/107 (11).jpg,107
107/107 (110).jpg,107
107/107 (111).jpg,107
107/107 (112).jpg,107
107/107 (113).jpg,107
107/107 (114).jpg,107
107/107 (115).jpg,107
107/107 (116).jpg,107
107/107 (117).jpg,107
107/107 (118).jpg,107
107/107 (119).jpg,107
107/107 (12).jpg,107
107/107 (120).jpg,107
107/107 (121).jpg,107
107/107 (122).jpg,107
107/107 (123).jpg,107
107/107 (124).jpg,107
107/107 (125).jpg,107
107/107 (126).jpg,107
107/107 (127).jpg,107
107/107 (128).jpg,107
107/107 (129).jpg,107
107/107 (13).jpg,107
107/107 (130).jpg,107
107/107 (131).jpg,107
107/107 (132).jpg,107
107/107 (133).jpg,107
107/107 (134).jpg,107
107/107 (135).jpg,107
107/107 (136).jpg,107
107/107 (137).jpg,107
107/107 (138).jpg,107
107/107 (139).jpg,107
107/107 (14).jpg,107
107/107 (140).jpg,107
107/107 (141).jpg,107
107/107 (142).jpg,107
107/107 (143).jpg,107
107/107 (144).jpg,107
107/107 (145).jpg,107
107/107 (146).jpg,107
107/107 (147).jpg,107
107/107 (148).jpg,107
107/107 (149).jpg,107
107/107 (15).jpg,107
107/107 (150).jpg,107
107/107 (151).jpg,107
107/107 (152).jpg,107
107/107 (153).jpg,107
107/107 (154).jpg,107
107/107 (155).jpg,107
107/107 (156).jpg,107
107/107 (157).jpg,107
107/107 (158).jpg,107
107/107 (159).jpg,107
107/107 (16).jpg,107
107/107 (160).jpg,107
107/107 (17).jpg,107
107/107 (18).jpg,107
107/107 (19).jpg,107
107/107 (2).jpg,107
107/107 (20).jpg,107
107/107 (21).jpg,107
107/107 (22).jpg,107
107/107 (23).jpg,107
107/107 (24).jpg,107
107/107 (25).jpg,107
107/107 (26).jpg,107
107/107 (27).jpg,107
107/107 (28).jpg,107
107/107 (29).jpg,107
107/107 (3).jpg,107
107/107 (30).jpg,107
107/107 (31).jpg,107
107/107 (32).jpg,107
107/107 (33).jpg,107
107/107 (34).jpg,107
107/107 (35).jpg,107
107/107 (36).jpg,107
107/107 (37).jpg,107
107/107 (38).jpg,107
107/107 (39).jpg,107
107/107 (4).jpg,107
107/107 (40).jpg,107
107/107 (41).jpg,107
107/107 (42).jpg,107
107/107 (43).jpg,107
107/107 (44).jpg,107
107/107 (45).jpg,107
107/107 (46).jpg,107
107/107 (47).jpg,107
107/107 (48).jpg,107
107/107 (49).jpg,107
107/107 (5).jpg,107
107/107 (50).jpg,107
107/107 (51).jpg,107
107/107 (52).jpg,107
107/107 (53).jpg,107
107/107 (54).jpg,107
107/107 (55).jpg,107
107/107 (56).jpg,107
107/107 (57).jpg,107
107/107 (58).jpg,107
107/107 (59).jpg,107
107/107 (6).jpg,107
107/107 (60).jpg,107
107/107 (61).jpg,107
107/107 (62).jpg,107
107/107 (63).jpg,107
107/107 (64).jpg,107
107/107 (65).jpg,107
107/107 (66).jpg,107
107/107 (67).jpg,107
107/107 (68).jpg,107
107/107 (69).jpg,107
107/107 (7).jpg,107
107/107 (70).jpg,107
107/107 (71).jpg,107
107/107 (72).jpg,107
107/107 (73).jpg,107
107/107 (74).jpg,107
107/107 (75).jpg,107
107/107 (76).jpg,107
107/107 (77).jpg,107
107/107 (78).jpg,107
107/107 (79).jpg,107
107/107 (8).jpg,107
107/107 (80).jpg,107
107/107 (81).jpg,107
107/107 (82).jpg,107
107/107 (83).jpg,107
107/107 (84).jpg,107
107/107 (85).jpg,107
107/107 (86).jpg,107
107/107 (87).jpg,107
107/107 (88).jpg,107
107/107 (89).jpg,107
107/107 (9).jpg,107
107/107 (90).jpg,107
107/107 (91).jpg,107
107/107 (92).jpg,107
107/107 (93).jpg,107
107/107 (94).jpg,107
107/107 (95).jpg,107
107/107 (96).jpg,107
107/107 (97).jpg,107
107/107 (98).jpg,107
107/107 (99).jpg,107
108/108 (1).jpg,108
108/108 (10).jpg,108
108/108 (100).jpg,108
108/108 (101).jpg,108
108/108 (102).jpg,108
108/108 (103).jpg,108
108/108 (104).jpg,108
108/108 (105).jpg,108
108/108 (106).jpg,108
108/108 (107).jpg,108
108/108 (108).jpg,108
108/108 (109).jpg,108
108/108 (11).jpg,108
108/108 (110).jpg,108
108/108 (111).jpg,108
108/108 (112).jpg,108
108/108 (113).jpg,108
108/108 (114).jpg,108
108/108 (115).jpg,108
108/108 (116).jpg,108
108/108 (117).jpg,108
108/108 (118).jpg,108
108/108 (119).jpg,108
108/108 (12).jpg,108
108/108 (120).jpg,108
108/108 (121).jpg,108
108/108 (122).jpg,108
108/108 (123).jpg,108
108/108 (124).jpg,108
108/108 (125).jpg,108
108/108 (126).jpg,108
108/108 (127).jpg,108
108/108 (128).jpg,108
108/108 (129).jpg,108
108/108 (13).jpg,108
108/108 (130).jpg,108
108/108 (131).jpg,108
108/108 (132).jpg,108
108/108 (133).jpg,108
108/108 (134).jpg,108
108/108 (135).jpg,108
108/108 (136).jpg,108
108/108 (137).jpg,108
108/108 (138).jpg,108
108/108 (139).jpg,108
108/108 (14).jpg,108
108/108 (140).jpg,108
108/108 (141).jpg,108
108/108 (142).jpg,108
108/108 (143).jpg,108
108/108 (144).jpg,108
108/108 (145).jpg,108
108/108 (146).jpg,108
108/108 (147).jpg,108
108/108 (148).jpg,108
108/108 (149).jpg,108
108/108 (15).jpg,108
108/108 (150).jpg,108
108/108 (151).jpg,108
108/108 (152).jpg,108
108/108 (153).jpg,108
108/108 (154).jpg,108
108/108 (155).jpg,108
108/108 (156).jpg,108
108/108 (157).jpg,108
108/108 (158).jpg,108
108/108 (159).jpg,108
108/108 (16).jpg,108
108/108 (160).jpg,108
108/108 (17).jpg,108
108/108 (18).jpg,108
108/108 (19).jpg,108
108/108 (2).jpg,108
108/108 (20).jpg,108
108/108 (21).jpg,108
108/108 (22).jpg,108
108/108 (23).jpg,108
108/108 (24).jpg,108
108/108 (25).jpg,108
108/108 (26).jpg,108
108/108 (27).jpg,108
108/108 (28).jpg,108
108/108 (29).jpg,108
108/108 (3).jpg,108
108/108 (30).jpg,108
108/108 (31).jpg,108
108/108 (32).jpg,108
108/108 (33).jpg,108
108/108 (34).jpg,108
108/108 (35).jpg,108
108/108 (36).jpg,108
108/108 (37).jpg,108
108/108 (38).jpg,108
108/108 (39).jpg,108
108/108 (4).jpg,108
108/108 (40).jpg,108
108/108 (41).jpg,108
108/108 (42).jpg,108
108/108 (43).jpg,108
108/108 (44).jpg,108
108/108 (45).jpg,108
108/108 (46).jpg,108
108/108 (47).jpg,108
108/108 (48).jpg,108
108/108 (49).jpg,108
108/108 (5).jpg,108
108/108 (50).jpg,108
108/108 (51).jpg,108
108/108 (52).jpg,108
108/108 (53).jpg,108
108/108 (54).jpg,108
108/108 (55).jpg,108
108/108 (56).jpg,108
108/108 (57).jpg,108
108/108 (58).jpg,108
108/108 (59).jpg,108
108/108 (6).jpg,108
108/108 (60).jpg,108
108/108 (61).jpg,108
108/108 (62).jpg,108
108/108 (63).jpg,108
108/108 (64).jpg,108
108/108 (65).jpg,108
108/108 (66).jpg,108
108/108 (67).jpg,108
108/108 (68).jpg,108
108/108 (69).jpg,108
108/108 (7).jpg,108
108/108 (70).jpg,108
108/108 (71).jpg,108
108/108 (72).jpg,108
108/108 (73).jpg,108
108/108 (74).jpg,108
108/108 (75).jpg,108
108/108 (76).jpg,108
108/108 (77).jpg,108
108/108 (78).jpg,108
108/108 (79).jpg,108
108/108 (8).jpg,108
108/108 (80).jpg,108
108/108 (81).jpg,108
108/108 (82).jpg,108
108/108 (83).jpg,108
108/108 (84).jpg,108
108/108 (85).jpg,108
108/108 (86).jpg,108
108/108 (87).jpg,108
108/108 (88).jpg,108
108/108 (89).jpg,108
108/108 (9).jpg,108
108/108 (90).jpg,108
108/108 (91).jpg,108
108/108 (92).jpg,108
108/108 (93).jpg,108
108/108 (94).jpg,108
108/108 (95).jpg,108
108/108 (96).jpg,108
108/108 (97).jpg,108
108/108 (98).jpg,108
108/108 (99).jpg,108
109/109 (1).jpg,109
109/109 (10).jpg,109
109/109 (100).jpg,109
109/109 (101).jpg,109
109/109 (102).jpg,109
109/109 (103).jpg,109
109/109 (104).jpg,109
109/109 (105).jpg,109
109/109 (106).jpg,109
109/109 (107).jpg,109
109/109 (108).jpg,109
109/109 (109).jpg,109
109/109 (11).jpg,109
109/109 (110).jpg,109
109/109 (111).jpg,109
109/109 (112).jpg,109
109/109 (113).jpg,109
109/109 (114).jpg,109
109/109 (115).jpg,109
109/109 (116).jpg,109
109/109 (117).jpg,109
109/109 (118).jpg,109
109/109 (119).jpg,109
109/109 (12).jpg,109
109/109 (120).jpg,109
109/109 (121).jpg,109
109/109 (122).jpg,109
109/109 (123).jpg,109
109/109 (124).jpg,109
109/109 (125).jpg,109
109/109 (126).jpg,109
109/109 (127).jpg,109
109/109 (128).jpg,109
109/109 (129).jpg,109
109/109 (13).jpg,109
109/109 (130).jpg,109
109/109 (131).jpg,109
109/109 (132).jpg,109
109/109 (133).jpg,109
109/109 (134).jpg,109
109/109 (135).jpg,109
109/109 (136).jpg,109
109/109 (137).jpg,109
109/109 (138).jpg,109
109/109 (139).jpg,109
109/109 (14).jpg,109
109/109 (140).jpg,109
109/109 (141).jpg,109
109/109 (142).jpg,109
109/109 (143).jpg,109
109/109 (144).jpg,109
109/109 (145).jpg,109
109/109 (146).jpg,109
109/109 (147).jpg,109
109/109 (148).jpg,109
109/109 (149).jpg,109
109/109 (15).jpg,109
109/109 (150).jpg,109
109/109 (151).jpg,109
109/109 (152).jpg,109
109/109 (153).jpg,109
109/109 (154).jpg,109
109/109 (155).jpg,109
109/109 (156).jpg,109
109/109 (157).jpg,109
109/109 (158).jpg,109
109/109 (159).jpg,109
109/109 (16).jpg,109
109/109 (160).jpg,109
109/109 (17).jpg,109
109/109 (18).jpg,109
109/109 (19).jpg,109
109/109 (2).jpg,109
109/109 (20).jpg,109
109/109 (21).jpg,109
109/109 (22).jpg,109
109/109 (23).jpg,109
109/109 (24).jpg,109
109/109 (25).jpg,109
109/109 (26).jpg,109
109/109 (27).jpg,109
109/109 (28).jpg,109
109/109 (29).jpg,109
109/109 (3).jpg,109
109/109 (30).jpg,109
109/109 (31).jpg,109
109/109 (32).jpg,109
109/109 (33).jpg,109
109/109 (34).jpg,109
109/109 (35).jpg,109
109/109 (36).jpg,109
109/109 (37).jpg,109
109/109 (38).jpg,109
109/109 (39).jpg,109
109/109 (4).jpg,109
109/109 (40).jpg,109
109/109 (41).jpg,109
109/109 (42).jpg,109
109/109 (43).jpg,109
109/109 (44).jpg,109
109/109 (45).jpg,109
109/109 (46).jpg,109
109/109 (47).jpg,109
109/109 (48).jpg,109
109/109 (49).jpg,109
109/109 (5).jpg,109
109/109 (50).jpg,109
109/109 (51).jpg,109
109/109 (52).jpg,109
109/109 (53).jpg,109
109/109 (54).jpg,109
109/109 (55).jpg,109
109/109 (56).jpg,109
109/109 (57).jpg,109
109/109 (58).jpg,109
109/109 (59).jpg,109
109/109 (6).jpg,109
109/109 (60).jpg,109
109/109 (61).jpg,109
109/109 (62).jpg,109
109/109 (63).jpg,109
109/109 (64).jpg,109
109/109 (65).jpg,109
109/109 (66).jpg,109
109/109 (67).jpg,109
109/109 (68).jpg,109
109/109 (69).jpg,109
109/109 (7).jpg,109
109/109 (70).jpg,109
109/109 (71).jpg,109
109/109 (72).jpg,109
109/109 (73).jpg,109
109/109 (74).jpg,109
109/109 (75).jpg,109
109/109 (76).jpg,109
109/109 (77).jpg,109
109/109 (78).jpg,109
109/109 (79).jpg,109
109/109 (8).jpg,109
109/109 (80).jpg,109
109/109 (81).jpg,109
109/109 (82).jpg,109
109/109 (83).jpg,109
109/109 (84).jpg,109
109/109 (85).jpg,109
109/109 (86).jpg,109
109/109 (87).jpg,109
109/109 (88).jpg,109
109/109 (89).jpg,109
109/109 (9).jpg,109
109/109 (90).jpg,109
109/109 (91).jpg,109
109/109 (92).jpg,109
109/109 (93).jpg,109
109/109 (94).jpg,109
109/109 (95).jpg,109
109/109 (96).jpg,109
109/109 (97).jpg,109
109/109 (98).jpg,109
109/109 (99).jpg,109
110/110 (1).jpg,110
110/110 (10).jpg,110
110/110 (100).jpg,110
110/110 (101).jpg,110
110/110 (102).jpg,110
110/110 (103).jpg,110
110/110 (104).jpg,110
110/110 (105).jpg,110
110/110 (106).jpg,110
110/110 (107).jpg,110
110/110 (108).jpg,110
110/110 (109).jpg,110
110/110 (11).jpg,110
110/110 (110).jpg,110
110/110 (111).jpg,110
110/110 (112).jpg,110
110/110 (113).jpg,110
110/110 (114).jpg,110
110/110 (115).jpg,110
110/110 (116).jpg,110
110/110 (117).jpg,110
110/110 (118).jpg,110
110/110 (119).jpg,110
110/110 (12).jpg,110
110/110 (120).jpg,110
110/110 (121).jpg,110
110/110 (122).jpg,110
110/110 (123).jpg,110
110/110 (124).jpg,110
110/110 (125).jpg,110
110/110 (126).jpg,110
110/110 (127).jpg,110
110/110 (128).jpg,110
110/110 (129).jpg,110
110/110 (13).jpg,110
110/110 (130).jpg,110
110/110 (131).jpg,110
110/110 (132).jpg,110
110/110 (133).jpg,110
110/110 (134).jpg,110
110/110 (135).jpg,110
110/110 (136).jpg,110
110/110 (137).jpg,110
110/110 (138).jpg,110
110/110 (139).jpg,110
110/110 (14).jpg,110
110/110 (140).jpg,110
110/110 (141).jpg,110
110/110 (142).jpg,110
110/110 (143).jpg,110
110/110 (144).jpg,110
110/110 (145).jpg,110
110/110 (146).jpg,110
110/110 (15).jpg,110
110/110 (16).jpg,110
110/110 (17).jpg,110
110/110 (18).jpg,110
110/110 (19).jpg,110
110/110 (2).jpg,110
110/110 (20).jpg,110
110/110 (21).jpg,110
110/110 (22).jpg,110
110/110 (23).jpg,110
110/110 (24).jpg,110
110/110 (25).jpg,110
110/110 (26).jpg,110
110/110 (27).jpg,110
110/110 (28).jpg,110
110/110 (29).jpg,110
110/110 (3).jpg,110
110/110 (30).jpg,110
110/110 (31).jpg,110
110/110 (32).jpg,110
110/110 (33).jpg,110
110/110 (34).jpg,110
110/110 (35).jpg,110
110/110 (36).jpg,110
110/110 (37).jpg,110
110/110 (38).jpg,110
110/110 (39).jpg,110
110/110 (4).jpg,110
110/110 (40).jpg,110
110/110 (41).jpg,110
110/110 (42).jpg,110
110/110 (43).jpg,110
110/110 (44).jpg,110
110/110 (45).jpg,110
110/110 (46).jpg,110
110/110 (47).jpg,110
110/110 (48).jpg,110
110/110 (49).jpg,110
110/110 (5).jpg,110
110/110 (50).jpg,110
110/110 (51).jpg,110
110/110 (52).jpg,110
110/110 (53).jpg,110
110/110 (54).jpg,110
110/110 (55).jpg,110
110/110 (56).jpg,110
110/110 (57).jpg,110
110/110 (58).jpg,110
110/110 (59).jpg,110
110/110 (6).jpg,110
110/110 (60).jpg,110
110/110 (61).jpg,110
110/110 (62).jpg,110
110/110 (63).jpg,110
110/110 (64).jpg,110
110/110 (65).jpg,110
110/110 (66).jpg,110
110/110 (67).jpg,110
110/110 (68).jpg,110
110/110 (69).jpg,110
110/110 (7).jpg,110
110/110 (70).jpg,110
110/110 (71).jpg,110
110/110 (72).jpg,110
110/110 (73).jpg,110
110/110 (74).jpg,110
110/110 (75).jpg,110
110/110 (76).jpg,110
110/110 (77).jpg,110
110/110 (78).jpg,110
110/110 (79).jpg,110
110/110 (8).jpg,110
110/110 (80).jpg,110
110/110 (81).jpg,110
110/110 (82).jpg,110
110/110 (83).jpg,110
110/110 (84).jpg,110
110/110 (85).jpg,110
110/110 (86).jpg,110
110/110 (87).jpg,110
110/110 (88).jpg,110
110/110 (89).jpg,110
110/110 (9).jpg,110
110/110 (90).jpg,110
110/110 (91).jpg,110
110/110 (92).jpg,110
110/110 (93).jpg,110
110/110 (94).jpg,110
110/110 (95).jpg,110
110/110 (96).jpg,110
110/110 (97).jpg,110
110/110 (98).jpg,110
110/110 (99).jpg,110
111/111 (1).jpg,111
111/111 (10).jpg,111
111/111 (100).jpg,111
111/111 (101).jpg,111
111/111 (102).jpg,111
111/111 (103).jpg,111
111/111 (104).jpg,111
111/111 (105).jpg,111
111/111 (106).jpg,111
111/111 (107).jpg,111
111/111 (108).jpg,111
111/111 (109).jpg,111
111/111 (11).jpg,111
111/111 (110).jpg,111
111/111 (111).jpg,111
111/111 (112).jpg,111
111/111 (113).jpg,111
111/111 (114).jpg,111
111/111 (115).jpg,111
111/111 (116).jpg,111
111/111 (117).jpg,111
111/111 (118).jpg,111
111/111 (119).jpg,111
111/111 (12).jpg,111
111/111 (120).jpg,111
111/111 (121).jpg,111
111/111 (122).jpg,111
111/111 (123).jpg,111
111/111 (124).jpg,111
111/111 (125).jpg,111
111/111 (126).jpg,111
111/111 (127).jpg,111
111/111 (128).jpg,111
111/111 (129).jpg,111
111/111 (13).jpg,111
111/111 (130).jpg,111
111/111 (131).jpg,111
111/111 (132).jpg,111
111/111 (133).jpg,111
111/111 (134).jpg,111
111/111 (135).jpg,111
111/111 (136).jpg,111
111/111 (137).jpg,111
111/111 (138).jpg,111
111/111 (139).jpg,111
111/111 (14).jpg,111
111/111 (140).jpg,111
111/111 (15).jpg,111
111/111 (16).jpg,111
111/111 (17).jpg,111
111/111 (18).jpg,111
111/111 (19).jpg,111
111/111 (2).jpg,111
111/111 (20).jpg,111
111/111 (21).jpg,111
111/111 (22).jpg,111
111/111 (23).jpg,111
111/111 (24).jpg,111
111/111 (25).jpg,111
111/111 (26).jpg,111
111/111 (27).jpg,111
111/111 (28).jpg,111
111/111 (29).jpg,111
111/111 (3).jpg,111
111/111 (30).jpg,111
111/111 (31).jpg,111
111/111 (32).jpg,111
111/111 (33).jpg,111
111/111 (34).jpg,111
111/111 (35).jpg,111
111/111 (36).jpg,111
111/111 (37).jpg,111
111/111 (38).jpg,111
111/111 (39).jpg,111
111/111 (4).jpg,111
111/111 (40).jpg,111
111/111 (41).jpg,111
111/111 (42).jpg,111
111/111 (43).jpg,111
111/111 (44).jpg,111
111/111 (45).jpg,111
111/111 (46).jpg,111
111/111 (47).jpg,111
111/111 (48).jpg,111
111/111 (49).jpg,111
111/111 (5).jpg,111
111/111 (50).jpg,111
111/111 (51).jpg,111
111/111 (52).jpg,111
111/111 (53).jpg,111
111/111 (54).jpg,111
111/111 (55).jpg,111
111/111 (56).jpg,111
111/111 (57).jpg,111
111/111 (58).jpg,111
111/111 (59).jpg,111
111/111 (6).jpg,111
111/111 (60).jpg,111
111/111 (61).jpg,111
111/111 (62).jpg,111
111/111 (63).jpg,111
111/111 (64).jpg,111
111/111 (65).jpg,111
111/111 (66).jpg,111
111/111 (67).jpg,111
111/111 (68).jpg,111
111/111 (69).jpg,111
111/111 (7).jpg,111
111/111 (70).jpg,111
111/111 (71).jpg,111
111/111 (72).jpg,111
111/111 (73).jpg,111
111/111 (74).jpg,111
111/111 (75).jpg,111
111/111 (76).jpg,111
111/111 (77).jpg,111
111/111 (78).jpg,111
111/111 (79).jpg,111
111/111 (8).jpg,111
111/111 (80).jpg,111
111/111 (81).jpg,111
111/111 (82).jpg,111
111/111 (83).jpg,111
111/111 (84).jpg,111
111/111 (85).jpg,111
111/111 (86).jpg,111
111/111 (87).jpg,111
111/111 (88).jpg,111
111/111 (89).jpg,111
111/111 (9).jpg,111
111/111 (90).jpg,111
111/111 (91).jpg,111
111/111 (92).jpg,111
111/111 (93).jpg,111
111/111 (94).jpg,111
111/111 (95).jpg,111
111/111 (96).jpg,111
111/111 (97).jpg,111
111/111 (98).jpg,111
111/111 (99).jpg,111
112/112 (1).jpg,112
112/112 (10).jpg,112
112/112 (100).jpg,112
112/112 (101).jpg,112
112/112 (102).jpg,112
112/112 (103).jpg,112
112/112 (104).jpg,112
112/112 (105).jpg,112
112/112 (106).jpg,112
112/112 (107).jpg,112
112/112 (108).jpg,112
112/112 (109).jpg,112
112/112 (11).jpg,112
112/112 (110).jpg,112
112/112 (111).jpg,112
112/112 (112).jpg,112
112/112 (113).jpg,112
112/112 (114).jpg,112
112/112 (115).jpg,112
112/112 (116).jpg,112
112/112 (117).jpg,112
112/112 (118).jpg,112
112/112 (119).jpg,112
112/112 (12).jpg,112
112/112 (120).jpg,112
112/112 (121).jpg,112
112/112 (122).jpg,112
112/112 (123).jpg,112
112/112 (124).jpg,112
112/112 (125).jpg,112
112/112 (126).jpg,112
112/112 (127).jpg,112
112/112 (128).jpg,112
112/112 (129).jpg,112
112/112 (13).jpg,112
112/112 (130).jpg,112
112/112 (131).jpg,112
112/112 (132).jpg,112
112/112 (133).jpg,112
112/112 (134).jpg,112
112/112 (135).jpg,112
112/112 (136).jpg,112
112/112 (137).jpg,112
112/112 (138).jpg,112
112/112 (139).jpg,112
112/112 (14).jpg,112
112/112 (140).jpg,112
112/112 (141).jpg,112
112/112 (142).jpg,112
112/112 (143).jpg,112
112/112 (144).jpg,112
112/112 (145).jpg,112
112/112 (146).jpg,112
112/112 (147).jpg,112
112/112 (148).jpg,112
112/112 (149).jpg,112
112/112 (15).jpg,112
112/112 (150).jpg,112
112/112 (151).jpg,112
112/112 (152).jpg,112
112/112 (153).jpg,112
112/112 (154).jpg,112
112/112 (155).jpg,112
112/112 (156).jpg,112
112/112 (157).jpg,112
112/112 (158).jpg,112
112/112 (159).jpg,112
112/112 (16).jpg,112
112/112 (160).jpg,112
112/112 (17).jpg,112
112/112 (18).jpg,112
112/112 (19).jpg,112
112/112 (2).jpg,112
112/112 (20).jpg,112
112/112 (21).jpg,112
112/112 (22).jpg,112
112/112 (23).jpg,112
112/112 (24).jpg,112
112/112 (25).jpg,112
112/112 (26).jpg,112
112/112 (27).jpg,112
112/112 (28).jpg,112
112/112 (29).jpg,112
112/112 (3).jpg,112
112/112 (30).jpg,112
112/112 (31).jpg,112
112/112 (32).jpg,112
112/112 (33).jpg,112
112/112 (34).jpg,112
112/112 (35).jpg,112
112/112 (36).jpg,112
112/112 (37).jpg,112
112/112 (38).jpg,112
112/112 (39).jpg,112
112/112 (4).jpg,112
112/112 (40).jpg,112
112/112 (41).jpg,112
112/112 (42).jpg,112
112/112 (43).jpg,112
112/112 (44).jpg,112
112/112 (45).jpg,112
112/112 (46).jpg,112
112/112 (47).jpg,112
112/112 (48).jpg,112
112/112 (49).jpg,112
112/112 (5).jpg,112
112/112 (50).jpg,112
112/112 (51).jpg,112
112/112 (52).jpg,112
112/112 (53).jpg,112
112/112 (54).jpg,112
112/112 (55).jpg,112
112/112 (56).jpg,112
112/112 (57).jpg,112
112/112 (58).jpg,112
112/112 (59).jpg,112
112/112 (6).jpg,112
112/112 (60).jpg,112
112/112 (61).jpg,112
112/112 (62).jpg,112
112/112 (63).jpg,112
112/112 (64).jpg,112
112/112 (65).jpg,112
112/112 (66).jpg,112
112/112 (67).jpg,112
112/112 (68).jpg,112
112/112 (69).jpg,112
112/112 (7).jpg,112
112/112 (70).jpg,112
112/112 (71).jpg,112
112/112 (72).jpg,112
112/112 (73).jpg,112
112/112 (74).jpg,112
112/112 (75).jpg,112
112/112 (76).jpg,112
112/112 (77).jpg,112
112/112 (78).jpg,112
112/112 (79).jpg,112
112/112 (8).jpg,112
112/112 (80).jpg,112
112/112 (81).jpg,112
112/112 (82).jpg,112
112/112 (83).jpg,112
112/112 (84).jpg,112
112/112 (85).jpg,112
112/112 (86).jpg,112
112/112 (87).jpg,112
112/112 (88).jpg,112
112/112 (89).jpg,112
112/112 (9).jpg,112
112/112 (90).jpg,112
112/112 (91).jpg,112
112/112 (92).jpg,112
112/112 (93).jpg,112
112/112 (94).jpg,112
112/112 (95).jpg,112
112/112 (96).jpg,112
112/112 (97).jpg,112
112/112 (98).jpg,112
112/112 (99).jpg,112
113/113 (1).jpg,113
113/113 (10).jpg,113
113/113 (100).jpg,113
113/113 (101).jpg,113
113/113 (102).jpg,113
113/113 (103).jpg,113
113/113 (104).jpg,113
113/113 (105).jpg,113
113/113 (106).jpg,113
113/113 (107).jpg,113
113/113 (108).jpg,113
113/113 (109).jpg,113
113/113 (11).jpg,113
113/113 (110).jpg,113
113/113 (111).jpg,113
113/113 (112).jpg,113
113/113 (12).jpg,113
113/113 (13).jpg,113
113/113 (14).jpg,113
113/113 (15).jpg,113
113/113 (16).jpg,113
113/113 (17).jpg,113
113/113 (18).jpg,113
113/113 (19).jpg,113
113/113 (2).jpg,113
113/113 (20).jpg,113
113/113 (21).jpg,113
113/113 (22).jpg,113
113/113 (23).jpg,113
113/113 (24).jpg,113
113/113 (25).jpg,113
113/113 (26).jpg,113
113/113 (27).jpg,113
113/113 (28).jpg,113
113/113 (29).jpg,113
113/113 (3).jpg,113
113/113 (30).jpg,113
113/113 (31).jpg,113
113/113 (32).jpg,113
113/113 (33).jpg,113
113/113 (34).jpg,113
113/113 (35).jpg,113
113/113 (36).jpg,113
113/113 (37).jpg,113
113/113 (38).jpg,113
113/113 (39).jpg,113
113/113 (4).jpg,113
113/113 (40).jpg,113
113/113 (41).jpg,113
113/113 (42).jpg,113
113/113 (43).jpg,113
113/113 (44).jpg,113
113/113 (45).jpg,113
113/113 (46).jpg,113
113/113 (47).jpg,113
113/113 (48).jpg,113
113/113 (49).jpg,113
113/113 (5).jpg,113
113/113 (50).jpg,113
113/113 (51).jpg,113
113/113 (52).jpg,113
113/113 (53).jpg,113
113/113 (54).jpg,113
113/113 (55).jpg,113
113/113 (56).jpg,113
113/113 (57).jpg,113
113/113 (58).jpg,113
113/113 (59).jpg,113
113/113 (6).jpg,113
113/113 (60).jpg,113
113/113 (61).jpg,113
113/113 (62).jpg,113
113/113 (63).jpg,113
113/113 (64).jpg,113
113/113 (65).jpg,113
113/113 (66).jpg,113
113/113 (67).jpg,113
113/113 (68).jpg,113
113/113 (69).jpg,113
113/113 (7).jpg,113
113/113 (70).jpg,113
113/113 (71).jpg,113
113/113 (72).jpg,113
113/113 (73).jpg,113
113/113 (74).jpg,113
113/113 (75).jpg,113
113/113 (76).jpg,113
113/113 (77).jpg,113
113/113 (78).jpg,113
113/113 (79).jpg,113
113/113 (8).jpg,113
113/113 (80).jpg,113
113/113 (81).jpg,113
113/113 (82).jpg,113
113/113 (83).jpg,113
113/113 (84).jpg,113
113/113 (85).jpg,113
113/113 (86).jpg,113
113/113 (87).jpg,113
113/113 (88).jpg,113
113/113 (89).jpg,113
113/113 (9).jpg,113
113/113 (90).jpg,113
113/113 (91).jpg,113
113/113 (92).jpg,113
113/113 (93).jpg,113
113/113 (94).jpg,113
113/113 (95).jpg,113
113/113 (96).jpg,113
113/113 (97).jpg,113
113/113 (98).jpg,113
113/113 (99).jpg,113
114/114 (1).jpg,114
114/114 (10).jpg,114
114/114 (100).jpg,114
114/114 (101).jpg,114
114/114 (102).jpg,114
114/114 (103).jpg,114
114/114 (104).jpg,114
114/114 (105).jpg,114
114/114 (106).jpg,114
114/114 (107).jpg,114
114/114 (108).jpg,114
114/114 (109).jpg,114
114/114 (11).jpg,114
114/114 (110).jpg,114
114/114 (111).jpg,114
114/114 (112).jpg,114
114/114 (113).jpg,114
114/114 (114).jpg,114
114/114 (115).jpg,114
114/114 (116).jpg,114
114/114 (117).jpg,114
114/114 (118).jpg,114
114/114 (119).jpg,114
114/114 (12).jpg,114
114/114 (120).jpg,114
114/114 (121).jpg,114
114/114 (122).jpg,114
114/114 (123).jpg,114
114/114 (124).jpg,114
114/114 (125).jpg,114
114/114 (126).jpg,114
114/114 (127).jpg,114
114/114 (128).jpg,114
114/114 (129).jpg,114
114/114 (13).jpg,114
114/114 (130).jpg,114
114/114 (131).jpg,114
114/114 (132).jpg,114
114/114 (133).jpg,114
114/114 (134).jpg,114
114/114 (135).jpg,114
114/114 (136).jpg,114
114/114 (137).jpg,114
114/114 (138).jpg,114
114/114 (139).jpg,114
114/114 (14).jpg,114
114/114 (140).jpg,114
114/114 (141).jpg,114
114/114 (142).jpg,114
114/114 (143).jpg,114
114/114 (144).jpg,114
114/114 (145).jpg,114
114/114 (146).jpg,114
114/114 (147).jpg,114
114/114 (148).jpg,114
114/114 (149).jpg,114
114/114 (15).jpg,114
114/114 (150).jpg,114
114/114 (151).jpg,114
114/114 (152).jpg,114
114/114 (153).jpg,114
114/114 (154).jpg,114
114/114 (155).jpg,114
114/114 (156).jpg,114
114/114 (157).jpg,114
114/114 (158).jpg,114
114/114 (159).jpg,114
114/114 (16).jpg,114
114/114 (160).jpg,114
114/114 (161).jpg,114
114/114 (162).jpg,114
114/114 (163).jpg,114
114/114 (164).jpg,114
114/114 (165).jpg,114
114/114 (17).jpg,114
114/114 (18).jpg,114
114/114 (19).jpg,114
114/114 (2).jpg,114
114/114 (20).jpg,114
114/114 (21).jpg,114
114/114 (22).jpg,114
114/114 (23).jpg,114
114/114 (24).jpg,114
114/114 (25).jpg,114
114/114 (26).jpg,114
114/114 (27).jpg,114
114/114 (28).jpg,114
114/114 (29).jpg,114
114/114 (3).jpg,114
114/114 (30).jpg,114
114/114 (31).jpg,114
114/114 (32).jpg,114
114/114 (33).jpg,114
114/114 (34).jpg,114
114/114 (35).jpg,114
114/114 (36).jpg,114
114/114 (37).jpg,114
114/114 (38).jpg,114
114/114 (39).jpg,114
114/114 (4).jpg,114
114/114 (40).jpg,114
114/114 (41).jpg,114
114/114 (42).jpg,114
114/114 (43).jpg,114
114/114 (44).jpg,114
114/114 (45).jpg,114
114/114 (46).jpg,114
114/114 (47).jpg,114
114/114 (48).jpg,114
114/114 (49).jpg,114
114/114 (5).jpg,114
114/114 (50).jpg,114
114/114 (51).jpg,114
114/114 (52).jpg,114
114/114 (53).jpg,114
114/114 (54).jpg,114
114/114 (55).jpg,114
114/114 (56).jpg,114
114/114 (57).jpg,114
114/114 (58).jpg,114
114/114 (59).jpg,114
114/114 (6).jpg,114
114/114 (60).jpg,114
114/114 (61).jpg,114
114/114 (62).jpg,114
114/114 (63).jpg,114
114/114 (64).jpg,114
114/114 (65).jpg,114
114/114 (66).jpg,114
114/114 (67).jpg,114
114/114 (68).jpg,114
114/114 (69).jpg,114
114/114 (7).jpg,114
114/114 (70).jpg,114
114/114 (71).jpg,114
114/114 (72).jpg,114
114/114 (73).jpg,114
114/114 (74).jpg,114
114/114 (75).jpg,114
114/114 (76).jpg,114
114/114 (77).jpg,114
114/114 (78).jpg,114
114/114 (79).jpg,114
114/114 (8).jpg,114
114/114 (80).jpg,114
114/114 (81).jpg,114
114/114 (82).jpg,114
114/114 (83).jpg,114
114/114 (84).jpg,114
114/114 (85).jpg,114
114/114 (86).jpg,114
114/114 (87).jpg,114
114/114 (88).jpg,114
114/114 (89).jpg,114
114/114 (9).jpg,114
114/114 (90).jpg,114
114/114 (91).jpg,114
114/114 (92).jpg,114
114/114 (93).jpg,114
114/114 (94).jpg,114
114/114 (95).jpg,114
114/114 (96).jpg,114
114/114 (97).jpg,114
114/114 (98).jpg,114
114/114 (99).jpg,114
115/115 (1).jpg,115
115/115 (10).jpg,115
115/115 (100).jpg,115
115/115 (101).jpg,115
115/115 (102).jpg,115
115/115 (103).jpg,115
115/115 (104).jpg,115
115/115 (105).jpg,115
115/115 (106).jpg,115
115/115 (107).jpg,115
115/115 (108).jpg,115
115/115 (109).jpg,115
115/115 (11).jpg,115
115/115 (110).jpg,115
115/115 (111).jpg,115
115/115 (112).jpg,115
115/115 (113).jpg,115
115/115 (114).jpg,115
115/115 (115).jpg,115
115/115 (116).jpg,115
115/115 (117).jpg,115
115/115 (118).jpg,115
115/115 (119).jpg,115
115/115 (12).jpg,115
115/115 (120).jpg,115
115/115 (121).jpg,115
115/115 (122).jpg,115
115/115 (123).jpg,115
115/115 (124).jpg,115
115/115 (125).jpg,115
115/115 (126).jpg,115
115/115 (127).jpg,115
115/115 (128).jpg,115
115/115 (129).jpg,115
115/115 (13).jpg,115
115/115 (130).jpg,115
115/115 (131).jpg,115
115/115 (132).jpg,115
115/115 (133).jpg,115
115/115 (134).jpg,115
115/115 (135).jpg,115
115/115 (136).jpg,115
115/115 (137).jpg,115
115/115 (138).jpg,115
115/115 (139).jpg,115
115/115 (14).jpg,115
115/115 (140).jpg,115
115/115 (141).jpg,115
115/115 (142).jpg,115
115/115 (143).jpg,115
115/115 (144).jpg,115
115/115 (145).jpg,115
115/115 (146).jpg,115
115/115 (147).jpg,115
115/115 (148).jpg,115
115/115 (149).jpg,115
115/115 (15).jpg,115
115/115 (150).jpg,115
115/115 (151).jpg,115
115/115 (152).jpg,115
115/115 (153).jpg,115
115/115 (154).jpg,115
115/115 (155).jpg,115
115/115 (156).jpg,115
115/115 (157).jpg,115
115/115 (158).jpg,115
115/115 (159).jpg,115
115/115 (16).jpg,115
115/115 (160).jpg,115
115/115 (17).jpg,115
115/115 (18).jpg,115
115/115 (19).jpg,115
115/115 (2).jpg,115
115/115 (20).jpg,115
115/115 (21).jpg,115
115/115 (22).jpg,115
115/115 (23).jpg,115
115/115 (24).jpg,115
115/115 (25).jpg,115
115/115 (26).jpg,115
115/115 (27).jpg,115
115/115 (28).jpg,115
115/115 (29).jpg,115
115/115 (3).jpg,115
115/115 (30).jpg,115
115/115 (31).jpg,115
115/115 (32).jpg,115
115/115 (33).jpg,115
115/115 (34).jpg,115
115/115 (35).jpg,115
115/115 (36).jpg,115
115/115 (37).jpg,115
115/115 (38).jpg,115
115/115 (39).jpg,115
115/115 (4).jpg,115
115/115 (40).jpg,115
115/115 (41).jpg,115
115/115 (42).jpg,115
115/115 (43).jpg,115
115/115 (44).jpg,115
115/115 (45).jpg,115
115/115 (46).jpg,115
115/115 (47).jpg,115
115/115 (48).jpg,115
115/115 (49).jpg,115
115/115 (5).jpg,115
115/115 (50).jpg,115
115/115 (51).jpg,115
115/115 (52).jpg,115
115/115 (53).jpg,115
115/115 (54).jpg,115
115/115 (55).jpg,115
115/115 (56).jpg,115
115/115 (57).jpg,115
115/115 (58).jpg,115
115/115 (59).jpg,115
115/115 (6).jpg,115
115/115 (60).jpg,115
115/115 (61).jpg,115
115/115 (62).jpg,115
115/115 (63).jpg,115
115/115 (64).jpg,115
115/115 (65).jpg,115
115/115 (66).jpg,115
115/115 (67).jpg,115
115/115 (68).jpg,115
115/115 (69).jpg,115
115/115 (7).jpg,115
115/115 (70).jpg,115
115/115 (71).jpg,115
115/115 (72).jpg,115
115/115 (73).jpg,115
115/115 (74).jpg,115
115/115 (75).jpg,115
115/115 (76).jpg,115
115/115 (77).jpg,115
115/115 (78).jpg,115
115/115 (79).jpg,115
115/115 (8).jpg,115
115/115 (80).jpg,115
115/115 (81).jpg,115
115/115 (82).jpg,115
115/115 (83).jpg,115
115/115 (84).jpg,115
115/115 (85).jpg,115
115/115 (86).jpg,115
115/115 (87).jpg,115
115/115 (88).jpg,115
115/115 (89).jpg,115
115/115 (9).jpg,115
115/115 (90).jpg,115
115/115 (91).jpg,115
115/115 (92).jpg,115
115/115 (93).jpg,115
115/115 (94).jpg,115
115/115 (95).jpg,115
115/115 (96).jpg,115
115/115 (97).jpg,115
115/115 (98).jpg,115
115/115 (99).jpg,115
116/116 (1).jpg,116
116/116 (10).jpg,116
116/116 (100).jpg,116
116/116 (101).jpg,116
116/116 (102).jpg,116
116/116 (103).jpg,116
116/116 (104).jpg,116
116/116 (105).jpg,116
116/116 (106).jpg,116
116/116 (107).jpg,116
116/116 (108).jpg,116
116/116 (109).jpg,116
116/116 (11).jpg,116
116/116 (110).jpg,116
116/116 (111).jpg,116
116/116 (112).jpg,116
116/116 (113).jpg,116
116/116 (114).jpg,116
116/116 (115).jpg,116
116/116 (116).jpg,116
116/116 (117).jpg,116
116/116 (118).jpg,116
116/116 (119).jpg,116
116/116 (12).jpg,116
116/116 (120).jpg,116
116/116 (121).jpg,116
116/116 (122).jpg,116
116/116 (123).jpg,116
116/116 (124).jpg,116
116/116 (125).jpg,116
116/116 (126).jpg,116
116/116 (127).jpg,116
116/116 (128).jpg,116
116/116 (129).jpg,116
116/116 (13).jpg,116
116/116 (130).jpg,116
116/116 (131).jpg,116
116/116 (132).jpg,116
116/116 (133).jpg,116
116/116 (134).jpg,116
116/116 (135).jpg,116
116/116 (136).jpg,116
116/116 (137).jpg,116
116/116 (138).jpg,116
116/116 (139).jpg,116
116/116 (14).jpg,116
116/116 (140).jpg,116
116/116 (141).jpg,116
116/116 (142).jpg,116
116/116 (143).jpg,116
116/116 (144).jpg,116
116/116 (145).jpg,116
116/116 (146).jpg,116
116/116 (147).jpg,116
116/116 (148).jpg,116
116/116 (149).jpg,116
116/116 (15).jpg,116
116/116 (150).jpg,116
116/116 (151).jpg,116
116/116 (152).jpg,116
116/116 (153).jpg,116
116/116 (154).jpg,116
116/116 (155).jpg,116
116/116 (156).jpg,116
116/116 (157).jpg,116
116/116 (158).jpg,116
116/116 (159).jpg,116
116/116 (16).jpg,116
116/116 (160).jpg,116
116/116 (17).jpg,116
116/116 (18).jpg,116
116/116 (19).jpg,116
116/116 (2).jpg,116
116/116 (20).jpg,116
116/116 (21).jpg,116
116/116 (22).jpg,116
116/116 (23).jpg,116
116/116 (24).jpg,116
116/116 (25).jpg,116
116/116 (26).jpg,116
116/116 (27).jpg,116
116/116 (28).jpg,116
116/116 (29).jpg,116
116/116 (3).jpg,116
116/116 (30).jpg,116
116/116 (31).jpg,116
116/116 (32).jpg,116
116/116 (33).jpg,116
116/116 (34).jpg,116
116/116 (35).jpg,116
116/116 (36).jpg,116
116/116 (37).jpg,116
116/116 (38).jpg,116
116/116 (39).jpg,116
116/116 (4).jpg,116
116/116 (40).jpg,116
116/116 (41).jpg,116
116/116 (42).jpg,116
116/116 (43).jpg,116
116/116 (44).jpg,116
116/116 (45).jpg,116
116/116 (46).jpg,116
116/116 (47).jpg,116
116/116 (48).jpg,116
116/116 (49).jpg,116
116/116 (5).jpg,116
116/116 (50).jpg,116
116/116 (51).jpg,116
116/116 (52).jpg,116
116/116 (53).jpg,116
116/116 (54).jpg,116
116/116 (55).jpg,116
116/116 (56).jpg,116
116/116 (57).jpg,116
116/116 (58).jpg,116
116/116 (59).jpg,116
116/116 (6).jpg,116
116/116 (60).jpg,116
116/116 (61).jpg,116
116/116 (62).jpg,116
116/116 (63).jpg,116
116/116 (64).jpg,116
116/116 (65).jpg,116
116/116 (66).jpg,116
116/116 (67).jpg,116
116/116 (68).jpg,116
116/116 (69).jpg,116
116/116 (7).jpg,116
116/116 (70).jpg,116
116/116 (71).jpg,116
116/116 (72).jpg,116
116/116 (73).jpg,116
116/116 (74).jpg,116
116/116 (75).jpg,116
116/116 (76).jpg,116
116/116 (77).jpg,116
116/116 (78).jpg,116
116/116 (79).jpg,116
116/116 (8).jpg,116
116/116 (80).jpg,116
116/116 (81).jpg,116
116/116 (82).jpg,116
116/116 (83).jpg,116
116/116 (84).jpg,116
116/116 (85).jpg,116
116/116 (86).jpg,116
116/116 (87).jpg,116
116/116 (88).jpg,116
116/116 (89).jpg,116
116/116 (9).jpg,116
116/116 (90).jpg,116
116/116 (91).jpg,116
116/116 (92).jpg,116
116/116 (93).jpg,116
116/116 (94).jpg,116
116/116 (95).jpg,116
116/116 (96).jpg,116
116/116 (97).jpg,116
116/116 (98).jpg,116
116/116 (99).jpg,116
117/117 (1).jpg,117
117/117 (10).jpg,117
117/117 (100).jpg,117
117/117 (101).jpg,117
117/117 (102).jpg,117
117/117 (103).jpg,117
117/117 (104).jpg,117
117/117 (105).jpg,117
117/117 (106).jpg,117
117/117 (107).jpg,117
117/117 (108).jpg,117
117/117 (109).jpg,117
117/117 (11).jpg,117
117/117 (110).jpg,117
117/117 (111).jpg,117
117/117 (112).jpg,117
117/117 (113).jpg,117
117/117 (114).jpg,117
117/117 (115).jpg,117
117/117 (116).jpg,117
117/117 (117).jpg,117
117/117 (118).jpg,117
117/117 (119).jpg,117
117/117 (12).jpg,117
117/117 (120).jpg,117
117/117 (121).jpg,117
117/117 (122).jpg,117
117/117 (123).jpg,117
117/117 (124).jpg,117
117/117 (125).jpg,117
117/117 (126).jpg,117
117/117 (127).jpg,117
117/117 (128).jpg,117
117/117 (129).jpg,117
117/117 (13).jpg,117
117/117 (130).jpg,117
117/117 (131).jpg,117
117/117 (132).jpg,117
117/117 (133).jpg,117
117/117 (134).jpg,117
117/117 (135).jpg,117
117/117 (136).jpg,117
117/117 (137).jpg,117
117/117 (138).jpg,117
117/117 (139).jpg,117
117/117 (14).jpg,117
117/117 (140).jpg,117
117/117 (141).jpg,117
117/117 (142).jpg,117
117/117 (143).jpg,117
117/117 (144).jpg,117
117/117 (145).jpg,117
117/117 (146).jpg,117
117/117 (147).jpg,117
117/117 (148).jpg,117
117/117 (149).jpg,117
117/117 (15).jpg,117
117/117 (150).jpg,117
117/117 (151).jpg,117
117/117 (152).jpg,117
117/117 (153).jpg,117
117/117 (154).jpg,117
117/117 (155).jpg,117
117/117 (156).jpg,117
117/117 (157).jpg,117
117/117 (158).jpg,117
117/117 (159).jpg,117
117/117 (16).jpg,117
117/117 (160).jpg,117
117/117 (161).jpg,117
117/117 (162).jpg,117
117/117 (163).jpg,117
117/117 (164).jpg,117
117/117 (165).jpg,117
117/117 (166).jpg,117
117/117 (167).jpg,117
117/117 (168).jpg,117
117/117 (169).jpg,117
117/117 (17).jpg,117
117/117 (170).jpg,117
117/117 (171).jpg,117
117/117 (172).jpg,117
117/117 (173).jpg,117
117/117 (174).jpg,117
117/117 (175).jpg,117
117/117 (176).jpg,117
117/117 (177).jpg,117
117/117 (178).jpg,117
117/117 (179).jpg,117
117/117 (18).jpg,117
117/117 (180).jpg,117
117/117 (181).jpg,117
117/117 (182).jpg,117
117/117 (183).jpg,117
117/117 (184).jpg,117
117/117 (185).jpg,117
117/117 (186).jpg,117
117/117 (187).jpg,117
117/117 (188).jpg,117
117/117 (189).jpg,117
117/117 (19).jpg,117
117/117 (190).jpg,117
117/117 (191).jpg,117
117/117 (192).jpg,117
117/117 (193).jpg,117
117/117 (194).jpg,117
117/117 (195).jpg,117
117/117 (196).jpg,117
117/117 (197).jpg,117
117/117 (198).jpg,117
117/117 (199).jpg,117
117/117 (2).jpg,117
117/117 (20).jpg,117
117/117 (200).jpg,117
117/117 (21).jpg,117
117/117 (22).jpg,117
117/117 (23).jpg,117
117/117 (24).jpg,117
117/117 (25).jpg,117
117/117 (26).jpg,117
117/117 (27).jpg,117
117/117 (28).jpg,117
117/117 (29).jpg,117
117/117 (3).jpg,117
117/117 (30).jpg,117
117/117 (31).jpg,117
117/117 (32).jpg,117
117/117 (33).jpg,117
117/117 (34).jpg,117
117/117 (35).jpg,117
117/117 (36).jpg,117
117/117 (37).jpg,117
117/117 (38).jpg,117
117/117 (39).jpg,117
117/117 (4).jpg,117
117/117 (40).jpg,117
117/117 (41).jpg,117
117/117 (42).jpg,117
117/117 (43).jpg,117
117/117 (44).jpg,117
117/117 (45).jpg,117
117/117 (46).jpg,117
117/117 (47).jpg,117
117/117 (48).jpg,117
117/117 (49).jpg,117
117/117 (5).jpg,117
117/117 (50).jpg,117
117/117 (51).jpg,117
117/117 (52).jpg,117
117/117 (53).jpg,117
117/117 (54).jpg,117
117/117 (55).jpg,117
117/117 (56).jpg,117
117/117 (57).jpg,117
117/117 (58).jpg,117
117/117 (59).jpg,117
117/117 (6).jpg,117
117/117 (60).jpg,117
117/117 (61).jpg,117
117/117 (62).jpg,117
117/117 (63).jpg,117
117/117 (64).jpg,117
117/117 (65).jpg,117
117/117 (66).jpg,117
117/117 (67).jpg,117
117/117 (68).jpg,117
117/117 (69).jpg,117
117/117 (7).jpg,117
117/117 (70).jpg,117
117/117 (71).jpg,117
117/117 (72).jpg,117
117/117 (73).jpg,117
117/117 (74).jpg,117
117/117 (75).jpg,117
117/117 (76).jpg,117
117/117 (77).jpg,117
117/117 (78).jpg,117
117/117 (79).jpg,117
117/117 (8).jpg,117
117/117 (80).jpg,117
117/117 (81).jpg,117
117/117 (82).jpg,117
117/117 (83).jpg,117
117/117 (84).jpg,117
117/117 (85).jpg,117
117/117 (86).jpg,117
117/117 (87).jpg,117
117/117 (88).jpg,117
117/117 (89).jpg,117
117/117 (9).jpg,117
117/117 (90).jpg,117
117/117 (91).jpg,117
117/117 (92).jpg,117
117/117 (93).jpg,117
117/117 (94).jpg,117
117/117 (95).jpg,117
117/117 (96).jpg,117
117/117 (97).jpg,117
117/117 (98).jpg,117
117/117 (99).jpg,117
118/118 (1).jpg,118
118/118 (10).jpg,118
118/118 (100).jpg,118
118/118 (101).jpg,118
118/118 (102).jpg,118
118/118 (103).jpg,118
118/118 (104).jpg,118
118/118 (105).jpg,118
118/118 (106).jpg,118
118/118 (107).jpg,118
118/118 (108).jpg,118
118/118 (109).jpg,118
118/118 (11).jpg,118
118/118 (110).jpg,118
118/118 (111).jpg,118
118/118 (112).jpg,118
118/118 (113).jpg,118
118/118 (114).jpg,118
118/118 (115).jpg,118
118/118 (116).jpg,118
118/118 (117).jpg,118
118/118 (118).jpg,118
118/118 (119).jpg,118
118/118 (12).jpg,118
118/118 (120).jpg,118
118/118 (121).jpg,118
118/118 (122).jpg,118
118/118 (123).jpg,118
118/118 (124).jpg,118
118/118 (125).jpg,118
118/118 (126).jpg,118
118/118 (127).jpg,118
118/118 (128).jpg,118
118/118 (129).jpg,118
118/118 (13).jpg,118
118/118 (130).jpg,118
118/118 (131).jpg,118
118/118 (132).jpg,118
118/118 (133).jpg,118
118/118 (134).jpg,118
118/118 (135).jpg,118
118/118 (136).jpg,118
118/118 (137).jpg,118
118/118 (138).jpg,118
118/118 (139).jpg,118
118/118 (14).jpg,118
118/118 (140).jpg,118
118/118 (141).jpg,118
118/118 (142).jpg,118
118/118 (143).jpg,118
118/118 (144).jpg,118
118/118 (145).jpg,118
118/118 (146).jpg,118
118/118 (15).jpg,118
118/118 (16).jpg,118
118/118 (17).jpg,118
118/118 (18).jpg,118
118/118 (19).jpg,118
118/118 (2).jpg,118
118/118 (20).jpg,118
118/118 (21).jpg,118
118/118 (22).jpg,118
118/118 (23).jpg,118
118/118 (24).jpg,118
118/118 (25).jpg,118
118/118 (26).jpg,118
118/118 (27).jpg,118
118/118 (28).jpg,118
118/118 (29).jpg,118
118/118 (3).jpg,118
118/118 (30).jpg,118
118/118 (31).jpg,118
118/118 (32).jpg,118
118/118 (33).jpg,118
118/118 (34).jpg,118
118/118 (35).jpg,118
118/118 (36).jpg,118
118/118 (37).jpg,118
118/118 (38).jpg,118
118/118 (39).jpg,118
118/118 (4).jpg,118
118/118 (40).jpg,118
118/118 (41).jpg,118
118/118 (42).jpg,118
118/118 (43).jpg,118
118/118 (44).jpg,118
118/118 (45).jpg,118
118/118 (46).jpg,118
118/118 (47).jpg,118
118/118 (48).jpg,118
118/118 (49).jpg,118
118/118 (5).jpg,118
118/118 (50).jpg,118
118/118 (51).jpg,118
118/118 (52).jpg,118
118/118 (53).jpg,118
118/118 (54).jpg,118
118/118 (55).jpg,118
118/118 (56).jpg,118
118/118 (57).jpg,118
118/118 (58).jpg,118
118/118 (59).jpg,118
118/118 (6).jpg,118
118/118 (60).jpg,118
118/118 (61).jpg,118
118/118 (62).jpg,118
118/118 (63).jpg,118
118/118 (64).jpg,118
118/118 (65).jpg,118
118/118 (66).jpg,118
118/118 (67).jpg,118
118/118 (68).jpg,118
118/118 (69).jpg,118
118/118 (7).jpg,118
118/118 (70).jpg,118
118/118 (71).jpg,118
118/118 (72).jpg,118
118/118 (73).jpg,118
118/118 (74).jpg,118
118/118 (75).jpg,118
118/118 (76).jpg,118
118/118 (77).jpg,118
118/118 (78).jpg,118
118/118 (79).jpg,118
118/118 (8).jpg,118
118/118 (80).jpg,118
118/118 (81).jpg,118
118/118 (82).jpg,118
118/118 (83).jpg,118
118/118 (84).jpg,118
118/118 (85).jpg,118
118/118 (86).jpg,118
118/118 (87).jpg,118
118/118 (88).jpg,118
118/118 (89).jpg,118
118/118 (9).jpg,118
118/118 (90).jpg,118
118/118 (91).jpg,118
118/118 (92).jpg,118
118/118 (93).jpg,118
118/118 (94).jpg,118
118/118 (95).jpg,118
118/118 (96).jpg,118
118/118 (97).jpg,118
118/118 (98).jpg,118
118/118 (99).jpg,118
119/119 (1).jpg,119
119/119 (10).jpg,119
119/119 (100).jpg,119
119/119 (101).jpg,119
119/119 (102).jpg,119
119/119 (103).jpg,119
119/119 (104).jpg,119
119/119 (105).jpg,119
119/119 (106).jpg,119
119/119 (107).jpg,119
119/119 (108).jpg,119
119/119 (109).jpg,119
119/119 (11).jpg,119
119/119 (110).jpg,119
119/119 (111).jpg,119
119/119 (112).jpg,119
119/119 (113).jpg,119
119/119 (114).jpg,119
119/119 (115).jpg,119
119/119 (116).jpg,119
119/119 (117).jpg,119
119/119 (118).jpg,119
119/119 (119).jpg,119
119/119 (12).jpg,119
119/119 (120).jpg,119
119/119 (121).jpg,119
119/119 (122).jpg,119
119/119 (123).jpg,119
119/119 (124).jpg,119
119/119 (125).jpg,119
119/119 (126).jpg,119
119/119 (127).jpg,119
119/119 (128).jpg,119
119/119 (129).jpg,119
119/119 (13).jpg,119
119/119 (130).jpg,119
119/119 (131).jpg,119
119/119 (132).jpg,119
119/119 (133).jpg,119
119/119 (134).jpg,119
119/119 (135).jpg,119
119/119 (136).jpg,119
119/119 (137).jpg,119
119/119 (138).jpg,119
119/119 (139).jpg,119
119/119 (14).jpg,119
119/119 (140).jpg,119
119/119 (141).jpg,119
119/119 (142).jpg,119
119/119 (143).jpg,119
119/119 (144).jpg,119
119/119 (145).jpg,119
119/119 (146).jpg,119
119/119 (147).jpg,119
119/119 (148).jpg,119
119/119 (149).jpg,119
119/119 (15).jpg,119
119/119 (150).jpg,119
119/119 (151).jpg,119
119/119 (152).jpg,119
119/119 (153).jpg,119
119/119 (154).jpg,119
119/119 (155).jpg,119
119/119 (156).jpg,119
119/119 (157).jpg,119
119/119 (158).jpg,119
119/119 (159).jpg,119
119/119 (16).jpg,119
119/119 (160).jpg,119
119/119 (161).jpg,119
119/119 (17).jpg,119
119/119 (18).jpg,119
119/119 (19).jpg,119
119/119 (2).jpg,119
119/119 (20).jpg,119
119/119 (21).jpg,119
119/119 (22).jpg,119
119/119 (23).jpg,119
119/119 (24).jpg,119
119/119 (25).jpg,119
119/119 (26).jpg,119
119/119 (27).jpg,119
119/119 (28).jpg,119
119/119 (29).jpg,119
119/119 (3).jpg,119
119/119 (30).jpg,119
119/119 (31).jpg,119
119/119 (32).jpg,119
119/119 (33).jpg,119
119/119 (34).jpg,119
119/119 (35).jpg,119
119/119 (36).jpg,119
119/119 (37).jpg,119
119/119 (38).jpg,119
119/119 (39).jpg,119
119/119 (4).jpg,119
119/119 (40).jpg,119
119/119 (41).jpg,119
119/119 (42).jpg,119
119/119 (43).jpg,119
119/119 (44).jpg,119
119/119 (45).jpg,119
119/119 (46).jpg,119
119/119 (47).jpg,119
119/119 (48).jpg,119
119/119 (49).jpg,119
119/119 (5).jpg,119
119/119 (50).jpg,119
119/119 (51).jpg,119
119/119 (52).jpg,119
119/119 (53).jpg,119
119/119 (54).jpg,119
119/119 (55).jpg,119
119/119 (56).jpg,119
119/119 (57).jpg,119
119/119 (58).jpg,119
119/119 (59).jpg,119
119/119 (6).jpg,119
119/119 (60).jpg,119
119/119 (61).jpg,119
119/119 (62).jpg,119
119/119 (63).jpg,119
119/119 (64).jpg,119
119/119 (65).jpg,119
119/119 (66).jpg,119
119/119 (67).jpg,119
119/119 (68).jpg,119
119/119 (69).jpg,119
119/119 (7).jpg,119
119/119 (70).jpg,119
119/119 (71).jpg,119
119/119 (72).jpg,119
119/119 (73).jpg,119
119/119 (74).jpg,119
119/119 (75).jpg,119
119/119 (76).jpg,119
119/119 (77).jpg,119
119/119 (78).jpg,119
119/119 (79).jpg,119
119/119 (8).jpg,119
119/119 (80).jpg,119
119/119 (81).jpg,119
119/119 (82).jpg,119
119/119 (83).jpg,119
119/119 (84).jpg,119
119/119 (85).jpg,119
119/119 (86).jpg,119
119/119 (87).jpg,119
119/119 (88).jpg,119
119/119 (89).jpg,119
119/119 (9).jpg,119
119/119 (90).jpg,119
119/119 (91).jpg,119
119/119 (92).jpg,119
119/119 (93).jpg,119
119/119 (94).jpg,119
119/119 (95).jpg,119
119/119 (96).jpg,119
119/119 (97).jpg,119
119/119 (98).jpg,119
119/119 (99).jpg,119
120/120 (1).jpg,120
120/120 (10).jpg,120
120/120 (100).jpg,120
120/120 (101).jpg,120
120/120 (102).jpg,120
120/120 (103).jpg,120
120/120 (104).jpg,120
120/120 (105).jpg,120
120/120 (106).jpg,120
120/120 (107).jpg,120
120/120 (108).jpg,120
120/120 (109).jpg,120
120/120 (11).jpg,120
120/120 (110).jpg,120
120/120 (111).jpg,120
120/120 (112).jpg,120
120/120 (113).jpg,120
120/120 (114).jpg,120
120/120 (115).jpg,120
120/120 (116).jpg,120
120/120 (117).jpg,120
120/120 (118).jpg,120
120/120 (119).jpg,120
120/120 (12).jpg,120
120/120 (120).jpg,120
120/120 (121).jpg,120
120/120 (122).jpg,120
120/120 (123).jpg,120
120/120 (124).jpg,120
120/120 (125).jpg,120
120/120 (126).jpg,120
120/120 (127).jpg,120
120/120 (128).jpg,120
120/120 (129).jpg,120
120/120 (13).jpg,120
120/120 (130).jpg,120
120/120 (131).jpg,120
120/120 (132).jpg,120
120/120 (133).jpg,120
120/120 (134).jpg,120
120/120 (135).jpg,120
120/120 (136).jpg,120
120/120 (137).jpg,120
120/120 (138).jpg,120
120/120 (139).jpg,120
120/120 (14).jpg,120
120/120 (140).jpg,120
120/120 (141).jpg,120
120/120 (142).jpg,120
120/120 (143).jpg,120
120/120 (144).jpg,120
120/120 (145).jpg,120
120/120 (146).jpg,120
120/120 (147).jpg,120
120/120 (148).jpg,120
120/120 (149).jpg,120
120/120 (15).jpg,120
120/120 (150).jpg,120
120/120 (151).jpg,120
120/120 (152).jpg,120
120/120 (153).jpg,120
120/120 (154).jpg,120
120/120 (155).jpg,120
120/120 (156).jpg,120
120/120 (157).jpg,120
120/120 (158).jpg,120
120/120 (159).jpg,120
120/120 (16).jpg,120
120/120 (160).jpg,120
120/120 (17).jpg,120
120/120 (18).jpg,120
120/120 (19).jpg,120
120/120 (2).jpg,120
120/120 (20).jpg,120
120/120 (21).jpg,120
120/120 (22).jpg,120
120/120 (23).jpg,120
120/120 (24).jpg,120
120/120 (25).jpg,120
120/120 (26).jpg,120
120/120 (27).jpg,120
120/120 (28).jpg,120
120/120 (29).jpg,120
120/120 (3).jpg,120
120/120 (30).jpg,120
120/120 (31).jpg,120
120/120 (32).jpg,120
120/120 (33).jpg,120
120/120 (34).jpg,120
120/120 (35).jpg,120
120/120 (36).jpg,120
120/120 (37).jpg,120
120/120 (38).jpg,120
120/120 (39).jpg,120
120/120 (4).jpg,120
120/120 (40).jpg,120
120/120 (41).jpg,120
120/120 (42).jpg,120
120/120 (43).jpg,120
120/120 (44).jpg,120
120/120 (45).jpg,120
120/120 (46).jpg,120
120/120 (47).jpg,120
120/120 (48).jpg,120
120/120 (49).jpg,120
120/120 (5).jpg,120
120/120 (50).jpg,120
120/120 (51).jpg,120
120/120 (52).jpg,120
120/120 (53).jpg,120
120/120 (54).jpg,120
120/120 (55).jpg,120
120/120 (56).jpg,120
120/120 (57).jpg,120
120/120 (58).jpg,120
120/120 (59).jpg,120
120/120 (6).jpg,120
120/120 (60).jpg,120
120/120 (61).jpg,120
120/120 (62).jpg,120
120/120 (63).jpg,120
120/120 (64).jpg,120
120/120 (65).jpg,120
120/120 (66).jpg,120
120/120 (67).jpg,120
120/120 (68).jpg,120
120/120 (69).jpg,120
120/120 (7).jpg,120
120/120 (70).jpg,120
120/120 (71).jpg,120
120/120 (72).jpg,120
120/120 (73).jpg,120
120/120 (74).jpg,120
120/120 (75).jpg,120
120/120 (76).jpg,120
120/120 (77).jpg,120
120/120 (78).jpg,120
120/120 (79).jpg,120
120/120 (8).jpg,120
120/120 (80).jpg,120
120/120 (81).jpg,120
120/120 (82).jpg,120
120/120 (83).jpg,120
120/120 (84).jpg,120
120/120 (85).jpg,120
120/120 (86).jpg,120
120/120 (87).jpg,120
120/120 (88).jpg,120
120/120 (89).jpg,120
120/120 (9).jpg,120
120/120 (90).jpg,120
120/120 (91).jpg,120
120/120 (92).jpg,120
120/120 (93).jpg,120
120/120 (94).jpg,120
120/120 (95).jpg,120
120/120 (96).jpg,120
120/120 (97).jpg,120
120/120 (98).jpg,120
120/120 (99).jpg,120
121/121 (1).jpg,121
121/121 (10).jpg,121
121/121 (100).jpg,121
121/121 (101).jpg,121
121/121 (102).jpg,121
121/121 (103).jpg,121
121/121 (104).jpg,121
121/121 (105).jpg,121
121/121 (106).jpg,121
121/121 (107).jpg,121
121/121 (108).jpg,121
121/121 (109).jpg,121
121/121 (11).jpg,121
121/121 (110).jpg,121
121/121 (111).jpg,121
121/121 (112).jpg,121
121/121 (113).jpg,121
121/121 (114).jpg,121
121/121 (115).jpg,121
121/121 (116).jpg,121
121/121 (117).jpg,121
121/121 (118).jpg,121
121/121 (119).jpg,121
121/121 (12).jpg,121
121/121 (120).jpg,121
121/121 (121).jpg,121
121/121 (122).jpg,121
121/121 (123).jpg,121
121/121 (124).jpg,121
121/121 (125).jpg,121
121/121 (126).jpg,121
121/121 (127).jpg,121
121/121 (128).jpg,121
121/121 (129).jpg,121
121/121 (13).jpg,121
121/121 (130).jpg,121
121/121 (131).jpg,121
121/121 (132).jpg,121
121/121 (133).jpg,121
121/121 (134).jpg,121
121/121 (135).jpg,121
121/121 (136).jpg,121
121/121 (137).jpg,121
121/121 (138).jpg,121
121/121 (139).jpg,121
121/121 (14).jpg,121
121/121 (140).jpg,121
121/121 (141).jpg,121
121/121 (142).jpg,121
121/121 (143).jpg,121
121/121 (144).jpg,121
121/121 (145).jpg,121
121/121 (146).jpg,121
121/121 (147).jpg,121
121/121 (148).jpg,121
121/121 (149).jpg,121
121/121 (15).jpg,121
121/121 (150).jpg,121
121/121 (151).jpg,121
121/121 (152).jpg,121
121/121 (153).jpg,121
121/121 (154).jpg,121
121/121 (155).jpg,121
121/121 (156).jpg,121
121/121 (157).jpg,121
121/121 (158).jpg,121
121/121 (159).jpg,121
121/121 (16).jpg,121
121/121 (160).jpg,121
121/121 (17).jpg,121
121/121 (18).jpg,121
121/121 (19).jpg,121
121/121 (2).jpg,121
121/121 (20).jpg,121
121/121 (21).jpg,121
121/121 (22).jpg,121
121/121 (23).jpg,121
121/121 (24).jpg,121
121/121 (25).jpg,121
121/121 (26).jpg,121
121/121 (27).jpg,121
121/121 (28).jpg,121
121/121 (29).jpg,121
121/121 (3).jpg,121
121/121 (30).jpg,121
121/121 (31).jpg,121
121/121 (32).jpg,121
121/121 (33).jpg,121
121/121 (34).jpg,121
121/121 (35).jpg,121
121/121 (36).jpg,121
121/121 (37).jpg,121
121/121 (38).jpg,121
121/121 (39).jpg,121
121/121 (4).jpg,121
121/121 (40).jpg,121
121/121 (41).jpg,121
121/121 (42).jpg,121
121/121 (43).jpg,121
121/121 (44).jpg,121
121/121 (45).jpg,121
121/121 (46).jpg,121
121/121 (47).jpg,121
121/121 (48).jpg,121
121/121 (49).jpg,121
121/121 (5).jpg,121
121/121 (50).jpg,121
121/121 (51).jpg,121
121/121 (52).jpg,121
121/121 (53).jpg,121
121/121 (54).jpg,121
121/121 (55).jpg,121
121/121 (56).jpg,121
121/121 (57).jpg,121
121/121 (58).jpg,121
121/121 (59).jpg,121
121/121 (6).jpg,121
121/121 (60).jpg,121
121/121 (61).jpg,121
121/121 (62).jpg,121
121/121 (63).jpg,121
121/121 (64).jpg,121
121/121 (65).jpg,121
121/121 (66).jpg,121
121/121 (67).jpg,121
121/121 (68).jpg,121
121/121 (69).jpg,121
121/121 (7).jpg,121
121/121 (70).jpg,121
121/121 (71).jpg,121
121/121 (72).jpg,121
121/121 (73).jpg,121
121/121 (74).jpg,121
121/121 (75).jpg,121
121/121 (76).jpg,121
121/121 (77).jpg,121
121/121 (78).jpg,121
121/121 (79).jpg,121
121/121 (8).jpg,121
121/121 (80).jpg,121
121/121 (81).jpg,121
121/121 (82).jpg,121
121/121 (83).jpg,121
121/121 (84).jpg,121
121/121 (85).jpg,121
121/121 (86).jpg,121
121/121 (87).jpg,121
121/121 (88).jpg,121
121/121 (89).jpg,121
121/121 (9).jpg,121
121/121 (90).jpg,121
121/121 (91).jpg,121
121/121 (92).jpg,121
121/121 (93).jpg,121
121/121 (94).jpg,121
121/121 (95).jpg,121
121/121 (96).jpg,121
121/121 (97).jpg,121
121/121 (98).jpg,121
121/121 (99).jpg,121
122/122 (1).jpg,122
122/122 (10).jpg,122
122/122 (100).jpg,122
122/122 (101).jpg,122
122/122 (102).jpg,122
122/122 (103).jpg,122
122/122 (104).jpg,122
122/122 (105).jpg,122
122/122 (106).jpg,122
122/122 (107).jpg,122
122/122 (108).jpg,122
122/122 (109).jpg,122
122/122 (11).jpg,122
122/122 (110).jpg,122
122/122 (111).jpg,122
122/122 (112).jpg,122
122/122 (113).jpg,122
122/122 (114).jpg,122
122/122 (115).jpg,122
122/122 (116).jpg,122
122/122 (117).jpg,122
122/122 (118).jpg,122
122/122 (119).jpg,122
122/122 (12).jpg,122
122/122 (120).jpg,122
122/122 (121).jpg,122
122/122 (122).jpg,122
122/122 (123).jpg,122
122/122 (124).jpg,122
122/122 (125).jpg,122
122/122 (126).jpg,122
122/122 (127).jpg,122
122/122 (128).jpg,122
122/122 (129).jpg,122
122/122 (13).jpg,122
122/122 (130).jpg,122
122/122 (131).jpg,122
122/122 (132).jpg,122
122/122 (133).jpg,122
122/122 (134).jpg,122
122/122 (135).jpg,122
122/122 (136).jpg,122
122/122 (137).jpg,122
122/122 (138).jpg,122
122/122 (139).jpg,122
122/122 (14).jpg,122
122/122 (140).jpg,122
122/122 (141).jpg,122
122/122 (142).jpg,122
122/122 (143).jpg,122
122/122 (144).jpg,122
122/122 (145).jpg,122
122/122 (146).jpg,122
122/122 (147).jpg,122
122/122 (148).jpg,122
122/122 (149).jpg,122
122/122 (15).jpg,122
122/122 (150).jpg,122
122/122 (151).jpg,122
122/122 (152).jpg,122
122/122 (153).jpg,122
122/122 (154).jpg,122
122/122 (155).jpg,122
122/122 (156).jpg,122
122/122 (157).jpg,122
122/122 (158).jpg,122
122/122 (159).jpg,122
122/122 (16).jpg,122
122/122 (160).jpg,122
122/122 (17).jpg,122
122/122 (18).jpg,122
122/122 (19).jpg,122
122/122 (2).jpg,122
122/122 (20).jpg,122
122/122 (21).jpg,122
122/122 (22).jpg,122
122/122 (23).jpg,122
122/122 (24).jpg,122
122/122 (25).jpg,122
122/122 (26).jpg,122
122/122 (27).jpg,122
122/122 (28).jpg,122
122/122 (29).jpg,122
122/122 (3).jpg,122
122/122 (30).jpg,122
122/122 (31).jpg,122
122/122 (32).jpg,122
122/122 (33).jpg,122
122/122 (34).jpg,122
122/122 (35).jpg,122
122/122 (36).jpg,122
122/122 (37).jpg,122
122/122 (38).jpg,122
122/122 (39).jpg,122
122/122 (4).jpg,122
122/122 (40).jpg,122
122/122 (41).jpg,122
122/122 (42).jpg,122
122/122 (43).jpg,122
122/122 (44).jpg,122
122/122 (45).jpg,122
122/122 (46).jpg,122
122/122 (47).jpg,122
122/122 (48).jpg,122
122/122 (49).jpg,122
122/122 (5).jpg,122
122/122 (50).jpg,122
122/122 (51).jpg,122
122/122 (52).jpg,122
122/122 (53).jpg,122
122/122 (54).jpg,122
122/122 (55).jpg,122
122/122 (56).jpg,122
122/122 (57).jpg,122
122/122 (58).jpg,122
122/122 (59).jpg,122
122/122 (6).jpg,122
122/122 (60).jpg,122
122/122 (61).jpg,122
122/122 (62).jpg,122
122/122 (63).jpg,122
122/122 (64).jpg,122
122/122 (65).jpg,122
122/122 (66).jpg,122
122/122 (67).jpg,122
122/122 (68).jpg,122
122/122 (69).jpg,122
122/122 (7).jpg,122
122/122 (70).jpg,122
122/122 (71).jpg,122
122/122 (72).jpg,122
122/122 (73).jpg,122
122/122 (74).jpg,122
122/122 (75).jpg,122
122/122 (76).jpg,122
122/122 (77).jpg,122
122/122 (78).jpg,122
122/122 (79).jpg,122
122/122 (8).jpg,122
122/122 (80).jpg,122
122/122 (81).jpg,122
122/122 (82).jpg,122
122/122 (83).jpg,122
122/122 (84).jpg,122
122/122 (85).jpg,122
122/122 (86).jpg,122
122/122 (87).jpg,122
122/122 (88).jpg,122
122/122 (89).jpg,122
122/122 (9).jpg,122
122/122 (90).jpg,122
122/122 (91).jpg,122
122/122 (92).jpg,122
122/122 (93).jpg,122
122/122 (94).jpg,122
122/122 (95).jpg,122
122/122 (96).jpg,122
122/122 (97).jpg,122
122/122 (98).jpg,122
122/122 (99).jpg,122
123/123 (1).jpg,123
123/123 (10).jpg,123
123/123 (100).jpg,123
123/123 (101).jpg,123
123/123 (102).jpg,123
123/123 (103).jpg,123
123/123 (104).jpg,123
123/123 (105).jpg,123
123/123 (106).jpg,123
123/123 (107).jpg,123
123/123 (108).jpg,123
123/123 (109).jpg,123
123/123 (11).jpg,123
123/123 (110).jpg,123
123/123 (111).jpg,123
123/123 (112).jpg,123
123/123 (113).jpg,123
123/123 (114).jpg,123
123/123 (115).jpg,123
123/123 (116).jpg,123
123/123 (117).jpg,123
123/123 (118).jpg,123
123/123 (119).jpg,123
123/123 (12).jpg,123
123/123 (120).jpg,123
123/123 (121).jpg,123
123/123 (122).jpg,123
123/123 (123).jpg,123
123/123 (124).jpg,123
123/123 (125).jpg,123
123/123 (126).jpg,123
123/123 (127).jpg,123
123/123 (128).jpg,123
123/123 (129).jpg,123
123/123 (13).jpg,123
123/123 (130).jpg,123
123/123 (131).jpg,123
123/123 (132).jpg,123
123/123 (133).jpg,123
123/123 (134).jpg,123
123/123 (135).jpg,123
123/123 (136).jpg,123
123/123 (137).jpg,123
123/123 (138).jpg,123
123/123 (139).jpg,123
123/123 (14).jpg,123
123/123 (140).jpg,123
123/123 (141).jpg,123
123/123 (142).jpg,123
123/123 (143).jpg,123
123/123 (144).jpg,123
123/123 (145).jpg,123
123/123 (146).jpg,123
123/123 (147).jpg,123
123/123 (148).jpg,123
123/123 (149).jpg,123
123/123 (15).jpg,123
123/123 (150).jpg,123
123/123 (151).jpg,123
123/123 (152).jpg,123
123/123 (153).jpg,123
123/123 (154).jpg,123
123/123 (155).jpg,123
123/123 (156).jpg,123
123/123 (157).jpg,123
123/123 (158).jpg,123
123/123 (159).jpg,123
123/123 (16).jpg,123
123/123 (160).jpg,123
123/123 (161).jpg,123
123/123 (162).jpg,123
123/123 (163).jpg,123
123/123 (164).jpg,123
123/123 (165).jpg,123
123/123 (166).jpg,123
123/123 (167).jpg,123
123/123 (168).jpg,123
123/123 (169).jpg,123
123/123 (17).jpg,123
123/123 (170).jpg,123
123/123 (171).jpg,123
123/123 (172).jpg,123
123/123 (173).jpg,123
123/123 (174).jpg,123
123/123 (175).jpg,123
123/123 (176).jpg,123
123/123 (177).jpg,123
123/123 (178).jpg,123
123/123 (179).jpg,123
123/123 (18).jpg,123
123/123 (180).jpg,123
123/123 (181).jpg,123
123/123 (182).jpg,123
123/123 (19).jpg,123
123/123 (2).jpg,123
123/123 (20).jpg,123
123/123 (21).jpg,123
123/123 (22).jpg,123
123/123 (23).jpg,123
123/123 (24).jpg,123
123/123 (25).jpg,123
123/123 (26).jpg,123
123/123 (27).jpg,123
123/123 (28).jpg,123
123/123 (29).jpg,123
123/123 (3).jpg,123
123/123 (30).jpg,123
123/123 (31).jpg,123
123/123 (32).jpg,123
123/123 (33).jpg,123
123/123 (34).jpg,123
123/123 (35).jpg,123
123/123 (36).jpg,123
123/123 (37).jpg,123
123/123 (38).jpg,123
123/123 (39).jpg,123
123/123 (4).jpg,123
123/123 (40).jpg,123
123/123 (41).jpg,123
123/123 (42).jpg,123
123/123 (43).jpg,123
123/123 (44).jpg,123
123/123 (45).jpg,123
123/123 (46).jpg,123
123/123 (47).jpg,123
123/123 (48).jpg,123
123/123 (49).jpg,123
123/123 (5).jpg,123
123/123 (50).jpg,123
123/123 (51).jpg,123
123/123 (52).jpg,123
123/123 (53).jpg,123
123/123 (54).jpg,123
123/123 (55).jpg,123
123/123 (56).jpg,123
123/123 (57).jpg,123
123/123 (58).jpg,123
123/123 (59).jpg,123
123/123 (6).jpg,123
123/123 (60).jpg,123
123/123 (61).jpg,123
123/123 (62).jpg,123
123/123 (63).jpg,123
123/123 (64).jpg,123
123/123 (65).jpg,123
123/123 (66).jpg,123
123/123 (67).jpg,123
123/123 (68).jpg,123
123/123 (69).jpg,123
123/123 (7).jpg,123
123/123 (70).jpg,123
123/123 (71).jpg,123
123/123 (72).jpg,123
123/123 (73).jpg,123
123/123 (74).jpg,123
123/123 (75).jpg,123
123/123 (76).jpg,123
123/123 (77).jpg,123
123/123 (78).jpg,123
123/123 (79).jpg,123
123/123 (8).jpg,123
123/123 (80).jpg,123
123/123 (81).jpg,123
123/123 (82).jpg,123
123/123 (83).jpg,123
123/123 (84).jpg,123
123/123 (85).jpg,123
123/123 (86).jpg,123
123/123 (87).jpg,123
123/123 (88).jpg,123
123/123 (89).jpg,123
123/123 (9).jpg,123
123/123 (90).jpg,123
123/123 (91).jpg,123
123/123 (92).jpg,123
123/123 (93).jpg,123
123/123 (94).jpg,123
123/123 (95).jpg,123
123/123 (96).jpg,123
123/123 (97).jpg,123
123/123 (98).jpg,123
123/123 (99).jpg,123
124/124 (1).jpg,124
124/124 (10).jpg,124
124/124 (100).jpg,124
124/124 (101).jpg,124
124/124 (102).jpg,124
124/124 (103).jpg,124
124/124 (104).jpg,124
124/124 (105).jpg,124
124/124 (106).jpg,124
124/124 (107).jpg,124
124/124 (108).jpg,124
124/124 (109).jpg,124
124/124 (11).jpg,124
124/124 (110).jpg,124
124/124 (111).jpg,124
124/124 (112).jpg,124
124/124 (113).jpg,124
124/124 (114).jpg,124
124/124 (115).jpg,124
124/124 (116).jpg,124
124/124 (117).jpg,124
124/124 (118).jpg,124
124/124 (119).jpg,124
124/124 (12).jpg,124
124/124 (120).jpg,124
124/124 (121).jpg,124
124/124 (122).jpg,124
124/124 (123).jpg,124
124/124 (124).jpg,124
124/124 (125).jpg,124
124/124 (126).jpg,124
124/124 (127).jpg,124
124/124 (128).jpg,124
124/124 (129).jpg,124
124/124 (13).jpg,124
124/124 (130).jpg,124
124/124 (131).jpg,124
124/124 (132).jpg,124
124/124 (133).jpg,124
124/124 (134).jpg,124
124/124 (135).jpg,124
124/124 (136).jpg,124
124/124 (137).jpg,124
124/124 (138).jpg,124
124/124 (139).jpg,124
124/124 (14).jpg,124
124/124 (140).jpg,124
124/124 (141).jpg,124
124/124 (142).jpg,124
124/124 (143).jpg,124
124/124 (144).jpg,124
124/124 (145).jpg,124
124/124 (146).jpg,124
124/124 (147).jpg,124
124/124 (148).jpg,124
124/124 (149).jpg,124
124/124 (15).jpg,124
124/124 (150).jpg,124
124/124 (151).jpg,124
124/124 (152).jpg,124
124/124 (153).jpg,124
124/124 (154).jpg,124
124/124 (155).jpg,124
124/124 (156).jpg,124
124/124 (157).jpg,124
124/124 (158).jpg,124
124/124 (159).jpg,124
124/124 (16).jpg,124
124/124 (160).jpg,124
124/124 (17).jpg,124
124/124 (18).jpg,124
124/124 (19).jpg,124
124/124 (2).jpg,124
124/124 (20).jpg,124
124/124 (21).jpg,124
124/124 (22).jpg,124
124/124 (23).jpg,124
124/124 (24).jpg,124
124/124 (25).jpg,124
124/124 (26).jpg,124
124/124 (27).jpg,124
124/124 (28).jpg,124
124/124 (29).jpg,124
124/124 (3).jpg,124
124/124 (30).jpg,124
124/124 (31).jpg,124
124/124 (32).jpg,124
124/124 (33).jpg,124
124/124 (34).jpg,124
124/124 (35).jpg,124
124/124 (36).jpg,124
124/124 (37).jpg,124
124/124 (38).jpg,124
124/124 (39).jpg,124
124/124 (4).jpg,124
124/124 (40).jpg,124
124/124 (41).jpg,124
124/124 (42).jpg,124
124/124 (43).jpg,124
124/124 (44).jpg,124
124/124 (45).jpg,124
124/124 (46).jpg,124
124/124 (47).jpg,124
124/124 (48).jpg,124
124/124 (49).jpg,124
124/124 (5).jpg,124
124/124 (50).jpg,124
124/124 (51).jpg,124
124/124 (52).jpg,124
124/124 (53).jpg,124
124/124 (54).jpg,124
124/124 (55).jpg,124
124/124 (56).jpg,124
124/124 (57).jpg,124
124/124 (58).jpg,124
124/124 (59).jpg,124
124/124 (6).jpg,124
124/124 (60).jpg,124
124/124 (61).jpg,124
124/124 (62).jpg,124
124/124 (63).jpg,124
124/124 (64).jpg,124
124/124 (65).jpg,124
124/124 (66).jpg,124
124/124 (67).jpg,124
124/124 (68).jpg,124
124/124 (69).jpg,124
124/124 (7).jpg,124
124/124 (70).jpg,124
124/124 (71).jpg,124
124/124 (72).jpg,124
124/124 (73).jpg,124
124/124 (74).jpg,124
124/124 (75).jpg,124
124/124 (76).jpg,124
124/124 (77).jpg,124
124/124 (78).jpg,124
124/124 (79).jpg,124
124/124 (8).jpg,124
124/124 (80).jpg,124
124/124 (81).jpg,124
124/124 (82).jpg,124
124/124 (83).jpg,124
124/124 (84).jpg,124
124/124 (85).jpg,124
124/124 (86).jpg,124
124/124 (87).jpg,124
124/124 (88).jpg,124
124/124 (89).jpg,124
124/124 (9).jpg,124
124/124 (90).jpg,124
124/124 (91).jpg,124
124/124 (92).jpg,124
124/124 (93).jpg,124
124/124 (94).jpg,124
124/124 (95).jpg,124
124/124 (96).jpg,124
124/124 (97).jpg,124
124/124 (98).jpg,124
124/124 (99).jpg,124
125/125 (1).jpg,125
125/125 (10).jpg,125
125/125 (100).jpg,125
125/125 (101).jpg,125
125/125 (102).jpg,125
125/125 (103).jpg,125
125/125 (104).jpg,125
125/125 (105).jpg,125
125/125 (106).jpg,125
125/125 (107).jpg,125
125/125 (108).jpg,125
125/125 (109).jpg,125
125/125 (11).jpg,125
125/125 (110).jpg,125
125/125 (111).jpg,125
125/125 (112).jpg,125
125/125 (113).jpg,125
125/125 (114).jpg,125
125/125 (115).jpg,125
125/125 (116).jpg,125
125/125 (117).jpg,125
125/125 (118).jpg,125
125/125 (119).jpg,125
125/125 (12).jpg,125
125/125 (120).jpg,125
125/125 (121).jpg,125
125/125 (122).jpg,125
125/125 (123).jpg,125
125/125 (124).jpg,125
125/125 (125).jpg,125
125/125 (126).jpg,125
125/125 (127).jpg,125
125/125 (128).jpg,125
125/125 (129).jpg,125
125/125 (13).jpg,125
125/125 (130).jpg,125
125/125 (131).jpg,125
125/125 (132).jpg,125
125/125 (133).jpg,125
125/125 (134).jpg,125
125/125 (135).jpg,125
125/125 (136).jpg,125
125/125 (137).jpg,125
125/125 (138).jpg,125
125/125 (139).jpg,125
125/125 (14).jpg,125
125/125 (140).jpg,125
125/125 (141).jpg,125
125/125 (142).jpg,125
125/125 (143).jpg,125
125/125 (144).jpg,125
125/125 (145).jpg,125
125/125 (146).jpg,125
125/125 (147).jpg,125
125/125 (148).jpg,125
125/125 (149).jpg,125
125/125 (15).jpg,125
125/125 (150).jpg,125
125/125 (151).jpg,125
125/125 (152).jpg,125
125/125 (153).jpg,125
125/125 (154).jpg,125
125/125 (155).jpg,125
125/125 (156).jpg,125
125/125 (157).jpg,125
125/125 (158).jpg,125
125/125 (159).jpg,125
125/125 (16).jpg,125
125/125 (160).jpg,125
125/125 (161).jpg,125
125/125 (162).jpg,125
125/125 (163).jpg,125
125/125 (164).jpg,125
125/125 (165).jpg,125
125/125 (166).jpg,125
125/125 (167).jpg,125
125/125 (168).jpg,125
125/125 (169).jpg,125
125/125 (17).jpg,125
125/125 (170).jpg,125
125/125 (171).jpg,125
125/125 (172).jpg,125
125/125 (173).jpg,125
125/125 (174).jpg,125
125/125 (175).jpg,125
125/125 (176).jpg,125
125/125 (177).jpg,125
125/125 (178).jpg,125
125/125 (179).jpg,125
125/125 (18).jpg,125
125/125 (180).jpg,125
125/125 (181).jpg,125
125/125 (182).jpg,125
125/125 (183).jpg,125
125/125 (184).jpg,125
125/125 (185).jpg,125
125/125 (186).jpg,125
125/125 (187).jpg,125
125/125 (188).jpg,125
125/125 (189).jpg,125
125/125 (19).jpg,125
125/125 (190).jpg,125
125/125 (191).jpg,125
125/125 (192).jpg,125
125/125 (193).jpg,125
125/125 (194).jpg,125
125/125 (195).jpg,125
125/125 (196).jpg,125
125/125 (197).jpg,125
125/125 (198).jpg,125
125/125 (199).jpg,125
125/125 (2).jpg,125
125/125 (20).jpg,125
125/125 (200).jpg,125
125/125 (201).jpg,125
125/125 (21).jpg,125
125/125 (22).jpg,125
125/125 (23).jpg,125
125/125 (24).jpg,125
125/125 (25).jpg,125
125/125 (26).jpg,125
125/125 (27).jpg,125
125/125 (28).jpg,125
125/125 (29).jpg,125
125/125 (3).jpg,125
125/125 (30).jpg,125
125/125 (31).jpg,125
125/125 (32).jpg,125
125/125 (33).jpg,125
125/125 (34).jpg,125
125/125 (35).jpg,125
125/125 (36).jpg,125
125/125 (37).jpg,125
125/125 (38).jpg,125
125/125 (39).jpg,125
125/125 (4).jpg,125
125/125 (40).jpg,125
125/125 (41).jpg,125
125/125 (42).jpg,125
125/125 (43).jpg,125
125/125 (44).jpg,125
125/125 (45).jpg,125
125/125 (46).jpg,125
125/125 (47).jpg,125
125/125 (48).jpg,125
125/125 (49).jpg,125
125/125 (5).jpg,125
125/125 (50).jpg,125
125/125 (51).jpg,125
125/125 (52).jpg,125
125/125 (53).jpg,125
125/125 (54).jpg,125
125/125 (55).jpg,125
125/125 (56).jpg,125
125/125 (57).jpg,125
125/125 (58).jpg,125
125/125 (59).jpg,125
125/125 (6).jpg,125
125/125 (60).jpg,125
125/125 (61).jpg,125
125/125 (62).jpg,125
125/125 (63).jpg,125
125/125 (64).jpg,125
125/125 (65).jpg,125
125/125 (66).jpg,125
125/125 (67).jpg,125
125/125 (68).jpg,125
125/125 (69).jpg,125
125/125 (7).jpg,125
125/125 (70).jpg,125
125/125 (71).jpg,125
125/125 (72).jpg,125
125/125 (73).jpg,125
125/125 (74).jpg,125
125/125 (75).jpg,125
125/125 (76).jpg,125
125/125 (77).jpg,125
125/125 (78).jpg,125
125/125 (79).jpg,125
125/125 (8).jpg,125
125/125 (80).jpg,125
125/125 (81).jpg,125
125/125 (82).jpg,125
125/125 (83).jpg,125
125/125 (84).jpg,125
125/125 (85).jpg,125
125/125 (86).jpg,125
125/125 (87).jpg,125
125/125 (88).jpg,125
125/125 (89).jpg,125
125/125 (9).jpg,125
125/125 (90).jpg,125
125/125 (91).jpg,125
125/125 (92).jpg,125
125/125 (93).jpg,125
125/125 (94).jpg,125
125/125 (95).jpg,125
125/125 (96).jpg,125
125/125 (97).jpg,125
125/125 (98).jpg,125
125/125 (99).jpg,125
126/126 (1).jpg,126
126/126 (10).jpg,126
126/126 (100).jpg,126
126/126 (101).jpg,126
126/126 (102).jpg,126
126/126 (103).jpg,126
126/126 (104).jpg,126
126/126 (105).jpg,126
126/126 (106).jpg,126
126/126 (107).jpg,126
126/126 (108).jpg,126
126/126 (109).jpg,126
126/126 (11).jpg,126
126/126 (110).jpg,126
126/126 (111).jpg,126
126/126 (112).jpg,126
126/126 (113).jpg,126
126/126 (114).jpg,126
126/126 (115).jpg,126
126/126 (116).jpg,126
126/126 (117).jpg,126
126/126 (118).jpg,126
126/126 (119).jpg,126
126/126 (12).jpg,126
126/126 (120).jpg,126
126/126 (121).jpg,126
126/126 (122).jpg,126
126/126 (123).jpg,126
126/126 (124).jpg,126
126/126 (125).jpg,126
126/126 (126).jpg,126
126/126 (127).jpg,126
126/126 (128).jpg,126
126/126 (129).jpg,126
126/126 (13).jpg,126
126/126 (130).jpg,126
126/126 (131).jpg,126
126/126 (132).jpg,126
126/126 (133).jpg,126
126/126 (134).jpg,126
126/126 (135).jpg,126
126/126 (136).jpg,126
126/126 (137).jpg,126
126/126 (138).jpg,126
126/126 (139).jpg,126
126/126 (14).jpg,126
126/126 (140).jpg,126
126/126 (141).jpg,126
126/126 (142).jpg,126
126/126 (143).jpg,126
126/126 (15).jpg,126
126/126 (16).jpg,126
126/126 (17).jpg,126
126/126 (18).jpg,126
126/126 (19).jpg,126
126/126 (2).jpg,126
126/126 (20).jpg,126
126/126 (21).jpg,126
126/126 (22).jpg,126
126/126 (23).jpg,126
126/126 (24).jpg,126
126/126 (25).jpg,126
126/126 (26).jpg,126
126/126 (27).jpg,126
126/126 (28).jpg,126
126/126 (29).jpg,126
126/126 (3).jpg,126
126/126 (30).jpg,126
126/126 (31).jpg,126
126/126 (32).jpg,126
126/126 (33).jpg,126
126/126 (34).jpg,126
126/126 (35).jpg,126
126/126 (36).jpg,126
126/126 (37).jpg,126
126/126 (38).jpg,126
126/126 (39).jpg,126
126/126 (4).jpg,126
126/126 (40).jpg,126
126/126 (41).jpg,126
126/126 (42).jpg,126
126/126 (43).jpg,126
126/126 (44).jpg,126
126/126 (45).jpg,126
126/126 (46).jpg,126
126/126 (47).jpg,126
126/126 (48).jpg,126
126/126 (49).jpg,126
126/126 (5).jpg,126
126/126 (50).jpg,126
126/126 (51).jpg,126
126/126 (52).jpg,126
126/126 (53).jpg,126
126/126 (54).jpg,126
126/126 (55).jpg,126
126/126 (56).jpg,126
126/126 (57).jpg,126
126/126 (58).jpg,126
126/126 (59).jpg,126
126/126 (6).jpg,126
126/126 (60).jpg,126
126/126 (61).jpg,126
126/126 (62).jpg,126
126/126 (63).jpg,126
126/126 (64).jpg,126
126/126 (65).jpg,126
126/126 (66).jpg,126
126/126 (67).jpg,126
126/126 (68).jpg,126
126/126 (69).jpg,126
126/126 (7).jpg,126
126/126 (70).jpg,126
126/126 (71).jpg,126
126/126 (72).jpg,126
126/126 (73).jpg,126
126/126 (74).jpg,126
126/126 (75).jpg,126
126/126 (76).jpg,126
126/126 (77).jpg,126
126/126 (78).jpg,126
126/126 (79).jpg,126
126/126 (8).jpg,126
126/126 (80).jpg,126
126/126 (81).jpg,126
126/126 (82).jpg,126
126/126 (83).jpg,126
126/126 (84).jpg,126
126/126 (85).jpg,126
126/126 (86).jpg,126
126/126 (87).jpg,126
126/126 (88).jpg,126
126/126 (89).jpg,126
126/126 (9).jpg,126
126/126 (90).jpg,126
126/126 (91).jpg,126
126/126 (92).jpg,126
126/126 (93).jpg,126
126/126 (94).jpg,126
126/126 (95).jpg,126
126/126 (96).jpg,126
126/126 (97).jpg,126
126/126 (98).jpg,126
126/126 (99).jpg,126
127/127 (1).jpg,127
127/127 (10).jpg,127
127/127 (100).jpg,127
127/127 (101).jpg,127
127/127 (102).jpg,127
127/127 (103).jpg,127
127/127 (104).jpg,127
127/127 (105).jpg,127
127/127 (106).jpg,127
127/127 (107).jpg,127
127/127 (108).jpg,127
127/127 (109).jpg,127
127/127 (11).jpg,127
127/127 (110).jpg,127
127/127 (111).jpg,127
127/127 (112).jpg,127
127/127 (113).jpg,127
127/127 (114).jpg,127
127/127 (115).jpg,127
127/127 (116).jpg,127
127/127 (117).jpg,127
127/127 (118).jpg,127
127/127 (119).jpg,127
127/127 (12).jpg,127
127/127 (120).jpg,127
127/127 (121).jpg,127
127/127 (122).jpg,127
127/127 (123).jpg,127
127/127 (124).jpg,127
127/127 (125).jpg,127
127/127 (126).jpg,127
127/127 (127).jpg,127
127/127 (128).jpg,127
127/127 (129).jpg,127
127/127 (13).jpg,127
127/127 (130).jpg,127
127/127 (131).jpg,127
127/127 (132).jpg,127
127/127 (133).jpg,127
127/127 (134).jpg,127
127/127 (135).jpg,127
127/127 (136).jpg,127
127/127 (137).jpg,127
127/127 (138).jpg,127
127/127 (139).jpg,127
127/127 (14).jpg,127
127/127 (140).jpg,127
127/127 (141).jpg,127
127/127 (142).jpg,127
127/127 (143).jpg,127
127/127 (144).jpg,127
127/127 (145).jpg,127
127/127 (146).jpg,127
127/127 (147).jpg,127
127/127 (148).jpg,127
127/127 (149).jpg,127
127/127 (15).jpg,127
127/127 (150).jpg,127
127/127 (151).jpg,127
127/127 (152).jpg,127
127/127 (153).jpg,127
127/127 (154).jpg,127
127/127 (155).jpg,127
127/127 (156).jpg,127
127/127 (157).jpg,127
127/127 (158).jpg,127
127/127 (159).jpg,127
127/127 (16).jpg,127
127/127 (160).jpg,127
127/127 (17).jpg,127
127/127 (18).jpg,127
127/127 (19).jpg,127
127/127 (2).jpg,127
127/127 (20).jpg,127
127/127 (21).jpg,127
127/127 (22).jpg,127
127/127 (23).jpg,127
127/127 (24).jpg,127
127/127 (25).jpg,127
127/127 (26).jpg,127
127/127 (27).jpg,127
127/127 (28).jpg,127
127/127 (29).jpg,127
127/127 (3).jpg,127
127/127 (30).jpg,127
127/127 (31).jpg,127
127/127 (32).jpg,127
127/127 (33).jpg,127
127/127 (34).jpg,127
127/127 (35).jpg,127
127/127 (36).jpg,127
127/127 (37).jpg,127
127/127 (38).jpg,127
127/127 (39).jpg,127
127/127 (4).jpg,127
127/127 (40).jpg,127
127/127 (41).jpg,127
127/127 (42).jpg,127
127/127 (43).jpg,127
127/127 (44).jpg,127
127/127 (45).jpg,127
127/127 (46).jpg,127
127/127 (47).jpg,127
127/127 (48).jpg,127
127/127 (49).jpg,127
127/127 (5).jpg,127
127/127 (50).jpg,127
127/127 (51).jpg,127
127/127 (52).jpg,127
127/127 (53).jpg,127
127/127 (54).jpg,127
127/127 (55).jpg,127
127/127 (56).jpg,127
127/127 (57).jpg,127
127/127 (58).jpg,127
127/127 (59).jpg,127
127/127 (6).jpg,127
127/127 (60).jpg,127
127/127 (61).jpg,127
127/127 (62).jpg,127
127/127 (63).jpg,127
127/127 (64).jpg,127
127/127 (65).jpg,127
127/127 (66).jpg,127
127/127 (67).jpg,127
127/127 (68).jpg,127
127/127 (69).jpg,127
127/127 (7).jpg,127
127/127 (70).jpg,127
127/127 (71).jpg,127
127/127 (72).jpg,127
127/127 (73).jpg,127
127/127 (74).jpg,127
127/127 (75).jpg,127
127/127 (76).jpg,127
127/127 (77).jpg,127
127/127 (78).jpg,127
127/127 (79).jpg,127
127/127 (8).jpg,127
127/127 (80).jpg,127
127/127 (81).jpg,127
127/127 (82).jpg,127
127/127 (83).jpg,127
127/127 (84).jpg,127
127/127 (85).jpg,127
127/127 (86).jpg,127
127/127 (87).jpg,127
127/127 (88).jpg,127
127/127 (89).jpg,127
127/127 (9).jpg,127
127/127 (90).jpg,127
127/127 (91).jpg,127
127/127 (92).jpg,127
127/127 (93).jpg,127
127/127 (94).jpg,127
127/127 (95).jpg,127
127/127 (96).jpg,127
127/127 (97).jpg,127
127/127 (98).jpg,127
127/127 (99).jpg,127
128/128 (1).jpg,128
128/128 (10).jpg,128
128/128 (100).jpg,128
128/128 (101).jpg,128
128/128 (102).jpg,128
128/128 (103).jpg,128
128/128 (104).jpg,128
128/128 (105).jpg,128
128/128 (106).jpg,128
128/128 (107).jpg,128
128/128 (108).jpg,128
128/128 (109).jpg,128
128/128 (11).jpg,128
128/128 (110).jpg,128
128/128 (111).jpg,128
128/128 (112).jpg,128
128/128 (113).jpg,128
128/128 (114).jpg,128
128/128 (115).jpg,128
128/128 (116).jpg,128
128/128 (117).jpg,128
128/128 (118).jpg,128
128/128 (119).jpg,128
128/128 (12).jpg,128
128/128 (120).jpg,128
128/128 (121).jpg,128
128/128 (122).jpg,128
128/128 (123).jpg,128
128/128 (124).jpg,128
128/128 (125).jpg,128
128/128 (126).jpg,128
128/128 (127).jpg,128
128/128 (128).jpg,128
128/128 (129).jpg,128
128/128 (13).jpg,128
128/128 (130).jpg,128
128/128 (131).jpg,128
128/128 (132).jpg,128
128/128 (133).jpg,128
128/128 (134).jpg,128
128/128 (135).jpg,128
128/128 (136).jpg,128
128/128 (137).jpg,128
128/128 (138).jpg,128
128/128 (139).jpg,128
128/128 (14).jpg,128
128/128 (140).jpg,128
128/128 (141).jpg,128
128/128 (142).jpg,128
128/128 (143).jpg,128
128/128 (144).jpg,128
128/128 (145).jpg,128
128/128 (146).jpg,128
128/128 (147).jpg,128
128/128 (148).jpg,128
128/128 (149).jpg,128
128/128 (15).jpg,128
128/128 (150).jpg,128
128/128 (151).jpg,128
128/128 (152).jpg,128
128/128 (153).jpg,128
128/128 (154).jpg,128
128/128 (155).jpg,128
128/128 (156).jpg,128
128/128 (157).jpg,128
128/128 (158).jpg,128
128/128 (159).jpg,128
128/128 (16).jpg,128
128/128 (160).jpg,128
128/128 (161).jpg,128
128/128 (162).jpg,128
128/128 (163).jpg,128
128/128 (164).jpg,128
128/128 (165).jpg,128
128/128 (166).jpg,128
128/128 (167).jpg,128
128/128 (168).jpg,128
128/128 (169).jpg,128
128/128 (17).jpg,128
128/128 (170).jpg,128
128/128 (171).jpg,128
128/128 (172).jpg,128
128/128 (173).jpg,128
128/128 (174).jpg,128
128/128 (175).jpg,128
128/128 (176).jpg,128
128/128 (177).jpg,128
128/128 (178).jpg,128
128/128 (179).jpg,128
128/128 (18).jpg,128
128/128 (19).jpg,128
128/128 (2).jpg,128
128/128 (20).jpg,128
128/128 (21).jpg,128
128/128 (22).jpg,128
128/128 (23).jpg,128
128/128 (24).jpg,128
128/128 (25).jpg,128
128/128 (26).jpg,128
128/128 (27).jpg,128
128/128 (28).jpg,128
128/128 (29).jpg,128
128/128 (3).jpg,128
128/128 (30).jpg,128
128/128 (31).jpg,128
128/128 (32).jpg,128
128/128 (33).jpg,128
128/128 (34).jpg,128
128/128 (35).jpg,128
128/128 (36).jpg,128
128/128 (37).jpg,128
128/128 (38).jpg,128
128/128 (39).jpg,128
128/128 (4).jpg,128
128/128 (40).jpg,128
128/128 (41).jpg,128
128/128 (42).jpg,128
128/128 (43).jpg,128
128/128 (44).jpg,128
128/128 (45).jpg,128
128/128 (46).jpg,128
128/128 (47).jpg,128
128/128 (48).jpg,128
128/128 (49).jpg,128
128/128 (5).jpg,128
128/128 (50).jpg,128
128/128 (51).jpg,128
128/128 (52).jpg,128
128/128 (53).jpg,128
128/128 (54).jpg,128
128/128 (55).jpg,128
128/128 (56).jpg,128
128/128 (57).jpg,128
128/128 (58).jpg,128
128/128 (59).jpg,128
128/128 (6).jpg,128
128/128 (60).jpg,128
128/128 (61).jpg,128
128/128 (62).jpg,128
128/128 (63).jpg,128
128/128 (64).jpg,128
128/128 (65).jpg,128
128/128 (66).jpg,128
128/128 (67).jpg,128
128/128 (68).jpg,128
128/128 (69).jpg,128
128/128 (7).jpg,128
128/128 (70).jpg,128
128/128 (71).jpg,128
128/128 (72).jpg,128
128/128 (73).jpg,128
128/128 (74).jpg,128
128/128 (75).jpg,128
128/128 (76).jpg,128
128/128 (77).jpg,128
128/128 (78).jpg,128
128/128 (79).jpg,128
128/128 (8).jpg,128
128/128 (80).jpg,128
128/128 (81).jpg,128
128/128 (82).jpg,128
128/128 (83).jpg,128
128/128 (84).jpg,128
128/128 (85).jpg,128
128/128 (86).jpg,128
128/128 (87).jpg,128
128/128 (88).jpg,128
128/128 (89).jpg,128
128/128 (9).jpg,128
128/128 (90).jpg,128
128/128 (91).jpg,128
128/128 (92).jpg,128
128/128 (93).jpg,128
128/128 (94).jpg,128
128/128 (95).jpg,128
128/128 (96).jpg,128
128/128 (97).jpg,128
128/128 (98).jpg,128
128/128 (99).jpg,128
129/129 (1).jpg,129
129/129 (10).jpg,129
129/129 (100).jpg,129
129/129 (101).jpg,129
129/129 (102).jpg,129
129/129 (103).jpg,129
129/129 (104).jpg,129
129/129 (105).jpg,129
129/129 (106).jpg,129
129/129 (107).jpg,129
129/129 (108).jpg,129
129/129 (109).jpg,129
129/129 (11).jpg,129
129/129 (110).jpg,129
129/129 (111).jpg,129
129/129 (112).jpg,129
129/129 (113).jpg,129
129/129 (114).jpg,129
129/129 (115).jpg,129
129/129 (116).jpg,129
129/129 (117).jpg,129
129/129 (118).jpg,129
129/129 (119).jpg,129
129/129 (12).jpg,129
129/129 (120).jpg,129
129/129 (121).jpg,129
129/129 (122).jpg,129
129/129 (123).jpg,129
129/129 (124).jpg,129
129/129 (125).jpg,129
129/129 (126).jpg,129
129/129 (127).jpg,129
129/129 (128).jpg,129
129/129 (129).jpg,129
129/129 (13).jpg,129
129/129 (130).jpg,129
129/129 (131).jpg,129
129/129 (132).jpg,129
129/129 (133).jpg,129
129/129 (134).jpg,129
129/129 (135).jpg,129
129/129 (136).jpg,129
129/129 (137).jpg,129
129/129 (138).jpg,129
129/129 (139).jpg,129
129/129 (14).jpg,129
129/129 (140).jpg,129
129/129 (141).jpg,129
129/129 (15).jpg,129
129/129 (16).jpg,129
129/129 (17).jpg,129
129/129 (18).jpg,129
129/129 (19).jpg,129
129/129 (2).jpg,129
129/129 (20).jpg,129
129/129 (21).jpg,129
129/129 (22).jpg,129
129/129 (23).jpg,129
129/129 (24).jpg,129
129/129 (25).jpg,129
129/129 (26).jpg,129
129/129 (27).jpg,129
129/129 (28).jpg,129
129/129 (29).jpg,129
129/129 (3).jpg,129
129/129 (30).jpg,129
129/129 (31).jpg,129
129/129 (32).jpg,129
129/129 (33).jpg,129
129/129 (34).jpg,129
129/129 (35).jpg,129
129/129 (36).jpg,129
129/129 (37).jpg,129
129/129 (38).jpg,129
129/129 (39).jpg,129
129/129 (4).jpg,129
129/129 (40).jpg,129
129/129 (41).jpg,129
129/129 (42).jpg,129
129/129 (43).jpg,129
129/129 (44).jpg,129
129/129 (45).jpg,129
129/129 (46).jpg,129
129/129 (47).jpg,129
129/129 (48).jpg,129
129/129 (49).jpg,129
129/129 (5).jpg,129
129/129 (50).jpg,129
129/129 (51).jpg,129
129/129 (52).jpg,129
129/129 (53).jpg,129
129/129 (54).jpg,129
129/129 (55).jpg,129
129/129 (56).jpg,129
129/129 (57).jpg,129
129/129 (58).jpg,129
129/129 (59).jpg,129
129/129 (6).jpg,129
129/129 (60).jpg,129
129/129 (61).jpg,129
129/129 (62).jpg,129
129/129 (63).jpg,129
129/129 (64).jpg,129
129/129 (65).jpg,129
129/129 (66).jpg,129
129/129 (67).jpg,129
129/129 (68).jpg,129
129/129 (69).jpg,129
129/129 (7).jpg,129
129/129 (70).jpg,129
129/129 (71).jpg,129
129/129 (72).jpg,129
129/129 (73).jpg,129
129/129 (74).jpg,129
129/129 (75).jpg,129
129/129 (76).jpg,129
129/129 (77).jpg,129
129/129 (78).jpg,129
129/129 (79).jpg,129
129/129 (8).jpg,129
129/129 (80).jpg,129
129/129 (81).jpg,129
129/129 (82).jpg,129
129/129 (83).jpg,129
129/129 (84).jpg,129
129/129 (85).jpg,129
129/129 (86).jpg,129
129/129 (87).jpg,129
129/129 (88).jpg,129
129/129 (89).jpg,129
129/129 (9).jpg,129
129/129 (90).jpg,129
129/129 (91).jpg,129
129/129 (92).jpg,129
129/129 (93).jpg,129
129/129 (94).jpg,129
129/129 (95).jpg,129
129/129 (96).jpg,129
129/129 (97).jpg,129
129/129 (98).jpg,129
129/129 (99).jpg,129
130/130 (1).jpg,130
130/130 (10).jpg,130
130/130 (100).jpg,130
130/130 (101).jpg,130
130/130 (102).jpg,130
130/130 (103).jpg,130
130/130 (104).jpg,130
130/130 (105).jpg,130
130/130 (106).jpg,130
130/130 (107).jpg,130
130/130 (108).jpg,130
130/130 (109).jpg,130
130/130 (11).jpg,130
130/130 (110).jpg,130
130/130 (111).jpg,130
130/130 (112).jpg,130
130/130 (113).jpg,130
130/130 (114).jpg,130
130/130 (115).jpg,130
130/130 (116).jpg,130
130/130 (117).jpg,130
130/130 (118).jpg,130
130/130 (119).jpg,130
130/130 (12).jpg,130
130/130 (120).jpg,130
130/130 (121).jpg,130
130/130 (122).jpg,130
130/130 (123).jpg,130
130/130 (124).jpg,130
130/130 (125).jpg,130
130/130 (126).jpg,130
130/130 (127).jpg,130
130/130 (128).jpg,130
130/130 (129).jpg,130
130/130 (13).jpg,130
130/130 (130).jpg,130
130/130 (131).jpg,130
130/130 (132).jpg,130
130/130 (133).jpg,130
130/130 (134).jpg,130
130/130 (135).jpg,130
130/130 (136).jpg,130
130/130 (137).jpg,130
130/130 (138).jpg,130
130/130 (139).jpg,130
130/130 (14).jpg,130
130/130 (140).jpg,130
130/130 (141).jpg,130
130/130 (142).jpg,130
130/130 (143).jpg,130
130/130 (144).jpg,130
130/130 (145).jpg,130
130/130 (146).jpg,130
130/130 (147).jpg,130
130/130 (148).jpg,130
130/130 (149).jpg,130
130/130 (15).jpg,130
130/130 (150).jpg,130
130/130 (151).jpg,130
130/130 (152).jpg,130
130/130 (153).jpg,130
130/130 (154).jpg,130
130/130 (155).jpg,130
130/130 (156).jpg,130
130/130 (157).jpg,130
130/130 (158).jpg,130
130/130 (159).jpg,130
130/130 (16).jpg,130
130/130 (160).jpg,130
130/130 (161).jpg,130
130/130 (162).jpg,130
130/130 (163).jpg,130
130/130 (164).jpg,130
130/130 (165).jpg,130
130/130 (166).jpg,130
130/130 (167).jpg,130
130/130 (168).jpg,130
130/130 (169).jpg,130
130/130 (17).jpg,130
130/130 (170).jpg,130
130/130 (171).jpg,130
130/130 (172).jpg,130
130/130 (173).jpg,130
130/130 (174).jpg,130
130/130 (18).jpg,130
130/130 (19).jpg,130
130/130 (2).jpg,130
130/130 (20).jpg,130
130/130 (21).jpg,130
130/130 (22).jpg,130
130/130 (23).jpg,130
130/130 (24).jpg,130
130/130 (25).jpg,130
130/130 (26).jpg,130
130/130 (27).jpg,130
130/130 (28).jpg,130
130/130 (29).jpg,130
130/130 (3).jpg,130
130/130 (30).jpg,130
130/130 (31).jpg,130
130/130 (32).jpg,130
130/130 (33).jpg,130
130/130 (34).jpg,130
130/130 (35).jpg,130
130/130 (36).jpg,130
130/130 (37).jpg,130
130/130 (38).jpg,130
130/130 (39).jpg,130
130/130 (4).jpg,130
130/130 (40).jpg,130
130/130 (41).jpg,130
130/130 (42).jpg,130
130/130 (43).jpg,130
130/130 (44).jpg,130
130/130 (45).jpg,130
130/130 (46).jpg,130
130/130 (47).jpg,130
130/130 (48).jpg,130
130/130 (49).jpg,130
130/130 (5).jpg,130
130/130 (50).jpg,130
130/130 (51).jpg,130
130/130 (52).jpg,130
130/130 (53).jpg,130
130/130 (54).jpg,130
130/130 (55).jpg,130
130/130 (56).jpg,130
130/130 (57).jpg,130
130/130 (58).jpg,130
130/130 (59).jpg,130
130/130 (6).jpg,130
130/130 (60).jpg,130
130/130 (61).jpg,130
130/130 (62).jpg,130
130/130 (63).jpg,130
130/130 (64).jpg,130
130/130 (65).jpg,130
130/130 (66).jpg,130
130/130 (67).jpg,130
130/130 (68).jpg,130
130/130 (69).jpg,130
130/130 (7).jpg,130
130/130 (70).jpg,130
130/130 (71).jpg,130
130/130 (72).jpg,130
130/130 (73).jpg,130
130/130 (74).jpg,130
130/130 (75).jpg,130
130/130 (76).jpg,130
130/130 (77).jpg,130
130/130 (78).jpg,130
130/130 (79).jpg,130
130/130 (8).jpg,130
130/130 (80).jpg,130
130/130 (81).jpg,130
130/130 (82).jpg,130
130/130 (83).jpg,130
130/130 (84).jpg,130
130/130 (85).jpg,130
130/130 (86).jpg,130
130/130 (87).jpg,130
130/130 (88).jpg,130
130/130 (89).jpg,130
130/130 (9).jpg,130
130/130 (90).jpg,130
130/130 (91).jpg,130
130/130 (92).jpg,130
130/130 (93).jpg,130
130/130 (94).jpg,130
130/130 (95).jpg,130
130/130 (96).jpg,130
130/130 (97).jpg,130
130/130 (98).jpg,130
130/130 (99).jpg,130
131/131 (1).jpg,131
131/131 (10).jpg,131
131/131 (100).jpg,131
131/131 (101).jpg,131
131/131 (102).jpg,131
131/131 (103).jpg,131
131/131 (104).jpg,131
131/131 (105).jpg,131
131/131 (106).jpg,131
131/131 (107).jpg,131
131/131 (108).jpg,131
131/131 (109).jpg,131
131/131 (11).jpg,131
131/131 (110).jpg,131
131/131 (111).jpg,131
131/131 (112).jpg,131
131/131 (113).jpg,131
131/131 (114).jpg,131
131/131 (115).jpg,131
131/131 (116).jpg,131
131/131 (117).jpg,131
131/131 (118).jpg,131
131/131 (119).jpg,131
131/131 (12).jpg,131
131/131 (120).jpg,131
131/131 (121).jpg,131
131/131 (122).jpg,131
131/131 (123).jpg,131
131/131 (124).jpg,131
131/131 (125).jpg,131
131/131 (126).jpg,131
131/131 (127).jpg,131
131/131 (128).jpg,131
131/131 (129).jpg,131
131/131 (13).jpg,131
131/131 (130).jpg,131
131/131 (131).jpg,131
131/131 (132).jpg,131
131/131 (133).jpg,131
131/131 (134).jpg,131
131/131 (135).jpg,131
131/131 (136).jpg,131
131/131 (137).jpg,131
131/131 (138).jpg,131
131/131 (139).jpg,131
131/131 (14).jpg,131
131/131 (140).jpg,131
131/131 (141).jpg,131
131/131 (142).jpg,131
131/131 (143).jpg,131
131/131 (144).jpg,131
131/131 (145).jpg,131
131/131 (146).jpg,131
131/131 (147).jpg,131
131/131 (148).jpg,131
131/131 (149).jpg,131
131/131 (15).jpg,131
131/131 (150).jpg,131
131/131 (151).jpg,131
131/131 (152).jpg,131
131/131 (153).jpg,131
131/131 (154).jpg,131
131/131 (155).jpg,131
131/131 (156).jpg,131
131/131 (157).jpg,131
131/131 (158).jpg,131
131/131 (159).jpg,131
131/131 (16).jpg,131
131/131 (160).jpg,131
131/131 (161).jpg,131
131/131 (162).jpg,131
131/131 (163).jpg,131
131/131 (164).jpg,131
131/131 (165).jpg,131
131/131 (166).jpg,131
131/131 (167).jpg,131
131/131 (168).jpg,131
131/131 (169).jpg,131
131/131 (17).jpg,131
131/131 (170).jpg,131
131/131 (171).jpg,131
131/131 (172).jpg,131
131/131 (173).jpg,131
131/131 (174).jpg,131
131/131 (175).jpg,131
131/131 (176).jpg,131
131/131 (177).jpg,131
131/131 (178).jpg,131
131/131 (179).jpg,131
131/131 (18).jpg,131
131/131 (19).jpg,131
131/131 (2).jpg,131
131/131 (20).jpg,131
131/131 (21).jpg,131
131/131 (22).jpg,131
131/131 (23).jpg,131
131/131 (24).jpg,131
131/131 (25).jpg,131
131/131 (26).jpg,131
131/131 (27).jpg,131
131/131 (28).jpg,131
131/131 (29).jpg,131
131/131 (3).jpg,131
131/131 (30).jpg,131
131/131 (31).jpg,131
131/131 (32).jpg,131
131/131 (33).jpg,131
131/131 (34).jpg,131
131/131 (35).jpg,131
131/131 (36).jpg,131
131/131 (37).jpg,131
131/131 (38).jpg,131
131/131 (39).jpg,131
131/131 (4).jpg,131
131/131 (40).jpg,131
131/131 (41).jpg,131
131/131 (42).jpg,131
131/131 (43).jpg,131
131/131 (44).jpg,131
131/131 (45).jpg,131
131/131 (46).jpg,131
131/131 (47).jpg,131
131/131 (48).jpg,131
131/131 (49).jpg,131
131/131 (5).jpg,131
131/131 (50).jpg,131
131/131 (51).jpg,131
131/131 (52).jpg,131
131/131 (53).jpg,131
131/131 (54).jpg,131
131/131 (55).jpg,131
131/131 (56).jpg,131
131/131 (57).jpg,131
131/131 (58).jpg,131
131/131 (59).jpg,131
131/131 (6).jpg,131
131/131 (60).jpg,131
131/131 (61).jpg,131
131/131 (62).jpg,131
131/131 (63).jpg,131
131/131 (64).jpg,131
131/131 (65).jpg,131
131/131 (66).jpg,131
131/131 (67).jpg,131
131/131 (68).jpg,131
131/131 (69).jpg,131
131/131 (7).jpg,131
131/131 (70).jpg,131
131/131 (71).jpg,131
131/131 (72).jpg,131
131/131 (73).jpg,131
131/131 (74).jpg,131
131/131 (75).jpg,131
131/131 (76).jpg,131
131/131 (77).jpg,131
131/131 (78).jpg,131
131/131 (79).jpg,131
131/131 (8).jpg,131
131/131 (80).jpg,131
131/131 (81).jpg,131
131/131 (82).jpg,131
131/131 (83).jpg,131
131/131 (84).jpg,131
131/131 (85).jpg,131
131/131 (86).jpg,131
131/131 (87).jpg,131
131/131 (88).jpg,131
131/131 (89).jpg,131
131/131 (9).jpg,131
131/131 (90).jpg,131
131/131 (91).jpg,131
131/131 (92).jpg,131
131/131 (93).jpg,131
131/131 (94).jpg,131
131/131 (95).jpg,131
131/131 (96).jpg,131
131/131 (97).jpg,131
131/131 (98).jpg,131
131/131 (99).jpg,131
132/132 (1).jpg,132
132/132 (10).jpg,132
132/132 (100).jpg,132
132/132 (101).jpg,132
132/132 (102).jpg,132
132/132 (103).jpg,132
132/132 (104).jpg,132
132/132 (105).jpg,132
132/132 (106).jpg,132
132/132 (107).jpg,132
132/132 (108).jpg,132
132/132 (109).jpg,132
132/132 (11).jpg,132
132/132 (110).jpg,132
132/132 (111).jpg,132
132/132 (112).jpg,132
132/132 (113).jpg,132
132/132 (114).jpg,132
132/132 (115).jpg,132
132/132 (116).jpg,132
132/132 (117).jpg,132
132/132 (118).jpg,132
132/132 (119).jpg,132
132/132 (12).jpg,132
132/132 (120).jpg,132
132/132 (121).jpg,132
132/132 (122).jpg,132
132/132 (123).jpg,132
132/132 (124).jpg,132
132/132 (125).jpg,132
132/132 (126).jpg,132
132/132 (127).jpg,132
132/132 (128).jpg,132
132/132 (129).jpg,132
132/132 (13).jpg,132
132/132 (130).jpg,132
132/132 (131).jpg,132
132/132 (132).jpg,132
132/132 (133).jpg,132
132/132 (134).jpg,132
132/132 (135).jpg,132
132/132 (136).jpg,132
132/132 (137).jpg,132
132/132 (138).jpg,132
132/132 (139).jpg,132
132/132 (14).jpg,132
132/132 (140).jpg,132
132/132 (141).jpg,132
132/132 (142).jpg,132
132/132 (143).jpg,132
132/132 (144).jpg,132
132/132 (145).jpg,132
132/132 (146).jpg,132
132/132 (147).jpg,132
132/132 (148).jpg,132
132/132 (149).jpg,132
132/132 (15).jpg,132
132/132 (150).jpg,132
132/132 (151).jpg,132
132/132 (152).jpg,132
132/132 (153).jpg,132
132/132 (154).jpg,132
132/132 (155).jpg,132
132/132 (156).jpg,132
132/132 (157).jpg,132
132/132 (158).jpg,132
132/132 (159).jpg,132
132/132 (16).jpg,132
132/132 (160).jpg,132
132/132 (161).jpg,132
132/132 (162).jpg,132
132/132 (163).jpg,132
132/132 (164).jpg,132
132/132 (165).jpg,132
132/132 (166).jpg,132
132/132 (167).jpg,132
132/132 (168).jpg,132
132/132 (169).jpg,132
132/132 (17).jpg,132
132/132 (170).jpg,132
132/132 (171).jpg,132
132/132 (172).jpg,132
132/132 (173).jpg,132
132/132 (174).jpg,132
132/132 (175).jpg,132
132/132 (176).jpg,132
132/132 (177).jpg,132
132/132 (178).jpg,132
132/132 (179).jpg,132
132/132 (18).jpg,132
132/132 (180).jpg,132
132/132 (181).jpg,132
132/132 (182).jpg,132
132/132 (183).jpg,132
132/132 (184).jpg,132
132/132 (185).jpg,132
132/132 (186).jpg,132
132/132 (187).jpg,132
132/132 (188).jpg,132
132/132 (189).jpg,132
132/132 (19).jpg,132
132/132 (190).jpg,132
132/132 (191).jpg,132
132/132 (192).jpg,132
132/132 (193).jpg,132
132/132 (194).jpg,132
132/132 (195).jpg,132
132/132 (196).jpg,132
132/132 (197).jpg,132
132/132 (198).jpg,132
132/132 (199).jpg,132
132/132 (2).jpg,132
132/132 (20).jpg,132
132/132 (200).jpg,132
132/132 (201).jpg,132
132/132 (202).jpg,132
132/132 (203).jpg,132
132/132 (21).jpg,132
132/132 (22).jpg,132
132/132 (23).jpg,132
132/132 (24).jpg,132
132/132 (25).jpg,132
132/132 (26).jpg,132
132/132 (27).jpg,132
132/132 (28).jpg,132
132/132 (29).jpg,132
132/132 (3).jpg,132
132/132 (30).jpg,132
132/132 (31).jpg,132
132/132 (32).jpg,132
132/132 (33).jpg,132
132/132 (34).jpg,132
132/132 (35).jpg,132
132/132 (36).jpg,132
132/132 (37).jpg,132
132/132 (38).jpg,132
132/132 (39).jpg,132
132/132 (4).jpg,132
132/132 (40).jpg,132
132/132 (41).jpg,132
132/132 (42).jpg,132
132/132 (43).jpg,132
132/132 (44).jpg,132
132/132 (45).jpg,132
132/132 (46).jpg,132
132/132 (47).jpg,132
132/132 (48).jpg,132
132/132 (49).jpg,132
132/132 (5).jpg,132
132/132 (50).jpg,132
132/132 (51).jpg,132
132/132 (52).jpg,132
132/132 (53).jpg,132
132/132 (54).jpg,132
132/132 (55).jpg,132
132/132 (56).jpg,132
132/132 (57).jpg,132
132/132 (58).jpg,132
132/132 (59).jpg,132
132/132 (6).jpg,132
132/132 (60).jpg,132
132/132 (61).jpg,132
132/132 (62).jpg,132
132/132 (63).jpg,132
132/132 (64).jpg,132
132/132 (65).jpg,132
132/132 (66).jpg,132
132/132 (67).jpg,132
132/132 (68).jpg,132
132/132 (69).jpg,132
132/132 (7).jpg,132
132/132 (70).jpg,132
132/132 (71).jpg,132
132/132 (72).jpg,132
132/132 (73).jpg,132
132/132 (74).jpg,132
132/132 (75).jpg,132
132/132 (76).jpg,132
132/132 (77).jpg,132
132/132 (78).jpg,132
132/132 (79).jpg,132
132/132 (8).jpg,132
132/132 (80).jpg,132
132/132 (81).jpg,132
132/132 (82).jpg,132
132/132 (83).jpg,132
132/132 (84).jpg,132
132/132 (85).jpg,132
132/132 (86).jpg,132
132/132 (87).jpg,132
132/132 (88).jpg,132
132/132 (89).jpg,132
132/132 (9).jpg,132
132/132 (90).jpg,132
132/132 (91).jpg,132
132/132 (92).jpg,132
132/132 (93).jpg,132
132/132 (94).jpg,132
132/132 (95).jpg,132
132/132 (96).jpg,132
132/132 (97).jpg,132
132/132 (98).jpg,132
132/132 (99).jpg,132
133/133 (1).jpg,133
133/133 (10).jpg,133
133/133 (100).jpg,133
133/133 (101).jpg,133
133/133 (102).jpg,133
133/133 (103).jpg,133
133/133 (104).jpg,133
133/133 (105).jpg,133
133/133 (106).jpg,133
133/133 (107).jpg,133
133/133 (108).jpg,133
133/133 (109).jpg,133
133/133 (11).jpg,133
133/133 (110).jpg,133
133/133 (111).jpg,133
133/133 (112).jpg,133
133/133 (113).jpg,133
133/133 (114).jpg,133
133/133 (115).jpg,133
133/133 (116).jpg,133
133/133 (117).jpg,133
133/133 (118).jpg,133
133/133 (119).jpg,133
133/133 (12).jpg,133
133/133 (120).jpg,133
133/133 (121).jpg,133
133/133 (122).jpg,133
133/133 (123).jpg,133
133/133 (124).jpg,133
133/133 (125).jpg,133
133/133 (126).jpg,133
133/133 (127).jpg,133
133/133 (128).jpg,133
133/133 (129).jpg,133
133/133 (13).jpg,133
133/133 (130).jpg,133
133/133 (131).jpg,133
133/133 (132).jpg,133
133/133 (133).jpg,133
133/133 (134).jpg,133
133/133 (135).jpg,133
133/133 (136).jpg,133
133/133 (137).jpg,133
133/133 (138).jpg,133
133/133 (139).jpg,133
133/133 (14).jpg,133
133/133 (140).jpg,133
133/133 (141).jpg,133
133/133 (142).jpg,133
133/133 (143).jpg,133
133/133 (144).jpg,133
133/133 (145).jpg,133
133/133 (146).jpg,133
133/133 (147).jpg,133
133/133 (148).jpg,133
133/133 (149).jpg,133
133/133 (15).jpg,133
133/133 (150).jpg,133
133/133 (151).jpg,133
133/133 (152).jpg,133
133/133 (153).jpg,133
133/133 (154).jpg,133
133/133 (155).jpg,133
133/133 (156).jpg,133
133/133 (157).jpg,133
133/133 (158).jpg,133
133/133 (159).jpg,133
133/133 (16).jpg,133
133/133 (160).jpg,133
133/133 (161).jpg,133
133/133 (162).jpg,133
133/133 (163).jpg,133
133/133 (164).jpg,133
133/133 (165).jpg,133
133/133 (166).jpg,133
133/133 (167).jpg,133
133/133 (168).jpg,133
133/133 (169).jpg,133
133/133 (17).jpg,133
133/133 (170).jpg,133
133/133 (171).jpg,133
133/133 (172).jpg,133
133/133 (173).jpg,133
133/133 (174).jpg,133
133/133 (175).jpg,133
133/133 (176).jpg,133
133/133 (177).jpg,133
133/133 (178).jpg,133
133/133 (179).jpg,133
133/133 (18).jpg,133
133/133 (180).jpg,133
133/133 (181).jpg,133
133/133 (182).jpg,133
133/133 (183).jpg,133
133/133 (184).jpg,133
133/133 (185).jpg,133
133/133 (186).jpg,133
133/133 (187).jpg,133
133/133 (188).jpg,133
133/133 (189).jpg,133
133/133 (19).jpg,133
133/133 (190).jpg,133
133/133 (191).jpg,133
133/133 (192).jpg,133
133/133 (193).jpg,133
133/133 (194).jpg,133
133/133 (195).jpg,133
133/133 (196).jpg,133
133/133 (197).jpg,133
133/133 (198).jpg,133
133/133 (199).jpg,133
133/133 (2).jpg,133
133/133 (20).jpg,133
133/133 (200).jpg,133
133/133 (201).jpg,133
133/133 (202).jpg,133
133/133 (203).jpg,133
133/133 (204).jpg,133
133/133 (205).jpg,133
133/133 (206).jpg,133
133/133 (21).jpg,133
133/133 (22).jpg,133
133/133 (23).jpg,133
133/133 (24).jpg,133
133/133 (25).jpg,133
133/133 (26).jpg,133
133/133 (27).jpg,133
133/133 (28).jpg,133
133/133 (29).jpg,133
133/133 (3).jpg,133
133/133 (30).jpg,133
133/133 (31).jpg,133
133/133 (32).jpg,133
133/133 (33).jpg,133
133/133 (34).jpg,133
133/133 (35).jpg,133
133/133 (36).jpg,133
133/133 (37).jpg,133
133/133 (38).jpg,133
133/133 (39).jpg,133
133/133 (4).jpg,133
133/133 (40).jpg,133
133/133 (41).jpg,133
133/133 (42).jpg,133
133/133 (43).jpg,133
133/133 (44).jpg,133
133/133 (45).jpg,133
133/133 (46).jpg,133
133/133 (47).jpg,133
133/133 (48).jpg,133
133/133 (49).jpg,133
133/133 (5).jpg,133
133/133 (50).jpg,133
133/133 (51).jpg,133
133/133 (52).jpg,133
133/133 (53).jpg,133
133/133 (54).jpg,133
133/133 (55).jpg,133
133/133 (56).jpg,133
133/133 (57).jpg,133
133/133 (58).jpg,133
133/133 (59).jpg,133
133/133 (6).jpg,133
133/133 (60).jpg,133
133/133 (61).jpg,133
133/133 (62).jpg,133
133/133 (63).jpg,133
133/133 (64).jpg,133
133/133 (65).jpg,133
133/133 (66).jpg,133
133/133 (67).jpg,133
133/133 (68).jpg,133
133/133 (69).jpg,133
133/133 (7).jpg,133
133/133 (70).jpg,133
133/133 (71).jpg,133
133/133 (72).jpg,133
133/133 (73).jpg,133
133/133 (74).jpg,133
133/133 (75).jpg,133
133/133 (76).jpg,133
133/133 (77).jpg,133
133/133 (78).jpg,133
133/133 (79).jpg,133
133/133 (8).jpg,133
133/133 (80).jpg,133
133/133 (81).jpg,133
133/133 (82).jpg,133
133/133 (83).jpg,133
133/133 (84).jpg,133
133/133 (85).jpg,133
133/133 (86).jpg,133
133/133 (87).jpg,133
133/133 (88).jpg,133
133/133 (89).jpg,133
133/133 (9).jpg,133
133/133 (90).jpg,133
133/133 (91).jpg,133
133/133 (92).jpg,133
133/133 (93).jpg,133
133/133 (94).jpg,133
133/133 (95).jpg,133
133/133 (96).jpg,133
133/133 (97).jpg,133
133/133 (98).jpg,133
133/133 (99).jpg,133
134/134 (1).jpg,134
134/134 (10).jpg,134
134/134 (100).jpg,134
134/134 (101).jpg,134
134/134 (102).jpg,134
134/134 (103).jpg,134
134/134 (104).jpg,134
134/134 (105).jpg,134
134/134 (106).jpg,134
134/134 (107).jpg,134
134/134 (108).jpg,134
134/134 (109).jpg,134
134/134 (11).jpg,134
134/134 (110).jpg,134
134/134 (111).jpg,134
134/134 (112).jpg,134
134/134 (113).jpg,134
134/134 (114).jpg,134
134/134 (115).jpg,134
134/134 (116).jpg,134
134/134 (117).jpg,134
134/134 (118).jpg,134
134/134 (119).jpg,134
134/134 (12).jpg,134
134/134 (120).jpg,134
134/134 (121).jpg,134
134/134 (122).jpg,134
134/134 (123).jpg,134
134/134 (124).jpg,134
134/134 (125).jpg,134
134/134 (126).jpg,134
134/134 (127).jpg,134
134/134 (128).jpg,134
134/134 (129).jpg,134
134/134 (13).jpg,134
134/134 (130).jpg,134
134/134 (131).jpg,134
134/134 (132).jpg,134
134/134 (133).jpg,134
134/134 (134).jpg,134
134/134 (135).jpg,134
134/134 (136).jpg,134
134/134 (137).jpg,134
134/134 (138).jpg,134
134/134 (139).jpg,134
134/134 (14).jpg,134
134/134 (140).jpg,134
134/134 (141).jpg,134
134/134 (142).jpg,134
134/134 (143).jpg,134
134/134 (144).jpg,134
134/134 (145).jpg,134
134/134 (146).jpg,134
134/134 (147).jpg,134
134/134 (148).jpg,134
134/134 (149).jpg,134
134/134 (15).jpg,134
134/134 (150).jpg,134
134/134 (151).jpg,134
134/134 (152).jpg,134
134/134 (153).jpg,134
134/134 (154).jpg,134
134/134 (155).jpg,134
134/134 (156).jpg,134
134/134 (157).jpg,134
134/134 (158).jpg,134
134/134 (159).jpg,134
134/134 (16).jpg,134
134/134 (160).jpg,134
134/134 (17).jpg,134
134/134 (18).jpg,134
134/134 (19).jpg,134
134/134 (2).jpg,134
134/134 (20).jpg,134
134/134 (21).jpg,134
134/134 (22).jpg,134
134/134 (23).jpg,134
134/134 (24).jpg,134
134/134 (25).jpg,134
134/134 (26).jpg,134
134/134 (27).jpg,134
134/134 (28).jpg,134
134/134 (29).jpg,134
134/134 (3).jpg,134
134/134 (30).jpg,134
134/134 (31).jpg,134
134/134 (32).jpg,134
134/134 (33).jpg,134
134/134 (34).jpg,134
134/134 (35).jpg,134
134/134 (36).jpg,134
134/134 (37).jpg,134
134/134 (38).jpg,134
134/134 (39).jpg,134
134/134 (4).jpg,134
134/134 (40).jpg,134
134/134 (41).jpg,134
134/134 (42).jpg,134
134/134 (43).jpg,134
134/134 (44).jpg,134
134/134 (45).jpg,134
134/134 (46).jpg,134
134/134 (47).jpg,134
134/134 (48).jpg,134
134/134 (49).jpg,134
134/134 (5).jpg,134
134/134 (50).jpg,134
134/134 (51).jpg,134
134/134 (52).jpg,134
134/134 (53).jpg,134
134/134 (54).jpg,134
134/134 (55).jpg,134
134/134 (56).jpg,134
134/134 (57).jpg,134
134/134 (58).jpg,134
134/134 (59).jpg,134
134/134 (6).jpg,134
134/134 (60).jpg,134
134/134 (61).jpg,134
134/134 (62).jpg,134
134/134 (63).jpg,134
134/134 (64).jpg,134
134/134 (65).jpg,134
134/134 (66).jpg,134
134/134 (67).jpg,134
134/134 (68).jpg,134
134/134 (69).jpg,134
134/134 (7).jpg,134
134/134 (70).jpg,134
134/134 (71).jpg,134
134/134 (72).jpg,134
134/134 (73).jpg,134
134/134 (74).jpg,134
134/134 (75).jpg,134
134/134 (76).jpg,134
134/134 (77).jpg,134
134/134 (78).jpg,134
134/134 (79).jpg,134
134/134 (8).jpg,134
134/134 (80).jpg,134
134/134 (81).jpg,134
134/134 (82).jpg,134
134/134 (83).jpg,134
134/134 (84).jpg,134
134/134 (85).jpg,134
134/134 (86).jpg,134
134/134 (87).jpg,134
134/134 (88).jpg,134
134/134 (89).jpg,134
134/134 (9).jpg,134
134/134 (90).jpg,134
134/134 (91).jpg,134
134/134 (92).jpg,134
134/134 (93).jpg,134
134/134 (94).jpg,134
134/134 (95).jpg,134
134/134 (96).jpg,134
134/134 (97).jpg,134
134/134 (98).jpg,134
134/134 (99).jpg,134
135/135 (1).jpg,135
135/135 (10).jpg,135
135/135 (100).jpg,135
135/135 (101).jpg,135
135/135 (102).jpg,135
135/135 (103).jpg,135
135/135 (104).jpg,135
135/135 (105).jpg,135
135/135 (106).jpg,135
135/135 (107).jpg,135
135/135 (108).jpg,135
135/135 (109).jpg,135
135/135 (11).jpg,135
135/135 (110).jpg,135
135/135 (111).jpg,135
135/135 (112).jpg,135
135/135 (113).jpg,135
135/135 (114).jpg,135
135/135 (115).jpg,135
135/135 (116).jpg,135
135/135 (117).jpg,135
135/135 (118).jpg,135
135/135 (119).jpg,135
135/135 (12).jpg,135
135/135 (120).jpg,135
135/135 (121).jpg,135
135/135 (122).jpg,135
135/135 (123).jpg,135
135/135 (124).jpg,135
135/135 (125).jpg,135
135/135 (126).jpg,135
135/135 (127).jpg,135
135/135 (128).jpg,135
135/135 (129).jpg,135
135/135 (13).jpg,135
135/135 (130).jpg,135
135/135 (131).jpg,135
135/135 (132).jpg,135
135/135 (133).jpg,135
135/135 (134).jpg,135
135/135 (135).jpg,135
135/135 (136).jpg,135
135/135 (137).jpg,135
135/135 (138).jpg,135
135/135 (139).jpg,135
135/135 (14).jpg,135
135/135 (140).jpg,135
135/135 (141).jpg,135
135/135 (142).jpg,135
135/135 (143).jpg,135
135/135 (144).jpg,135
135/135 (145).jpg,135
135/135 (146).jpg,135
135/135 (147).jpg,135
135/135 (148).jpg,135
135/135 (149).jpg,135
135/135 (15).jpg,135
135/135 (150).jpg,135
135/135 (151).jpg,135
135/135 (152).jpg,135
135/135 (153).jpg,135
135/135 (154).jpg,135
135/135 (155).jpg,135
135/135 (156).jpg,135
135/135 (157).jpg,135
135/135 (158).jpg,135
135/135 (159).jpg,135
135/135 (16).jpg,135
135/135 (160).jpg,135
135/135 (161).jpg,135
135/135 (162).jpg,135
135/135 (163).jpg,135
135/135 (164).jpg,135
135/135 (165).jpg,135
135/135 (166).jpg,135
135/135 (167).jpg,135
135/135 (168).jpg,135
135/135 (169).jpg,135
135/135 (17).jpg,135
135/135 (170).jpg,135
135/135 (171).jpg,135
135/135 (172).jpg,135
135/135 (173).jpg,135
135/135 (174).jpg,135
135/135 (175).jpg,135
135/135 (176).jpg,135
135/135 (177).jpg,135
135/135 (178).jpg,135
135/135 (179).jpg,135
135/135 (18).jpg,135
135/135 (180).jpg,135
135/135 (181).jpg,135
135/135 (182).jpg,135
135/135 (183).jpg,135
135/135 (184).jpg,135
135/135 (185).jpg,135
135/135 (186).jpg,135
135/135 (187).jpg,135
135/135 (188).jpg,135
135/135 (189).jpg,135
135/135 (19).jpg,135
135/135 (190).jpg,135
135/135 (191).jpg,135
135/135 (192).jpg,135
135/135 (193).jpg,135
135/135 (194).jpg,135
135/135 (195).jpg,135
135/135 (196).jpg,135
135/135 (197).jpg,135
135/135 (198).jpg,135
135/135 (199).jpg,135
135/135 (2).jpg,135
135/135 (20).jpg,135
135/135 (200).jpg,135
135/135 (201).jpg,135
135/135 (21).jpg,135
135/135 (22).jpg,135
135/135 (23).jpg,135
135/135 (24).jpg,135
135/135 (25).jpg,135
135/135 (26).jpg,135
135/135 (27).jpg,135
135/135 (28).jpg,135
135/135 (29).jpg,135
135/135 (3).jpg,135
135/135 (30).jpg,135
135/135 (31).jpg,135
135/135 (32).jpg,135
135/135 (33).jpg,135
135/135 (34).jpg,135
135/135 (35).jpg,135
135/135 (36).jpg,135
135/135 (37).jpg,135
135/135 (38).jpg,135
135/135 (39).jpg,135
135/135 (4).jpg,135
135/135 (40).jpg,135
135/135 (41).jpg,135
135/135 (42).jpg,135
135/135 (43).jpg,135
135/135 (44).jpg,135
135/135 (45).jpg,135
135/135 (46).jpg,135
135/135 (47).jpg,135
135/135 (48).jpg,135
135/135 (49).jpg,135
135/135 (5).jpg,135
135/135 (50).jpg,135
135/135 (51).jpg,135
135/135 (52).jpg,135
135/135 (53).jpg,135
135/135 (54).jpg,135
135/135 (55).jpg,135
135/135 (56).jpg,135
135/135 (57).jpg,135
135/135 (58).jpg,135
135/135 (59).jpg,135
135/135 (6).jpg,135
135/135 (60).jpg,135
135/135 (61).jpg,135
135/135 (62).jpg,135
135/135 (63).jpg,135
135/135 (64).jpg,135
135/135 (65).jpg,135
135/135 (66).jpg,135
135/135 (67).jpg,135
135/135 (68).jpg,135
135/135 (69).jpg,135
135/135 (7).jpg,135
135/135 (70).jpg,135
135/135 (71).jpg,135
135/135 (72).jpg,135
135/135 (73).jpg,135
135/135 (74).jpg,135
135/135 (75).jpg,135
135/135 (76).jpg,135
135/135 (77).jpg,135
135/135 (78).jpg,135
135/135 (79).jpg,135
135/135 (8).jpg,135
135/135 (80).jpg,135
135/135 (81).jpg,135
135/135 (82).jpg,135
135/135 (83).jpg,135
135/135 (84).jpg,135
135/135 (85).jpg,135
135/135 (86).jpg,135
135/135 (87).jpg,135
135/135 (88).jpg,135
135/135 (89).jpg,135
135/135 (9).jpg,135
135/135 (90).jpg,135
135/135 (91).jpg,135
135/135 (92).jpg,135
135/135 (93).jpg,135
135/135 (94).jpg,135
135/135 (95).jpg,135
135/135 (96).jpg,135
135/135 (97).jpg,135
135/135 (98).jpg,135
135/135 (99).jpg,135
136/136 (1).jpg,136
136/136 (10).jpg,136
136/136 (100).jpg,136
136/136 (101).jpg,136
136/136 (102).jpg,136
136/136 (103).jpg,136
136/136 (104).jpg,136
136/136 (105).jpg,136
136/136 (106).jpg,136
136/136 (107).jpg,136
136/136 (108).jpg,136
136/136 (109).jpg,136
136/136 (11).jpg,136
136/136 (110).jpg,136
136/136 (111).jpg,136
136/136 (112).jpg,136
136/136 (113).jpg,136
136/136 (114).jpg,136
136/136 (115).jpg,136
136/136 (116).jpg,136
136/136 (117).jpg,136
136/136 (118).jpg,136
136/136 (119).jpg,136
136/136 (12).jpg,136
136/136 (120).jpg,136
136/136 (121).jpg,136
136/136 (122).jpg,136
136/136 (123).jpg,136
136/136 (124).jpg,136
136/136 (125).jpg,136
136/136 (126).jpg,136
136/136 (127).jpg,136
136/136 (128).jpg,136
136/136 (129).jpg,136
136/136 (13).jpg,136
136/136 (130).jpg,136
136/136 (131).jpg,136
136/136 (132).jpg,136
136/136 (133).jpg,136
136/136 (134).jpg,136
136/136 (135).jpg,136
136/136 (136).jpg,136
136/136 (137).jpg,136
136/136 (138).jpg,136
136/136 (139).jpg,136
136/136 (14).jpg,136
136/136 (140).jpg,136
136/136 (141).jpg,136
136/136 (142).jpg,136
136/136 (15).jpg,136
136/136 (16).jpg,136
136/136 (17).jpg,136
136/136 (18).jpg,136
136/136 (19).jpg,136
136/136 (2).jpg,136
136/136 (20).jpg,136
136/136 (21).jpg,136
136/136 (22).jpg,136
136/136 (23).jpg,136
136/136 (24).jpg,136
136/136 (25).jpg,136
136/136 (26).jpg,136
136/136 (27).jpg,136
136/136 (28).jpg,136
136/136 (29).jpg,136
136/136 (3).jpg,136
136/136 (30).jpg,136
136/136 (31).jpg,136
136/136 (32).jpg,136
136/136 (33).jpg,136
136/136 (34).jpg,136
136/136 (35).jpg,136
136/136 (36).jpg,136
136/136 (37).jpg,136
136/136 (38).jpg,136
136/136 (39).jpg,136
136/136 (4).jpg,136
136/136 (40).jpg,136
136/136 (41).jpg,136
136/136 (42).jpg,136
136/136 (43).jpg,136
136/136 (44).jpg,136
136/136 (45).jpg,136
136/136 (46).jpg,136
136/136 (47).jpg,136
136/136 (48).jpg,136
136/136 (49).jpg,136
136/136 (5).jpg,136
136/136 (50).jpg,136
136/136 (51).jpg,136
136/136 (52).jpg,136
136/136 (53).jpg,136
136/136 (54).jpg,136
136/136 (55).jpg,136
136/136 (56).jpg,136
136/136 (57).jpg,136
136/136 (58).jpg,136
136/136 (59).jpg,136
136/136 (6).jpg,136
136/136 (60).jpg,136
136/136 (61).jpg,136
136/136 (62).jpg,136
136/136 (63).jpg,136
136/136 (64).jpg,136
136/136 (65).jpg,136
136/136 (66).jpg,136
136/136 (67).jpg,136
136/136 (68).jpg,136
136/136 (69).jpg,136
136/136 (7).jpg,136
136/136 (70).jpg,136
136/136 (71).jpg,136
136/136 (72).jpg,136
136/136 (73).jpg,136
136/136 (74).jpg,136
136/136 (75).jpg,136
136/136 (76).jpg,136
136/136 (77).jpg,136
136/136 (78).jpg,136
136/136 (79).jpg,136
136/136 (8).jpg,136
136/136 (80).jpg,136
136/136 (81).jpg,136
136/136 (82).jpg,136
136/136 (83).jpg,136
136/136 (84).jpg,136
136/136 (85).jpg,136
136/136 (86).jpg,136
136/136 (87).jpg,136
136/136 (88).jpg,136
136/136 (89).jpg,136
136/136 (9).jpg,136
136/136 (90).jpg,136
136/136 (91).jpg,136
136/136 (92).jpg,136
136/136 (93).jpg,136
136/136 (94).jpg,136
136/136 (95).jpg,136
136/136 (96).jpg,136
136/136 (97).jpg,136
136/136 (98).jpg,136
136/136 (99).jpg,136
137/137 (1).jpg,137
137/137 (10).jpg,137
137/137 (100).jpg,137
137/137 (101).jpg,137
137/137 (102).jpg,137
137/137 (103).jpg,137
137/137 (104).jpg,137
137/137 (105).jpg,137
137/137 (106).jpg,137
137/137 (107).jpg,137
137/137 (108).jpg,137
137/137 (109).jpg,137
137/137 (11).jpg,137
137/137 (110).jpg,137
137/137 (111).jpg,137
137/137 (112).jpg,137
137/137 (113).jpg,137
137/137 (114).jpg,137
137/137 (115).jpg,137
137/137 (116).jpg,137
137/137 (117).jpg,137
137/137 (118).jpg,137
137/137 (119).jpg,137
137/137 (12).jpg,137
137/137 (120).jpg,137
137/137 (121).jpg,137
137/137 (122).jpg,137
137/137 (123).jpg,137
137/137 (124).jpg,137
137/137 (125).jpg,137
137/137 (126).jpg,137
137/137 (127).jpg,137
137/137 (128).jpg,137
137/137 (129).jpg,137
137/137 (13).jpg,137
137/137 (130).jpg,137
137/137 (131).jpg,137
137/137 (132).jpg,137
137/137 (133).jpg,137
137/137 (134).jpg,137
137/137 (135).jpg,137
137/137 (136).jpg,137
137/137 (137).jpg,137
137/137 (138).jpg,137
137/137 (139).jpg,137
137/137 (14).jpg,137
137/137 (140).jpg,137
137/137 (15).jpg,137
137/137 (16).jpg,137
137/137 (17).jpg,137
137/137 (18).jpg,137
137/137 (19).jpg,137
137/137 (2).jpg,137
137/137 (20).jpg,137
137/137 (21).jpg,137
137/137 (22).jpg,137
137/137 (23).jpg,137
137/137 (24).jpg,137
137/137 (25).jpg,137
137/137 (26).jpg,137
137/137 (27).jpg,137
137/137 (28).jpg,137
137/137 (29).jpg,137
137/137 (3).jpg,137
137/137 (30).jpg,137
137/137 (31).jpg,137
137/137 (32).jpg,137
137/137 (33).jpg,137
137/137 (34).jpg,137
137/137 (35).jpg,137
137/137 (36).jpg,137
137/137 (37).jpg,137
137/137 (38).jpg,137
137/137 (39).jpg,137
137/137 (4).jpg,137
137/137 (40).jpg,137
137/137 (41).jpg,137
137/137 (42).jpg,137
137/137 (43).jpg,137
137/137 (44).jpg,137
137/137 (45).jpg,137
137/137 (46).jpg,137
137/137 (47).jpg,137
137/137 (48).jpg,137
137/137 (49).jpg,137
137/137 (5).jpg,137
137/137 (50).jpg,137
137/137 (51).jpg,137
137/137 (52).jpg,137
137/137 (53).jpg,137
137/137 (54).jpg,137
137/137 (55).jpg,137
137/137 (56).jpg,137
137/137 (57).jpg,137
137/137 (58).jpg,137
137/137 (59).jpg,137
137/137 (6).jpg,137
137/137 (60).jpg,137
137/137 (61).jpg,137
137/137 (62).jpg,137
137/137 (63).jpg,137
137/137 (64).jpg,137
137/137 (65).jpg,137
137/137 (66).jpg,137
137/137 (67).jpg,137
137/137 (68).jpg,137
137/137 (69).jpg,137
137/137 (7).jpg,137
137/137 (70).jpg,137
137/137 (71).jpg,137
137/137 (72).jpg,137
137/137 (73).jpg,137
137/137 (74).jpg,137
137/137 (75).jpg,137
137/137 (76).jpg,137
137/137 (77).jpg,137
137/137 (78).jpg,137
137/137 (79).jpg,137
137/137 (8).jpg,137
137/137 (80).jpg,137
137/137 (81).jpg,137
137/137 (82).jpg,137
137/137 (83).jpg,137
137/137 (84).jpg,137
137/137 (85).jpg,137
137/137 (86).jpg,137
137/137 (87).jpg,137
137/137 (88).jpg,137
137/137 (89).jpg,137
137/137 (9).jpg,137
137/137 (90).jpg,137
137/137 (91).jpg,137
137/137 (92).jpg,137
137/137 (93).jpg,137
137/137 (94).jpg,137
137/137 (95).jpg,137
137/137 (96).jpg,137
137/137 (97).jpg,137
137/137 (98).jpg,137
137/137 (99).jpg,137
138/138 (1).jpg,138
138/138 (10).jpg,138
138/138 (100).jpg,138
138/138 (101).jpg,138
138/138 (102).jpg,138
138/138 (103).jpg,138
138/138 (104).jpg,138
138/138 (105).jpg,138
138/138 (106).jpg,138
138/138 (107).jpg,138
138/138 (108).jpg,138
138/138 (109).jpg,138
138/138 (11).jpg,138
138/138 (110).jpg,138
138/138 (111).jpg,138
138/138 (112).jpg,138
138/138 (113).jpg,138
138/138 (114).jpg,138
138/138 (115).jpg,138
138/138 (116).jpg,138
138/138 (117).jpg,138
138/138 (118).jpg,138
138/138 (119).jpg,138
138/138 (12).jpg,138
138/138 (120).jpg,138
138/138 (121).jpg,138
138/138 (122).jpg,138
138/138 (123).jpg,138
138/138 (124).jpg,138
138/138 (125).jpg,138
138/138 (126).jpg,138
138/138 (127).jpg,138
138/138 (128).jpg,138
138/138 (129).jpg,138
138/138 (13).jpg,138
138/138 (130).jpg,138
138/138 (131).jpg,138
138/138 (132).jpg,138
138/138 (133).jpg,138
138/138 (134).jpg,138
138/138 (135).jpg,138
138/138 (136).jpg,138
138/138 (137).jpg,138
138/138 (138).jpg,138
138/138 (139).jpg,138
138/138 (14).jpg,138
138/138 (140).jpg,138
138/138 (141).jpg,138
138/138 (142).jpg,138
138/138 (143).jpg,138
138/138 (144).jpg,138
138/138 (145).jpg,138
138/138 (146).jpg,138
138/138 (147).jpg,138
138/138 (148).jpg,138
138/138 (149).jpg,138
138/138 (15).jpg,138
138/138 (150).jpg,138
138/138 (151).jpg,138
138/138 (152).jpg,138
138/138 (153).jpg,138
138/138 (154).jpg,138
138/138 (155).jpg,138
138/138 (156).jpg,138
138/138 (157).jpg,138
138/138 (158).jpg,138
138/138 (159).jpg,138
138/138 (16).jpg,138
138/138 (160).jpg,138
138/138 (17).jpg,138
138/138 (18).jpg,138
138/138 (19).jpg,138
138/138 (2).jpg,138
138/138 (20).jpg,138
138/138 (21).jpg,138
138/138 (22).jpg,138
138/138 (23).jpg,138
138/138 (24).jpg,138
138/138 (25).jpg,138
138/138 (26).jpg,138
138/138 (27).jpg,138
138/138 (28).jpg,138
138/138 (29).jpg,138
138/138 (3).jpg,138
138/138 (30).jpg,138
138/138 (31).jpg,138
138/138 (32).jpg,138
138/138 (33).jpg,138
138/138 (34).jpg,138
138/138 (35).jpg,138
138/138 (36).jpg,138
138/138 (37).jpg,138
138/138 (38).jpg,138
138/138 (39).jpg,138
138/138 (4).jpg,138
138/138 (40).jpg,138
138/138 (41).jpg,138
138/138 (42).jpg,138
138/138 (43).jpg,138
138/138 (44).jpg,138
138/138 (45).jpg,138
138/138 (46).jpg,138
138/138 (47).jpg,138
138/138 (48).jpg,138
138/138 (49).jpg,138
138/138 (5).jpg,138
138/138 (50).jpg,138
138/138 (51).jpg,138
138/138 (52).jpg,138
138/138 (53).jpg,138
138/138 (54).jpg,138
138/138 (55).jpg,138
138/138 (56).jpg,138
138/138 (57).jpg,138
138/138 (58).jpg,138
138/138 (59).jpg,138
138/138 (6).jpg,138
138/138 (60).jpg,138
138/138 (61).jpg,138
138/138 (62).jpg,138
138/138 (63).jpg,138
138/138 (64).jpg,138
138/138 (65).jpg,138
138/138 (66).jpg,138
138/138 (67).jpg,138
138/138 (68).jpg,138
138/138 (69).jpg,138
138/138 (7).jpg,138
138/138 (70).jpg,138
138/138 (71).jpg,138
138/138 (72).jpg,138
138/138 (73).jpg,138
138/138 (74).jpg,138
138/138 (75).jpg,138
138/138 (76).jpg,138
138/138 (77).jpg,138
138/138 (78).jpg,138
138/138 (79).jpg,138
138/138 (8).jpg,138
138/138 (80).jpg,138
138/138 (81).jpg,138
138/138 (82).jpg,138
138/138 (83).jpg,138
138/138 (84).jpg,138
138/138 (85).jpg,138
138/138 (86).jpg,138
138/138 (87).jpg,138
138/138 (88).jpg,138
138/138 (89).jpg,138
138/138 (9).jpg,138
138/138 (90).jpg,138
138/138 (91).jpg,138
138/138 (92).jpg,138
138/138 (93).jpg,138
138/138 (94).jpg,138
138/138 (95).jpg,138
138/138 (96).jpg,138
138/138 (97).jpg,138
138/138 (98).jpg,138
138/138 (99).jpg,138
139/139 (1).jpg,139
139/139 (10).jpg,139
139/139 (100).jpg,139
139/139 (101).jpg,139
139/139 (102).jpg,139
139/139 (103).jpg,139
139/139 (104).jpg,139
139/139 (105).jpg,139
139/139 (106).jpg,139
139/139 (107).jpg,139
139/139 (108).jpg,139
139/139 (109).jpg,139
139/139 (11).jpg,139
139/139 (110).jpg,139
139/139 (111).jpg,139
139/139 (112).jpg,139
139/139 (113).jpg,139
139/139 (114).jpg,139
139/139 (115).jpg,139
139/139 (116).jpg,139
139/139 (117).jpg,139
139/139 (118).jpg,139
139/139 (119).jpg,139
139/139 (12).jpg,139
139/139 (120).jpg,139
139/139 (121).jpg,139
139/139 (122).jpg,139
139/139 (123).jpg,139
139/139 (124).jpg,139
139/139 (125).jpg,139
139/139 (126).jpg,139
139/139 (127).jpg,139
139/139 (128).jpg,139
139/139 (129).jpg,139
139/139 (13).jpg,139
139/139 (130).jpg,139
139/139 (131).jpg,139
139/139 (132).jpg,139
139/139 (133).jpg,139
139/139 (134).jpg,139
139/139 (135).jpg,139
139/139 (136).jpg,139
139/139 (137).jpg,139
139/139 (138).jpg,139
139/139 (139).jpg,139
139/139 (14).jpg,139
139/139 (140).jpg,139
139/139 (141).jpg,139
139/139 (142).jpg,139
139/139 (143).jpg,139
139/139 (144).jpg,139
139/139 (145).jpg,139
139/139 (146).jpg,139
139/139 (147).jpg,139
139/139 (148).jpg,139
139/139 (149).jpg,139
139/139 (15).jpg,139
139/139 (150).jpg,139
139/139 (151).jpg,139
139/139 (152).jpg,139
139/139 (153).jpg,139
139/139 (154).jpg,139
139/139 (155).jpg,139
139/139 (156).jpg,139
139/139 (157).jpg,139
139/139 (158).jpg,139
139/139 (159).jpg,139
139/139 (16).jpg,139
139/139 (160).jpg,139
139/139 (17).jpg,139
139/139 (18).jpg,139
139/139 (19).jpg,139
139/139 (2).jpg,139
139/139 (20).jpg,139
139/139 (21).jpg,139
139/139 (22).jpg,139
139/139 (23).jpg,139
139/139 (24).jpg,139
139/139 (25).jpg,139
139/139 (26).jpg,139
139/139 (27).jpg,139
139/139 (28).jpg,139
139/139 (29).jpg,139
139/139 (3).jpg,139
139/139 (30).jpg,139
139/139 (31).jpg,139
139/139 (32).jpg,139
139/139 (33).jpg,139
139/139 (34).jpg,139
139/139 (35).jpg,139
139/139 (36).jpg,139
139/139 (37).jpg,139
139/139 (38).jpg,139
139/139 (39).jpg,139
139/139 (4).jpg,139
139/139 (40).jpg,139
139/139 (41).jpg,139
139/139 (42).jpg,139
139/139 (43).jpg,139
139/139 (44).jpg,139
139/139 (45).jpg,139
139/139 (46).jpg,139
139/139 (47).jpg,139
139/139 (48).jpg,139
139/139 (49).jpg,139
139/139 (5).jpg,139
139/139 (50).jpg,139
139/139 (51).jpg,139
139/139 (52).jpg,139
139/139 (53).jpg,139
139/139 (54).jpg,139
139/139 (55).jpg,139
139/139 (56).jpg,139
139/139 (57).jpg,139
139/139 (58).jpg,139
139/139 (59).jpg,139
139/139 (6).jpg,139
139/139 (60).jpg,139
139/139 (61).jpg,139
139/139 (62).jpg,139
139/139 (63).jpg,139
139/139 (64).jpg,139
139/139 (65).jpg,139
139/139 (66).jpg,139
139/139 (67).jpg,139
139/139 (68).jpg,139
139/139 (69).jpg,139
139/139 (7).jpg,139
139/139 (70).jpg,139
139/139 (71).jpg,139
139/139 (72).jpg,139
139/139 (73).jpg,139
139/139 (74).jpg,139
139/139 (75).jpg,139
139/139 (76).jpg,139
139/139 (77).jpg,139
139/139 (78).jpg,139
139/139 (79).jpg,139
139/139 (8).jpg,139
139/139 (80).jpg,139
139/139 (81).jpg,139
139/139 (82).jpg,139
139/139 (83).jpg,139
139/139 (84).jpg,139
139/139 (85).jpg,139
139/139 (86).jpg,139
139/139 (87).jpg,139
139/139 (88).jpg,139
139/139 (89).jpg,139
139/139 (9).jpg,139
139/139 (90).jpg,139
139/139 (91).jpg,139
139/139 (92).jpg,139
139/139 (93).jpg,139
139/139 (94).jpg,139
139/139 (95).jpg,139
139/139 (96).jpg,139
139/139 (97).jpg,139
139/139 (98).jpg,139
139/139 (99).jpg,139
140/140 (1).jpg,140
140/140 (10).jpg,140
140/140 (100).jpg,140
140/140 (101).jpg,140
140/140 (102).jpg,140
140/140 (103).jpg,140
140/140 (104).jpg,140
140/140 (105).jpg,140
140/140 (106).jpg,140
140/140 (107).jpg,140
140/140 (108).jpg,140
140/140 (109).jpg,140
140/140 (11).jpg,140
140/140 (110).jpg,140
140/140 (111).jpg,140
140/140 (112).jpg,140
140/140 (113).jpg,140
140/140 (114).jpg,140
140/140 (115).jpg,140
140/140 (116).jpg,140
140/140 (117).jpg,140
140/140 (118).jpg,140
140/140 (119).jpg,140
140/140 (12).jpg,140
140/140 (120).jpg,140
140/140 (121).jpg,140
140/140 (122).jpg,140
140/140 (123).jpg,140
140/140 (124).jpg,140
140/140 (125).jpg,140
140/140 (126).jpg,140
140/140 (127).jpg,140
140/140 (128).jpg,140
140/140 (129).jpg,140
140/140 (13).jpg,140
140/140 (130).jpg,140
140/140 (131).jpg,140
140/140 (132).jpg,140
140/140 (133).jpg,140
140/140 (134).jpg,140
140/140 (135).jpg,140
140/140 (136).jpg,140
140/140 (137).jpg,140
140/140 (138).jpg,140
140/140 (139).jpg,140
140/140 (14).jpg,140
140/140 (140).jpg,140
140/140 (141).jpg,140
140/140 (142).jpg,140
140/140 (143).jpg,140
140/140 (144).jpg,140
140/140 (145).jpg,140
140/140 (146).jpg,140
140/140 (147).jpg,140
140/140 (148).jpg,140
140/140 (149).jpg,140
140/140 (15).jpg,140
140/140 (150).jpg,140
140/140 (151).jpg,140
140/140 (152).jpg,140
140/140 (153).jpg,140
140/140 (154).jpg,140
140/140 (155).jpg,140
140/140 (156).jpg,140
140/140 (157).jpg,140
140/140 (158).jpg,140
140/140 (159).jpg,140
140/140 (16).jpg,140
140/140 (160).jpg,140
140/140 (161).jpg,140
140/140 (162).jpg,140
140/140 (163).jpg,140
140/140 (164).jpg,140
140/140 (165).jpg,140
140/140 (166).jpg,140
140/140 (167).jpg,140
140/140 (168).jpg,140
140/140 (169).jpg,140
140/140 (17).jpg,140
140/140 (170).jpg,140
140/140 (171).jpg,140
140/140 (172).jpg,140
140/140 (173).jpg,140
140/140 (174).jpg,140
140/140 (175).jpg,140
140/140 (176).jpg,140
140/140 (177).jpg,140
140/140 (178).jpg,140
140/140 (179).jpg,140
140/140 (18).jpg,140
140/140 (180).jpg,140
140/140 (181).jpg,140
140/140 (182).jpg,140
140/140 (183).jpg,140
140/140 (184).jpg,140
140/140 (185).jpg,140
140/140 (186).jpg,140
140/140 (187).jpg,140
140/140 (188).jpg,140
140/140 (189).jpg,140
140/140 (19).jpg,140
140/140 (190).jpg,140
140/140 (191).jpg,140
140/140 (192).jpg,140
140/140 (193).jpg,140
140/140 (194).jpg,140
140/140 (195).jpg,140
140/140 (196).jpg,140
140/140 (197).jpg,140
140/140 (198).jpg,140
140/140 (199).jpg,140
140/140 (2).jpg,140
140/140 (20).jpg,140
140/140 (200).jpg,140
140/140 (201).jpg,140
140/140 (21).jpg,140
140/140 (22).jpg,140
140/140 (23).jpg,140
140/140 (24).jpg,140
140/140 (25).jpg,140
140/140 (26).jpg,140
140/140 (27).jpg,140
140/140 (28).jpg,140
140/140 (29).jpg,140
140/140 (3).jpg,140
140/140 (30).jpg,140
140/140 (31).jpg,140
140/140 (32).jpg,140
140/140 (33).jpg,140
140/140 (34).jpg,140
140/140 (35).jpg,140
140/140 (36).jpg,140
140/140 (37).jpg,140
140/140 (38).jpg,140
140/140 (39).jpg,140
140/140 (4).jpg,140
140/140 (40).jpg,140
140/140 (41).jpg,140
140/140 (42).jpg,140
140/140 (43).jpg,140
140/140 (44).jpg,140
140/140 (45).jpg,140
140/140 (46).jpg,140
140/140 (47).jpg,140
140/140 (48).jpg,140
140/140 (49).jpg,140
140/140 (5).jpg,140
140/140 (50).jpg,140
140/140 (51).jpg,140
140/140 (52).jpg,140
140/140 (53).jpg,140
140/140 (54).jpg,140
140/140 (55).jpg,140
140/140 (56).jpg,140
140/140 (57).jpg,140
140/140 (58).jpg,140
140/140 (59).jpg,140
140/140 (6).jpg,140
140/140 (60).jpg,140
140/140 (61).jpg,140
140/140 (62).jpg,140
140/140 (63).jpg,140
140/140 (64).jpg,140
140/140 (65).jpg,140
140/140 (66).jpg,140
140/140 (67).jpg,140
140/140 (68).jpg,140
140/140 (69).jpg,140
140/140 (7).jpg,140
140/140 (70).jpg,140
140/140 (71).jpg,140
140/140 (72).jpg,140
140/140 (73).jpg,140
140/140 (74).jpg,140
140/140 (75).jpg,140
140/140 (76).jpg,140
140/140 (77).jpg,140
140/140 (78).jpg,140
140/140 (79).jpg,140
140/140 (8).jpg,140
140/140 (80).jpg,140
140/140 (81).jpg,140
140/140 (82).jpg,140
140/140 (83).jpg,140
140/140 (84).jpg,140
140/140 (85).jpg,140
140/140 (86).jpg,140
140/140 (87).jpg,140
140/140 (88).jpg,140
140/140 (89).jpg,140
140/140 (9).jpg,140
140/140 (90).jpg,140
140/140 (91).jpg,140
140/140 (92).jpg,140
140/140 (93).jpg,140
140/140 (94).jpg,140
140/140 (95).jpg,140
140/140 (96).jpg,140
140/140 (97).jpg,140
140/140 (98).jpg,140
140/140 (99).jpg,140
141/141 (1).jpg,141
141/141 (10).jpg,141
141/141 (100).jpg,141
141/141 (101).jpg,141
141/141 (102).jpg,141
141/141 (103).jpg,141
141/141 (104).jpg,141
141/141 (105).jpg,141
141/141 (106).jpg,141
141/141 (107).jpg,141
141/141 (108).jpg,141
141/141 (109).jpg,141
141/141 (11).jpg,141
141/141 (110).jpg,141
141/141 (111).jpg,141
141/141 (112).jpg,141
141/141 (113).jpg,141
141/141 (114).jpg,141
141/141 (115).jpg,141
141/141 (116).jpg,141
141/141 (117).jpg,141
141/141 (118).jpg,141
141/141 (119).jpg,141
141/141 (12).jpg,141
141/141 (120).jpg,141
141/141 (121).jpg,141
141/141 (122).jpg,141
141/141 (123).jpg,141
141/141 (124).jpg,141
141/141 (125).jpg,141
141/141 (126).jpg,141
141/141 (127).jpg,141
141/141 (128).jpg,141
141/141 (129).jpg,141
141/141 (13).jpg,141
141/141 (130).jpg,141
141/141 (131).jpg,141
141/141 (132).jpg,141
141/141 (133).jpg,141
141/141 (134).jpg,141
141/141 (135).jpg,141
141/141 (136).jpg,141
141/141 (137).jpg,141
141/141 (138).jpg,141
141/141 (139).jpg,141
141/141 (14).jpg,141
141/141 (140).jpg,141
141/141 (141).jpg,141
141/141 (142).jpg,141
141/141 (143).jpg,141
141/141 (144).jpg,141
141/141 (145).jpg,141
141/141 (146).jpg,141
141/141 (147).jpg,141
141/141 (148).jpg,141
141/141 (149).jpg,141
141/141 (15).jpg,141
141/141 (150).jpg,141
141/141 (151).jpg,141
141/141 (152).jpg,141
141/141 (153).jpg,141
141/141 (154).jpg,141
141/141 (155).jpg,141
141/141 (156).jpg,141
141/141 (157).jpg,141
141/141 (158).jpg,141
141/141 (159).jpg,141
141/141 (16).jpg,141
141/141 (160).jpg,141
141/141 (161).jpg,141
141/141 (162).jpg,141
141/141 (163).jpg,141
141/141 (164).jpg,141
141/141 (165).jpg,141
141/141 (166).jpg,141
141/141 (167).jpg,141
141/141 (168).jpg,141
141/141 (169).jpg,141
141/141 (17).jpg,141
141/141 (170).jpg,141
141/141 (18).jpg,141
141/141 (19).jpg,141
141/141 (2).jpg,141
141/141 (20).jpg,141
141/141 (21).jpg,141
141/141 (22).jpg,141
141/141 (23).jpg,141
141/141 (24).jpg,141
141/141 (25).jpg,141
141/141 (26).jpg,141
141/141 (27).jpg,141
141/141 (28).jpg,141
141/141 (29).jpg,141
141/141 (3).jpg,141
141/141 (30).jpg,141
141/141 (31).jpg,141
141/141 (32).jpg,141
141/141 (33).jpg,141
141/141 (34).jpg,141
141/141 (35).jpg,141
141/141 (36).jpg,141
141/141 (37).jpg,141
141/141 (38).jpg,141
141/141 (39).jpg,141
141/141 (4).jpg,141
141/141 (40).jpg,141
141/141 (41).jpg,141
141/141 (42).jpg,141
141/141 (43).jpg,141
141/141 (44).jpg,141
141/141 (45).jpg,141
141/141 (46).jpg,141
141/141 (47).jpg,141
141/141 (48).jpg,141
141/141 (49).jpg,141
141/141 (5).jpg,141
141/141 (50).jpg,141
141/141 (51).jpg,141
141/141 (52).jpg,141
141/141 (53).jpg,141
141/141 (54).jpg,141
141/141 (55).jpg,141
141/141 (56).jpg,141
141/141 (57).jpg,141
141/141 (58).jpg,141
141/141 (59).jpg,141
141/141 (6).jpg,141
141/141 (60).jpg,141
141/141 (61).jpg,141
141/141 (62).jpg,141
141/141 (63).jpg,141
141/141 (64).jpg,141
141/141 (65).jpg,141
141/141 (66).jpg,141
141/141 (67).jpg,141
141/141 (68).jpg,141
141/141 (69).jpg,141
141/141 (7).jpg,141
141/141 (70).jpg,141
141/141 (71).jpg,141
141/141 (72).jpg,141
141/141 (73).jpg,141
141/141 (74).jpg,141
141/141 (75).jpg,141
141/141 (76).jpg,141
141/141 (77).jpg,141
141/141 (78).jpg,141
141/141 (79).jpg,141
141/141 (8).jpg,141
141/141 (80).jpg,141
141/141 (81).jpg,141
141/141 (82).jpg,141
141/141 (83).jpg,141
141/141 (84).jpg,141
141/141 (85).jpg,141
141/141 (86).jpg,141
141/141 (87).jpg,141
141/141 (88).jpg,141
141/141 (89).jpg,141
141/141 (9).jpg,141
141/141 (90).jpg,141
141/141 (91).jpg,141
141/141 (92).jpg,141
141/141 (93).jpg,141
141/141 (94).jpg,141
141/141 (95).jpg,141
141/141 (96).jpg,141
141/141 (97).jpg,141
141/141 (98).jpg,141
141/141 (99).jpg,141
142/142 (1).jpg,142
142/142 (10).jpg,142
142/142 (100).jpg,142
142/142 (101).jpg,142
142/142 (102).jpg,142
142/142 (103).jpg,142
142/142 (104).jpg,142
142/142 (105).jpg,142
142/142 (106).jpg,142
142/142 (107).jpg,142
142/142 (108).jpg,142
142/142 (109).jpg,142
142/142 (11).jpg,142
142/142 (110).jpg,142
142/142 (111).jpg,142
142/142 (112).jpg,142
142/142 (113).jpg,142
142/142 (114).jpg,142
142/142 (115).jpg,142
142/142 (116).jpg,142
142/142 (117).jpg,142
142/142 (118).jpg,142
142/142 (119).jpg,142
142/142 (12).jpg,142
142/142 (120).jpg,142
142/142 (121).jpg,142
142/142 (122).jpg,142
142/142 (123).jpg,142
142/142 (124).jpg,142
142/142 (125).jpg,142
142/142 (126).jpg,142
142/142 (127).jpg,142
142/142 (128).jpg,142
142/142 (129).jpg,142
142/142 (13).jpg,142
142/142 (130).jpg,142
142/142 (131).jpg,142
142/142 (132).jpg,142
142/142 (133).jpg,142
142/142 (134).jpg,142
142/142 (135).jpg,142
142/142 (136).jpg,142
142/142 (137).jpg,142
142/142 (138).jpg,142
142/142 (139).jpg,142
142/142 (14).jpg,142
142/142 (140).jpg,142
142/142 (141).jpg,142
142/142 (142).jpg,142
142/142 (143).jpg,142
142/142 (144).jpg,142
142/142 (145).jpg,142
142/142 (146).jpg,142
142/142 (147).jpg,142
142/142 (148).jpg,142
142/142 (149).jpg,142
142/142 (15).jpg,142
142/142 (150).jpg,142
142/142 (151).jpg,142
142/142 (152).jpg,142
142/142 (153).jpg,142
142/142 (154).jpg,142
142/142 (155).jpg,142
142/142 (156).jpg,142
142/142 (157).jpg,142
142/142 (158).jpg,142
142/142 (159).jpg,142
142/142 (16).jpg,142
142/142 (160).jpg,142
142/142 (17).jpg,142
142/142 (18).jpg,142
142/142 (19).jpg,142
142/142 (2).jpg,142
142/142 (20).jpg,142
142/142 (21).jpg,142
142/142 (22).jpg,142
142/142 (23).jpg,142
142/142 (24).jpg,142
142/142 (25).jpg,142
142/142 (26).jpg,142
142/142 (27).jpg,142
142/142 (28).jpg,142
142/142 (29).jpg,142
142/142 (3).jpg,142
142/142 (30).jpg,142
142/142 (31).jpg,142
142/142 (32).jpg,142
142/142 (33).jpg,142
142/142 (34).jpg,142
142/142 (35).jpg,142
142/142 (36).jpg,142
142/142 (37).jpg,142
142/142 (38).jpg,142
142/142 (39).jpg,142
142/142 (4).jpg,142
142/142 (40).jpg,142
142/142 (41).jpg,142
142/142 (42).jpg,142
142/142 (43).jpg,142
142/142 (44).jpg,142
142/142 (45).jpg,142
142/142 (46).jpg,142
142/142 (47).jpg,142
142/142 (48).jpg,142
142/142 (49).jpg,142
142/142 (5).jpg,142
142/142 (50).jpg,142
142/142 (51).jpg,142
142/142 (52).jpg,142
142/142 (53).jpg,142
142/142 (54).jpg,142
142/142 (55).jpg,142
142/142 (56).jpg,142
142/142 (57).jpg,142
142/142 (58).jpg,142
142/142 (59).jpg,142
142/142 (6).jpg,142
142/142 (60).jpg,142
142/142 (61).jpg,142
142/142 (62).jpg,142
142/142 (63).jpg,142
142/142 (64).jpg,142
142/142 (65).jpg,142
142/142 (66).jpg,142
142/142 (67).jpg,142
142/142 (68).jpg,142
142/142 (69).jpg,142
142/142 (7).jpg,142
142/142 (70).jpg,142
142/142 (71).jpg,142
142/142 (72).jpg,142
142/142 (73).jpg,142
142/142 (74).jpg,142
142/142 (75).jpg,142
142/142 (76).jpg,142
142/142 (77).jpg,142
142/142 (78).jpg,142
142/142 (79).jpg,142
142/142 (8).jpg,142
142/142 (80).jpg,142
142/142 (81).jpg,142
142/142 (82).jpg,142
142/142 (83).jpg,142
142/142 (84).jpg,142
142/142 (85).jpg,142
142/142 (86).jpg,142
142/142 (87).jpg,142
142/142 (88).jpg,142
142/142 (89).jpg,142
142/142 (9).jpg,142
142/142 (90).jpg,142
142/142 (91).jpg,142
142/142 (92).jpg,142
142/142 (93).jpg,142
142/142 (94).jpg,142
142/142 (95).jpg,142
142/142 (96).jpg,142
142/142 (97).jpg,142
142/142 (98).jpg,142
142/142 (99).jpg,142
143/143 (1).jpg,143
143/143 (10).jpg,143
143/143 (100).jpg,143
143/143 (101).jpg,143
143/143 (102).jpg,143
143/143 (103).jpg,143
143/143 (104).jpg,143
143/143 (105).jpg,143
143/143 (106).jpg,143
143/143 (107).jpg,143
143/143 (108).jpg,143
143/143 (109).jpg,143
143/143 (11).jpg,143
143/143 (110).jpg,143
143/143 (111).jpg,143
143/143 (112).jpg,143
143/143 (113).jpg,143
143/143 (114).jpg,143
143/143 (115).jpg,143
143/143 (116).jpg,143
143/143 (117).jpg,143
143/143 (118).jpg,143
143/143 (119).jpg,143
143/143 (12).jpg,143
143/143 (120).jpg,143
143/143 (121).jpg,143
143/143 (122).jpg,143
143/143 (123).jpg,143
143/143 (124).jpg,143
143/143 (125).jpg,143
143/143 (126).jpg,143
143/143 (127).jpg,143
143/143 (128).jpg,143
143/143 (129).jpg,143
143/143 (13).jpg,143
143/143 (130).jpg,143
143/143 (131).jpg,143
143/143 (132).jpg,143
143/143 (133).jpg,143
143/143 (134).jpg,143
143/143 (135).jpg,143
143/143 (136).jpg,143
143/143 (137).jpg,143
143/143 (138).jpg,143
143/143 (139).jpg,143
143/143 (14).jpg,143
143/143 (140).jpg,143
143/143 (141).jpg,143
143/143 (142).jpg,143
143/143 (143).jpg,143
143/143 (144).jpg,143
143/143 (145).jpg,143
143/143 (146).jpg,143
143/143 (147).jpg,143
143/143 (148).jpg,143
143/143 (149).jpg,143
143/143 (15).jpg,143
143/143 (150).jpg,143
143/143 (151).jpg,143
143/143 (152).jpg,143
143/143 (153).jpg,143
143/143 (154).jpg,143
143/143 (155).jpg,143
143/143 (156).jpg,143
143/143 (157).jpg,143
143/143 (158).jpg,143
143/143 (159).jpg,143
143/143 (16).jpg,143
143/143 (160).jpg,143
143/143 (161).jpg,143
143/143 (162).jpg,143
143/143 (163).jpg,143
143/143 (164).jpg,143
143/143 (165).jpg,143
143/143 (166).jpg,143
143/143 (167).jpg,143
143/143 (168).jpg,143
143/143 (169).jpg,143
143/143 (17).jpg,143
143/143 (170).jpg,143
143/143 (171).jpg,143
143/143 (172).jpg,143
143/143 (173).jpg,143
143/143 (174).jpg,143
143/143 (175).jpg,143
143/143 (176).jpg,143
143/143 (177).jpg,143
143/143 (178).jpg,143
143/143 (179).jpg,143
143/143 (18).jpg,143
143/143 (180).jpg,143
143/143 (19).jpg,143
143/143 (2).jpg,143
143/143 (20).jpg,143
143/143 (21).jpg,143
143/143 (22).jpg,143
143/143 (23).jpg,143
143/143 (24).jpg,143
143/143 (25).jpg,143
143/143 (26).jpg,143
143/143 (27).jpg,143
143/143 (28).jpg,143
143/143 (29).jpg,143
143/143 (3).jpg,143
143/143 (30).jpg,143
143/143 (31).jpg,143
143/143 (32).jpg,143
143/143 (33).jpg,143
143/143 (34).jpg,143
143/143 (35).jpg,143
143/143 (36).jpg,143
143/143 (37).jpg,143
143/143 (38).jpg,143
143/143 (39).jpg,143
143/143 (4).jpg,143
143/143 (40).jpg,143
143/143 (41).jpg,143
143/143 (42).jpg,143
143/143 (43).jpg,143
143/143 (44).jpg,143
143/143 (45).jpg,143
143/143 (46).jpg,143
143/143 (47).jpg,143
143/143 (48).jpg,143
143/143 (49).jpg,143
143/143 (5).jpg,143
143/143 (50).jpg,143
143/143 (51).jpg,143
143/143 (52).jpg,143
143/143 (53).jpg,143
143/143 (54).jpg,143
143/143 (55).jpg,143
143/143 (56).jpg,143
143/143 (57).jpg,143
143/143 (58).jpg,143
143/143 (59).jpg,143
143/143 (6).jpg,143
143/143 (60).jpg,143
143/143 (61).jpg,143
143/143 (62).jpg,143
143/143 (63).jpg,143
143/143 (64).jpg,143
143/143 (65).jpg,143
143/143 (66).jpg,143
143/143 (67).jpg,143
143/143 (68).jpg,143
143/143 (69).jpg,143
143/143 (7).jpg,143
143/143 (70).jpg,143
143/143 (71).jpg,143
143/143 (72).jpg,143
143/143 (73).jpg,143
143/143 (74).jpg,143
143/143 (75).jpg,143
143/143 (76).jpg,143
143/143 (77).jpg,143
143/143 (78).jpg,143
143/143 (79).jpg,143
143/143 (8).jpg,143
143/143 (80).jpg,143
143/143 (81).jpg,143
143/143 (82).jpg,143
143/143 (83).jpg,143
143/143 (84).jpg,143
143/143 (85).jpg,143
143/143 (86).jpg,143
143/143 (87).jpg,143
143/143 (88).jpg,143
143/143 (89).jpg,143
143/143 (9).jpg,143
143/143 (90).jpg,143
143/143 (91).jpg,143
143/143 (92).jpg,143
143/143 (93).jpg,143
143/143 (94).jpg,143
143/143 (95).jpg,143
143/143 (96).jpg,143
143/143 (97).jpg,143
143/143 (98).jpg,143
143/143 (99).jpg,143
144/144 (1).jpg,144
144/144 (10).jpg,144
144/144 (100).jpg,144
144/144 (101).jpg,144
144/144 (102).jpg,144
144/144 (103).jpg,144
144/144 (104).jpg,144
144/144 (105).jpg,144
144/144 (106).jpg,144
144/144 (107).jpg,144
144/144 (108).jpg,144
144/144 (109).jpg,144
144/144 (11).jpg,144
144/144 (110).jpg,144
144/144 (111).jpg,144
144/144 (112).jpg,144
144/144 (113).jpg,144
144/144 (114).jpg,144
144/144 (115).jpg,144
144/144 (116).jpg,144
144/144 (117).jpg,144
144/144 (118).jpg,144
144/144 (119).jpg,144
144/144 (12).jpg,144
144/144 (120).jpg,144
144/144 (121).jpg,144
144/144 (122).jpg,144
144/144 (123).jpg,144
144/144 (124).jpg,144
144/144 (125).jpg,144
144/144 (126).jpg,144
144/144 (127).jpg,144
144/144 (128).jpg,144
144/144 (129).jpg,144
144/144 (13).jpg,144
144/144 (130).jpg,144
144/144 (131).jpg,144
144/144 (132).jpg,144
144/144 (133).jpg,144
144/144 (134).jpg,144
144/144 (135).jpg,144
144/144 (136).jpg,144
144/144 (137).jpg,144
144/144 (138).jpg,144
144/144 (139).jpg,144
144/144 (14).jpg,144
144/144 (140).jpg,144
144/144 (141).jpg,144
144/144 (142).jpg,144
144/144 (143).jpg,144
144/144 (144).jpg,144
144/144 (145).jpg,144
144/144 (146).jpg,144
144/144 (147).jpg,144
144/144 (148).jpg,144
144/144 (149).jpg,144
144/144 (15).jpg,144
144/144 (150).jpg,144
144/144 (151).jpg,144
144/144 (152).jpg,144
144/144 (153).jpg,144
144/144 (154).jpg,144
144/144 (155).jpg,144
144/144 (156).jpg,144
144/144 (157).jpg,144
144/144 (158).jpg,144
144/144 (159).jpg,144
144/144 (16).jpg,144
144/144 (160).jpg,144
144/144 (161).jpg,144
144/144 (162).jpg,144
144/144 (163).jpg,144
144/144 (164).jpg,144
144/144 (165).jpg,144
144/144 (166).jpg,144
144/144 (167).jpg,144
144/144 (168).jpg,144
144/144 (169).jpg,144
144/144 (17).jpg,144
144/144 (170).jpg,144
144/144 (171).jpg,144
144/144 (172).jpg,144
144/144 (173).jpg,144
144/144 (174).jpg,144
144/144 (175).jpg,144
144/144 (176).jpg,144
144/144 (177).jpg,144
144/144 (178).jpg,144
144/144 (179).jpg,144
144/144 (18).jpg,144
144/144 (180).jpg,144
144/144 (181).jpg,144
144/144 (182).jpg,144
144/144 (183).jpg,144
144/144 (184).jpg,144
144/144 (185).jpg,144
144/144 (186).jpg,144
144/144 (187).jpg,144
144/144 (188).jpg,144
144/144 (189).jpg,144
144/144 (19).jpg,144
144/144 (190).jpg,144
144/144 (191).jpg,144
144/144 (192).jpg,144
144/144 (2).jpg,144
144/144 (20).jpg,144
144/144 (21).jpg,144
144/144 (22).jpg,144
144/144 (23).jpg,144
144/144 (24).jpg,144
144/144 (25).jpg,144
144/144 (26).jpg,144
144/144 (27).jpg,144
144/144 (28).jpg,144
144/144 (29).jpg,144
144/144 (3).jpg,144
144/144 (30).jpg,144
144/144 (31).jpg,144
144/144 (32).jpg,144
144/144 (33).jpg,144
144/144 (34).jpg,144
144/144 (35).jpg,144
144/144 (36).jpg,144
144/144 (37).jpg,144
144/144 (38).jpg,144
144/144 (39).jpg,144
144/144 (4).jpg,144
144/144 (40).jpg,144
144/144 (41).jpg,144
144/144 (42).jpg,144
144/144 (43).jpg,144
144/144 (44).jpg,144
144/144 (45).jpg,144
144/144 (46).jpg,144
144/144 (47).jpg,144
144/144 (48).jpg,144
144/144 (49).jpg,144
144/144 (5).jpg,144
144/144 (50).jpg,144
144/144 (51).jpg,144
144/144 (52).jpg,144
144/144 (53).jpg,144
144/144 (54).jpg,144
144/144 (55).jpg,144
144/144 (56).jpg,144
144/144 (57).jpg,144
144/144 (58).jpg,144
144/144 (59).jpg,144
144/144 (6).jpg,144
144/144 (60).jpg,144
144/144 (61).jpg,144
144/144 (62).jpg,144
144/144 (63).jpg,144
144/144 (64).jpg,144
144/144 (65).jpg,144
144/144 (66).jpg,144
144/144 (67).jpg,144
144/144 (68).jpg,144
144/144 (69).jpg,144
144/144 (7).jpg,144
144/144 (70).jpg,144
144/144 (71).jpg,144
144/144 (72).jpg,144
144/144 (73).jpg,144
144/144 (74).jpg,144
144/144 (75).jpg,144
144/144 (76).jpg,144
144/144 (77).jpg,144
144/144 (78).jpg,144
144/144 (79).jpg,144
144/144 (8).jpg,144
144/144 (80).jpg,144
144/144 (81).jpg,144
144/144 (82).jpg,144
144/144 (83).jpg,144
144/144 (84).jpg,144
144/144 (85).jpg,144
144/144 (86).jpg,144
144/144 (87).jpg,144
144/144 (88).jpg,144
144/144 (89).jpg,144
144/144 (9).jpg,144
144/144 (90).jpg,144
144/144 (91).jpg,144
144/144 (92).jpg,144
144/144 (93).jpg,144
144/144 (94).jpg,144
144/144 (95).jpg,144
144/144 (96).jpg,144
144/144 (97).jpg,144
144/144 (98).jpg,144
144/144 (99).jpg,144
145/145 (1).jpg,145
145/145 (10).jpg,145
145/145 (100).jpg,145
145/145 (101).jpg,145
145/145 (102).jpg,145
145/145 (103).jpg,145
145/145 (104).jpg,145
145/145 (105).jpg,145
145/145 (106).jpg,145
145/145 (107).jpg,145
145/145 (108).jpg,145
145/145 (109).jpg,145
145/145 (11).jpg,145
145/145 (110).jpg,145
145/145 (111).jpg,145
145/145 (112).jpg,145
145/145 (113).jpg,145
145/145 (114).jpg,145
145/145 (115).jpg,145
145/145 (116).jpg,145
145/145 (117).jpg,145
145/145 (118).jpg,145
145/145 (119).jpg,145
145/145 (12).jpg,145
145/145 (120).jpg,145
145/145 (121).jpg,145
145/145 (122).jpg,145
145/145 (123).jpg,145
145/145 (124).jpg,145
145/145 (125).jpg,145
145/145 (126).jpg,145
145/145 (127).jpg,145
145/145 (128).jpg,145
145/145 (129).jpg,145
145/145 (13).jpg,145
145/145 (130).jpg,145
145/145 (131).jpg,145
145/145 (132).jpg,145
145/145 (133).jpg,145
145/145 (134).jpg,145
145/145 (135).jpg,145
145/145 (136).jpg,145
145/145 (137).jpg,145
145/145 (138).jpg,145
145/145 (139).jpg,145
145/145 (14).jpg,145
145/145 (140).jpg,145
145/145 (141).jpg,145
145/145 (142).jpg,145
145/145 (143).jpg,145
145/145 (144).jpg,145
145/145 (145).jpg,145
145/145 (146).jpg,145
145/145 (147).jpg,145
145/145 (148).jpg,145
145/145 (149).jpg,145
145/145 (15).jpg,145
145/145 (150).jpg,145
145/145 (151).jpg,145
145/145 (152).jpg,145
145/145 (153).jpg,145
145/145 (154).jpg,145
145/145 (155).jpg,145
145/145 (156).jpg,145
145/145 (157).jpg,145
145/145 (158).jpg,145
145/145 (159).jpg,145
145/145 (16).jpg,145
145/145 (17).jpg,145
145/145 (18).jpg,145
145/145 (19).jpg,145
145/145 (2).jpg,145
145/145 (20).jpg,145
145/145 (21).jpg,145
145/145 (22).jpg,145
145/145 (23).jpg,145
145/145 (24).jpg,145
145/145 (25).jpg,145
145/145 (26).jpg,145
145/145 (27).jpg,145
145/145 (28).jpg,145
145/145 (29).jpg,145
145/145 (3).jpg,145
145/145 (30).jpg,145
145/145 (31).jpg,145
145/145 (32).jpg,145
145/145 (33).jpg,145
145/145 (34).jpg,145
145/145 (35).jpg,145
145/145 (36).jpg,145
145/145 (37).jpg,145
145/145 (38).jpg,145
145/145 (39).jpg,145
145/145 (4).jpg,145
145/145 (40).jpg,145
145/145 (41).jpg,145
145/145 (42).jpg,145
145/145 (43).jpg,145
145/145 (44).jpg,145
145/145 (45).jpg,145
145/145 (46).jpg,145
145/145 (47).jpg,145
145/145 (48).jpg,145
145/145 (49).jpg,145
145/145 (5).jpg,145
145/145 (50).jpg,145
145/145 (51).jpg,145
145/145 (52).jpg,145
145/145 (53).jpg,145
145/145 (54).jpg,145
145/145 (55).jpg,145
145/145 (56).jpg,145
145/145 (57).jpg,145
145/145 (58).jpg,145
145/145 (59).jpg,145
145/145 (6).jpg,145
145/145 (60).jpg,145
145/145 (61).jpg,145
145/145 (62).jpg,145
145/145 (63).jpg,145
145/145 (64).jpg,145
145/145 (65).jpg,145
145/145 (66).jpg,145
145/145 (67).jpg,145
145/145 (68).jpg,145
145/145 (69).jpg,145
145/145 (7).jpg,145
145/145 (70).jpg,145
145/145 (71).jpg,145
145/145 (72).jpg,145
145/145 (73).jpg,145
145/145 (74).jpg,145
145/145 (75).jpg,145
145/145 (76).jpg,145
145/145 (77).jpg,145
145/145 (78).jpg,145
145/145 (79).jpg,145
145/145 (8).jpg,145
145/145 (80).jpg,145
145/145 (81).jpg,145
145/145 (82).jpg,145
145/145 (83).jpg,145
145/145 (84).jpg,145
145/145 (85).jpg,145
145/145 (86).jpg,145
145/145 (87).jpg,145
145/145 (88).jpg,145
145/145 (89).jpg,145
145/145 (9).jpg,145
145/145 (90).jpg,145
145/145 (91).jpg,145
145/145 (92).jpg,145
145/145 (93).jpg,145
145/145 (94).jpg,145
145/145 (95).jpg,145
145/145 (96).jpg,145
145/145 (97).jpg,145
145/145 (98).jpg,145
145/145 (99).jpg,145
146/146 (1).jpg,146
146/146 (10).jpg,146
146/146 (100).jpg,146
146/146 (101).jpg,146
146/146 (102).jpg,146
146/146 (103).jpg,146
146/146 (104).jpg,146
146/146 (105).jpg,146
146/146 (106).jpg,146
146/146 (107).jpg,146
146/146 (108).jpg,146
146/146 (109).jpg,146
146/146 (11).jpg,146
146/146 (110).jpg,146
146/146 (111).jpg,146
146/146 (112).jpg,146
146/146 (113).jpg,146
146/146 (114).jpg,146
146/146 (115).jpg,146
146/146 (116).jpg,146
146/146 (117).jpg,146
146/146 (118).jpg,146
146/146 (119).jpg,146
146/146 (12).jpg,146
146/146 (120).jpg,146
146/146 (121).jpg,146
146/146 (122).jpg,146
146/146 (123).jpg,146
146/146 (124).jpg,146
146/146 (125).jpg,146
146/146 (126).jpg,146
146/146 (127).jpg,146
146/146 (128).jpg,146
146/146 (129).jpg,146
146/146 (13).jpg,146
146/146 (130).jpg,146
146/146 (131).jpg,146
146/146 (132).jpg,146
146/146 (133).jpg,146
146/146 (134).jpg,146
146/146 (135).jpg,146
146/146 (136).jpg,146
146/146 (137).jpg,146
146/146 (138).jpg,146
146/146 (139).jpg,146
146/146 (14).jpg,146
146/146 (140).jpg,146
146/146 (141).jpg,146
146/146 (142).jpg,146
146/146 (143).jpg,146
146/146 (144).jpg,146
146/146 (145).jpg,146
146/146 (146).jpg,146
146/146 (147).jpg,146
146/146 (148).jpg,146
146/146 (149).jpg,146
146/146 (15).jpg,146
146/146 (150).jpg,146
146/146 (151).jpg,146
146/146 (152).jpg,146
146/146 (153).jpg,146
146/146 (154).jpg,146
146/146 (155).jpg,146
146/146 (156).jpg,146
146/146 (157).jpg,146
146/146 (158).jpg,146
146/146 (159).jpg,146
146/146 (16).jpg,146
146/146 (160).jpg,146
146/146 (161).jpg,146
146/146 (162).jpg,146
146/146 (163).jpg,146
146/146 (164).jpg,146
146/146 (165).jpg,146
146/146 (166).jpg,146
146/146 (17).jpg,146
146/146 (18).jpg,146
146/146 (19).jpg,146
146/146 (2).jpg,146
146/146 (20).jpg,146
146/146 (21).jpg,146
146/146 (22).jpg,146
146/146 (23).jpg,146
146/146 (24).jpg,146
146/146 (25).jpg,146
146/146 (26).jpg,146
146/146 (27).jpg,146
146/146 (28).jpg,146
146/146 (29).jpg,146
146/146 (3).jpg,146
146/146 (30).jpg,146
146/146 (31).jpg,146
146/146 (32).jpg,146
146/146 (33).jpg,146
146/146 (34).jpg,146
146/146 (35).jpg,146
146/146 (36).jpg,146
146/146 (37).jpg,146
146/146 (38).jpg,146
146/146 (39).jpg,146
146/146 (4).jpg,146
146/146 (40).jpg,146
146/146 (41).jpg,146
146/146 (42).jpg,146
146/146 (43).jpg,146
146/146 (44).jpg,146
146/146 (45).jpg,146
146/146 (46).jpg,146
146/146 (47).jpg,146
146/146 (48).jpg,146
146/146 (49).jpg,146
146/146 (5).jpg,146
146/146 (50).jpg,146
146/146 (51).jpg,146
146/146 (52).jpg,146
146/146 (53).jpg,146
146/146 (54).jpg,146
146/146 (55).jpg,146
146/146 (56).jpg,146
146/146 (57).jpg,146
146/146 (58).jpg,146
146/146 (59).jpg,146
146/146 (6).jpg,146
146/146 (60).jpg,146
146/146 (61).jpg,146
146/146 (62).jpg,146
146/146 (63).jpg,146
146/146 (64).jpg,146
146/146 (65).jpg,146
146/146 (66).jpg,146
146/146 (67).jpg,146
146/146 (68).jpg,146
146/146 (69).jpg,146
146/146 (7).jpg,146
146/146 (70).jpg,146
146/146 (71).jpg,146
146/146 (72).jpg,146
146/146 (73).jpg,146
146/146 (74).jpg,146
146/146 (75).jpg,146
146/146 (76).jpg,146
146/146 (77).jpg,146
146/146 (78).jpg,146
146/146 (79).jpg,146
146/146 (8).jpg,146
146/146 (80).jpg,146
146/146 (81).jpg,146
146/146 (82).jpg,146
146/146 (83).jpg,146
146/146 (84).jpg,146
146/146 (85).jpg,146
146/146 (86).jpg,146
146/146 (87).jpg,146
146/146 (88).jpg,146
146/146 (89).jpg,146
146/146 (9).jpg,146
146/146 (90).jpg,146
146/146 (91).jpg,146
146/146 (92).jpg,146
146/146 (93).jpg,146
146/146 (94).jpg,146
146/146 (95).jpg,146
146/146 (96).jpg,146
146/146 (97).jpg,146
146/146 (98).jpg,146
146/146 (99).jpg,146
147/147 (1).jpg,147
147/147 (10).jpg,147
147/147 (100).jpg,147
147/147 (101).jpg,147
147/147 (102).jpg,147
147/147 (103).jpg,147
147/147 (104).jpg,147
147/147 (105).jpg,147
147/147 (106).jpg,147
147/147 (107).jpg,147
147/147 (108).jpg,147
147/147 (109).jpg,147
147/147 (11).jpg,147
147/147 (110).jpg,147
147/147 (111).jpg,147
147/147 (112).jpg,147
147/147 (113).jpg,147
147/147 (114).jpg,147
147/147 (115).jpg,147
147/147 (116).jpg,147
147/147 (117).jpg,147
147/147 (118).jpg,147
147/147 (119).jpg,147
147/147 (12).jpg,147
147/147 (120).jpg,147
147/147 (121).jpg,147
147/147 (122).jpg,147
147/147 (123).jpg,147
147/147 (124).jpg,147
147/147 (125).jpg,147
147/147 (126).jpg,147
147/147 (127).jpg,147
147/147 (128).jpg,147
147/147 (129).jpg,147
147/147 (13).jpg,147
147/147 (130).jpg,147
147/147 (131).jpg,147
147/147 (132).jpg,147
147/147 (133).jpg,147
147/147 (134).jpg,147
147/147 (135).jpg,147
147/147 (136).jpg,147
147/147 (137).jpg,147
147/147 (138).jpg,147
147/147 (139).jpg,147
147/147 (14).jpg,147
147/147 (140).jpg,147
147/147 (141).jpg,147
147/147 (142).jpg,147
147/147 (143).jpg,147
147/147 (144).jpg,147
147/147 (145).jpg,147
147/147 (146).jpg,147
147/147 (147).jpg,147
147/147 (148).jpg,147
147/147 (149).jpg,147
147/147 (15).jpg,147
147/147 (150).jpg,147
147/147 (151).jpg,147
147/147 (152).jpg,147
147/147 (153).jpg,147
147/147 (154).jpg,147
147/147 (155).jpg,147
147/147 (156).jpg,147
147/147 (157).jpg,147
147/147 (158).jpg,147
147/147 (159).jpg,147
147/147 (16).jpg,147
147/147 (160).jpg,147
147/147 (17).jpg,147
147/147 (18).jpg,147
147/147 (19).jpg,147
147/147 (2).jpg,147
147/147 (20).jpg,147
147/147 (21).jpg,147
147/147 (22).jpg,147
147/147 (23).jpg,147
147/147 (24).jpg,147
147/147 (25).jpg,147
147/147 (26).jpg,147
147/147 (27).jpg,147
147/147 (28).jpg,147
147/147 (29).jpg,147
147/147 (3).jpg,147
147/147 (30).jpg,147
147/147 (31).jpg,147
147/147 (32).jpg,147
147/147 (33).jpg,147
147/147 (34).jpg,147
147/147 (35).jpg,147
147/147 (36).jpg,147
147/147 (37).jpg,147
147/147 (38).jpg,147
147/147 (39).jpg,147
147/147 (4).jpg,147
147/147 (40).jpg,147
147/147 (41).jpg,147
147/147 (42).jpg,147
147/147 (43).jpg,147
147/147 (44).jpg,147
147/147 (45).jpg,147
147/147 (46).jpg,147
147/147 (47).jpg,147
147/147 (48).jpg,147
147/147 (49).jpg,147
147/147 (5).jpg,147
147/147 (50).jpg,147
147/147 (51).jpg,147
147/147 (52).jpg,147
147/147 (53).jpg,147
147/147 (54).jpg,147
147/147 (55).jpg,147
147/147 (56).jpg,147
147/147 (57).jpg,147
147/147 (58).jpg,147
147/147 (59).jpg,147
147/147 (6).jpg,147
147/147 (60).jpg,147
147/147 (61).jpg,147
147/147 (62).jpg,147
147/147 (63).jpg,147
147/147 (64).jpg,147
147/147 (65).jpg,147
147/147 (66).jpg,147
147/147 (67).jpg,147
147/147 (68).jpg,147
147/147 (69).jpg,147
147/147 (7).jpg,147
147/147 (70).jpg,147
147/147 (71).jpg,147
147/147 (72).jpg,147
147/147 (73).jpg,147
147/147 (74).jpg,147
147/147 (75).jpg,147
147/147 (76).jpg,147
147/147 (77).jpg,147
147/147 (78).jpg,147
147/147 (79).jpg,147
147/147 (8).jpg,147
147/147 (80).jpg,147
147/147 (81).jpg,147
147/147 (82).jpg,147
147/147 (83).jpg,147
147/147 (84).jpg,147
147/147 (85).jpg,147
147/147 (86).jpg,147
147/147 (87).jpg,147
147/147 (88).jpg,147
147/147 (89).jpg,147
147/147 (9).jpg,147
147/147 (90).jpg,147
147/147 (91).jpg,147
147/147 (92).jpg,147
147/147 (93).jpg,147
147/147 (94).jpg,147
147/147 (95).jpg,147
147/147 (96).jpg,147
147/147 (97).jpg,147
147/147 (98).jpg,147
147/147 (99).jpg,147
148/148 (1).jpg,148
148/148 (10).jpg,148
148/148 (100).jpg,148
148/148 (101).jpg,148
148/148 (102).jpg,148
148/148 (103).jpg,148
148/148 (104).jpg,148
148/148 (105).jpg,148
148/148 (106).jpg,148
148/148 (107).jpg,148
148/148 (108).jpg,148
148/148 (109).jpg,148
148/148 (11).jpg,148
148/148 (110).jpg,148
148/148 (111).jpg,148
148/148 (112).jpg,148
148/148 (113).jpg,148
148/148 (114).jpg,148
148/148 (115).jpg,148
148/148 (116).jpg,148
148/148 (117).jpg,148
148/148 (118).jpg,148
148/148 (119).jpg,148
148/148 (12).jpg,148
148/148 (120).jpg,148
148/148 (121).jpg,148
148/148 (122).jpg,148
148/148 (123).jpg,148
148/148 (124).jpg,148
148/148 (125).jpg,148
148/148 (126).jpg,148
148/148 (127).jpg,148
148/148 (128).jpg,148
148/148 (129).jpg,148
148/148 (13).jpg,148
148/148 (130).jpg,148
148/148 (131).jpg,148
148/148 (132).jpg,148
148/148 (133).jpg,148
148/148 (134).jpg,148
148/148 (135).jpg,148
148/148 (136).jpg,148
148/148 (137).jpg,148
148/148 (138).jpg,148
148/148 (139).jpg,148
148/148 (14).jpg,148
148/148 (140).jpg,148
148/148 (141).jpg,148
148/148 (142).jpg,148
148/148 (143).jpg,148
148/148 (144).jpg,148
148/148 (145).jpg,148
148/148 (146).jpg,148
148/148 (147).jpg,148
148/148 (148).jpg,148
148/148 (149).jpg,148
148/148 (15).jpg,148
148/148 (150).jpg,148
148/148 (151).jpg,148
148/148 (152).jpg,148
148/148 (153).jpg,148
148/148 (154).jpg,148
148/148 (155).jpg,148
148/148 (156).jpg,148
148/148 (157).jpg,148
148/148 (158).jpg,148
148/148 (159).jpg,148
148/148 (16).jpg,148
148/148 (160).jpg,148
148/148 (161).jpg,148
148/148 (162).jpg,148
148/148 (17).jpg,148
148/148 (18).jpg,148
148/148 (19).jpg,148
148/148 (2).jpg,148
148/148 (20).jpg,148
148/148 (21).jpg,148
148/148 (22).jpg,148
148/148 (23).jpg,148
148/148 (24).jpg,148
148/148 (25).jpg,148
148/148 (26).jpg,148
148/148 (27).jpg,148
148/148 (28).jpg,148
148/148 (29).jpg,148
148/148 (3).jpg,148
148/148 (30).jpg,148
148/148 (31).jpg,148
148/148 (32).jpg,148
148/148 (33).jpg,148
148/148 (34).jpg,148
148/148 (35).jpg,148
148/148 (36).jpg,148
148/148 (37).jpg,148
148/148 (38).jpg,148
148/148 (39).jpg,148
148/148 (4).jpg,148
148/148 (40).jpg,148
148/148 (41).jpg,148
148/148 (42).jpg,148
148/148 (43).jpg,148
148/148 (44).jpg,148
148/148 (45).jpg,148
148/148 (46).jpg,148
148/148 (47).jpg,148
148/148 (48).jpg,148
148/148 (49).jpg,148
148/148 (5).jpg,148
148/148 (50).jpg,148
148/148 (51).jpg,148
148/148 (52).jpg,148
148/148 (53).jpg,148
148/148 (54).jpg,148
148/148 (55).jpg,148
148/148 (56).jpg,148
148/148 (57).jpg,148
148/148 (58).jpg,148
148/148 (59).jpg,148
148/148 (6).jpg,148
148/148 (60).jpg,148
148/148 (61).jpg,148
148/148 (62).jpg,148
148/148 (63).jpg,148
148/148 (64).jpg,148
148/148 (65).jpg,148
148/148 (66).jpg,148
148/148 (67).jpg,148
148/148 (68).jpg,148
148/148 (69).jpg,148
148/148 (7).jpg,148
148/148 (70).jpg,148
148/148 (71).jpg,148
148/148 (72).jpg,148
148/148 (73).jpg,148
148/148 (74).jpg,148
148/148 (75).jpg,148
148/148 (76).jpg,148
148/148 (77).jpg,148
148/148 (78).jpg,148
148/148 (79).jpg,148
148/148 (8).jpg,148
148/148 (80).jpg,148
148/148 (81).jpg,148
148/148 (82).jpg,148
148/148 (83).jpg,148
148/148 (84).jpg,148
148/148 (85).jpg,148
148/148 (86).jpg,148
148/148 (87).jpg,148
148/148 (88).jpg,148
148/148 (89).jpg,148
148/148 (9).jpg,148
148/148 (90).jpg,148
148/148 (91).jpg,148
148/148 (92).jpg,148
148/148 (93).jpg,148
148/148 (94).jpg,148
148/148 (95).jpg,148
148/148 (96).jpg,148
148/148 (97).jpg,148
148/148 (98).jpg,148
148/148 (99).jpg,148
149/149 (1).jpg,149
149/149 (10).jpg,149
149/149 (100).jpg,149
149/149 (101).jpg,149
149/149 (102).jpg,149
149/149 (103).jpg,149
149/149 (104).jpg,149
149/149 (105).jpg,149
149/149 (106).jpg,149
149/149 (107).jpg,149
149/149 (108).jpg,149
149/149 (109).jpg,149
149/149 (11).jpg,149
149/149 (110).jpg,149
149/149 (111).jpg,149
149/149 (112).jpg,149
149/149 (113).jpg,149
149/149 (114).jpg,149
149/149 (115).jpg,149
149/149 (116).jpg,149
149/149 (117).jpg,149
149/149 (118).jpg,149
149/149 (119).jpg,149
149/149 (12).jpg,149
149/149 (120).jpg,149
149/149 (121).jpg,149
149/149 (122).jpg,149
149/149 (123).jpg,149
149/149 (124).jpg,149
149/149 (125).jpg,149
149/149 (126).jpg,149
149/149 (127).jpg,149
149/149 (128).jpg,149
149/149 (129).jpg,149
149/149 (13).jpg,149
149/149 (130).jpg,149
149/149 (131).jpg,149
149/149 (132).jpg,149
149/149 (133).jpg,149
149/149 (134).jpg,149
149/149 (135).jpg,149
149/149 (136).jpg,149
149/149 (137).jpg,149
149/149 (138).jpg,149
149/149 (139).jpg,149
149/149 (14).jpg,149
149/149 (140).jpg,149
149/149 (141).jpg,149
149/149 (142).jpg,149
149/149 (143).jpg,149
149/149 (144).jpg,149
149/149 (145).jpg,149
149/149 (146).jpg,149
149/149 (147).jpg,149
149/149 (148).jpg,149
149/149 (149).jpg,149
149/149 (15).jpg,149
149/149 (150).jpg,149
149/149 (151).jpg,149
149/149 (152).jpg,149
149/149 (153).jpg,149
149/149 (154).jpg,149
149/149 (155).jpg,149
149/149 (156).jpg,149
149/149 (157).jpg,149
149/149 (158).jpg,149
149/149 (159).jpg,149
149/149 (16).jpg,149
149/149 (160).jpg,149
149/149 (17).jpg,149
149/149 (18).jpg,149
149/149 (19).jpg,149
149/149 (2).jpg,149
149/149 (20).jpg,149
149/149 (21).jpg,149
149/149 (22).jpg,149
149/149 (23).jpg,149
149/149 (24).jpg,149
149/149 (25).jpg,149
149/149 (26).jpg,149
149/149 (27).jpg,149
149/149 (28).jpg,149
149/149 (29).jpg,149
149/149 (3).jpg,149
149/149 (30).jpg,149
149/149 (31).jpg,149
149/149 (32).jpg,149
149/149 (33).jpg,149
149/149 (34).jpg,149
149/149 (35).jpg,149
149/149 (36).jpg,149
149/149 (37).jpg,149
149/149 (38).jpg,149
149/149 (39).jpg,149
149/149 (4).jpg,149
149/149 (40).jpg,149
149/149 (41).jpg,149
149/149 (42).jpg,149
149/149 (43).jpg,149
149/149 (44).jpg,149
149/149 (45).jpg,149
149/149 (46).jpg,149
149/149 (47).jpg,149
149/149 (48).jpg,149
149/149 (49).jpg,149
149/149 (5).jpg,149
149/149 (50).jpg,149
149/149 (51).jpg,149
149/149 (52).jpg,149
149/149 (53).jpg,149
149/149 (54).jpg,149
149/149 (55).jpg,149
149/149 (56).jpg,149
149/149 (57).jpg,149
149/149 (58).jpg,149
149/149 (59).jpg,149
149/149 (6).jpg,149
149/149 (60).jpg,149
149/149 (61).jpg,149
149/149 (62).jpg,149
149/149 (63).jpg,149
149/149 (64).jpg,149
149/149 (65).jpg,149
149/149 (66).jpg,149
149/149 (67).jpg,149
149/149 (68).jpg,149
149/149 (69).jpg,149
149/149 (7).jpg,149
149/149 (70).jpg,149
149/149 (71).jpg,149
149/149 (72).jpg,149
149/149 (73).jpg,149
149/149 (74).jpg,149
149/149 (75).jpg,149
149/149 (76).jpg,149
149/149 (77).jpg,149
149/149 (78).jpg,149
149/149 (79).jpg,149
149/149 (8).jpg,149
149/149 (80).jpg,149
149/149 (81).jpg,149
149/149 (82).jpg,149
149/149 (83).jpg,149
149/149 (84).jpg,149
149/149 (85).jpg,149
149/149 (86).jpg,149
149/149 (87).jpg,149
149/149 (88).jpg,149
149/149 (89).jpg,149
149/149 (9).jpg,149
149/149 (90).jpg,149
149/149 (91).jpg,149
149/149 (92).jpg,149
149/149 (93).jpg,149
149/149 (94).jpg,149
149/149 (95).jpg,149
149/149 (96).jpg,149
149/149 (97).jpg,149
149/149 (98).jpg,149
149/149 (99).jpg,149
150/150 (1).jpg,150
150/150 (10).jpg,150
150/150 (100).jpg,150
150/150 (101).jpg,150
150/150 (102).jpg,150
150/150 (103).jpg,150
150/150 (104).jpg,150
150/150 (105).jpg,150
150/150 (106).jpg,150
150/150 (107).jpg,150
150/150 (108).jpg,150
150/150 (109).jpg,150
150/150 (11).jpg,150
150/150 (110).jpg,150
150/150 (111).jpg,150
150/150 (112).jpg,150
150/150 (113).jpg,150
150/150 (114).jpg,150
150/150 (115).jpg,150
150/150 (116).jpg,150
150/150 (117).jpg,150
150/150 (118).jpg,150
150/150 (119).jpg,150
150/150 (12).jpg,150
150/150 (120).jpg,150
150/150 (121).jpg,150
150/150 (122).jpg,150
150/150 (123).jpg,150
150/150 (124).jpg,150
150/150 (125).jpg,150
150/150 (126).jpg,150
150/150 (127).jpg,150
150/150 (128).jpg,150
150/150 (129).jpg,150
150/150 (13).jpg,150
150/150 (130).jpg,150
150/150 (131).jpg,150
150/150 (132).jpg,150
150/150 (133).jpg,150
150/150 (134).jpg,150
150/150 (135).jpg,150
150/150 (136).jpg,150
150/150 (137).jpg,150
150/150 (138).jpg,150
150/150 (139).jpg,150
150/150 (14).jpg,150
150/150 (140).jpg,150
150/150 (141).jpg,150
150/150 (142).jpg,150
150/150 (143).jpg,150
150/150 (144).jpg,150
150/150 (145).jpg,150
150/150 (146).jpg,150
150/150 (147).jpg,150
150/150 (148).jpg,150
150/150 (149).jpg,150
150/150 (15).jpg,150
150/150 (150).jpg,150
150/150 (151).jpg,150
150/150 (152).jpg,150
150/150 (153).jpg,150
150/150 (154).jpg,150
150/150 (155).jpg,150
150/150 (156).jpg,150
150/150 (157).jpg,150
150/150 (158).jpg,150
150/150 (159).jpg,150
150/150 (16).jpg,150
150/150 (160).jpg,150
150/150 (17).jpg,150
150/150 (18).jpg,150
150/150 (19).jpg,150
150/150 (2).jpg,150
150/150 (20).jpg,150
150/150 (21).jpg,150
150/150 (22).jpg,150
150/150 (23).jpg,150
150/150 (24).jpg,150
150/150 (25).jpg,150
150/150 (26).jpg,150
150/150 (27).jpg,150
150/150 (28).jpg,150
150/150 (29).jpg,150
150/150 (3).jpg,150
150/150 (30).jpg,150
150/150 (31).jpg,150
150/150 (32).jpg,150
150/150 (33).jpg,150
150/150 (34).jpg,150
150/150 (35).jpg,150
150/150 (36).jpg,150
150/150 (37).jpg,150
150/150 (38).jpg,150
150/150 (39).jpg,150
150/150 (4).jpg,150
150/150 (40).jpg,150
150/150 (41).jpg,150
150/150 (42).jpg,150
150/150 (43).jpg,150
150/150 (44).jpg,150
150/150 (45).jpg,150
150/150 (46).jpg,150
150/150 (47).jpg,150
150/150 (48).jpg,150
150/150 (49).jpg,150
150/150 (5).jpg,150
150/150 (50).jpg,150
150/150 (51).jpg,150
150/150 (52).jpg,150
150/150 (53).jpg,150
150/150 (54).jpg,150
150/150 (55).jpg,150
150/150 (56).jpg,150
150/150 (57).jpg,150
150/150 (58).jpg,150
150/150 (59).jpg,150
150/150 (6).jpg,150
150/150 (60).jpg,150
150/150 (61).jpg,150
150/150 (62).jpg,150
150/150 (63).jpg,150
150/150 (64).jpg,150
150/150 (65).jpg,150
150/150 (66).jpg,150
150/150 (67).jpg,150
150/150 (68).jpg,150
150/150 (69).jpg,150
150/150 (7).jpg,150
150/150 (70).jpg,150
150/150 (71).jpg,150
150/150 (72).jpg,150
150/150 (73).jpg,150
150/150 (74).jpg,150
150/150 (75).jpg,150
150/150 (76).jpg,150
150/150 (77).jpg,150
150/150 (78).jpg,150
150/150 (79).jpg,150
150/150 (8).jpg,150
150/150 (80).jpg,150
150/150 (81).jpg,150
150/150 (82).jpg,150
150/150 (83).jpg,150
150/150 (84).jpg,150
150/150 (85).jpg,150
150/150 (86).jpg,150
150/150 (87).jpg,150
150/150 (88).jpg,150
150/150 (89).jpg,150
150/150 (9).jpg,150
150/150 (90).jpg,150
150/150 (91).jpg,150
150/150 (92).jpg,150
150/150 (93).jpg,150
150/150 (94).jpg,150
150/150 (95).jpg,150
150/150 (96).jpg,150
150/150 (97).jpg,150
150/150 (98).jpg,150
150/150 (99).jpg,150
151/151 (1).jpg,151
151/151 (10).jpg,151
151/151 (100).jpg,151
151/151 (101).jpg,151
151/151 (102).jpg,151
151/151 (103).jpg,151
151/151 (104).jpg,151
151/151 (105).jpg,151
151/151 (106).jpg,151
151/151 (107).jpg,151
151/151 (108).jpg,151
151/151 (109).jpg,151
151/151 (11).jpg,151
151/151 (110).jpg,151
151/151 (111).jpg,151
151/151 (112).jpg,151
151/151 (113).jpg,151
151/151 (114).jpg,151
151/151 (115).jpg,151
151/151 (116).jpg,151
151/151 (117).jpg,151
151/151 (118).jpg,151
151/151 (119).jpg,151
151/151 (12).jpg,151
151/151 (120).jpg,151
151/151 (121).jpg,151
151/151 (122).jpg,151
151/151 (123).jpg,151
151/151 (124).jpg,151
151/151 (125).jpg,151
151/151 (126).jpg,151
151/151 (127).jpg,151
151/151 (128).jpg,151
151/151 (129).jpg,151
151/151 (13).jpg,151
151/151 (130).jpg,151
151/151 (131).jpg,151
151/151 (132).jpg,151
151/151 (133).jpg,151
151/151 (134).jpg,151
151/151 (135).jpg,151
151/151 (136).jpg,151
151/151 (137).jpg,151
151/151 (138).jpg,151
151/151 (139).jpg,151
151/151 (14).jpg,151
151/151 (140).jpg,151
151/151 (141).jpg,151
151/151 (142).jpg,151
151/151 (143).jpg,151
151/151 (144).jpg,151
151/151 (145).jpg,151
151/151 (146).jpg,151
151/151 (147).jpg,151
151/151 (148).jpg,151
151/151 (149).jpg,151
151/151 (15).jpg,151
151/151 (150).jpg,151
151/151 (151).jpg,151
151/151 (152).jpg,151
151/151 (153).jpg,151
151/151 (154).jpg,151
151/151 (155).jpg,151
151/151 (156).jpg,151
151/151 (157).jpg,151
151/151 (158).jpg,151
151/151 (159).jpg,151
151/151 (16).jpg,151
151/151 (160).jpg,151
151/151 (17).jpg,151
151/151 (18).jpg,151
151/151 (19).jpg,151
151/151 (2).jpg,151
151/151 (20).jpg,151
151/151 (21).jpg,151
151/151 (22).jpg,151
151/151 (23).jpg,151
151/151 (24).jpg,151
151/151 (25).jpg,151
151/151 (26).jpg,151
151/151 (27).jpg,151
151/151 (28).jpg,151
151/151 (29).jpg,151
151/151 (3).jpg,151
151/151 (30).jpg,151
151/151 (31).jpg,151
151/151 (32).jpg,151
151/151 (33).jpg,151
151/151 (34).jpg,151
151/151 (35).jpg,151
151/151 (36).jpg,151
151/151 (37).jpg,151
151/151 (38).jpg,151
151/151 (39).jpg,151
151/151 (4).jpg,151
151/151 (40).jpg,151
151/151 (41).jpg,151
151/151 (42).jpg,151
151/151 (43).jpg,151
151/151 (44).jpg,151
151/151 (45).jpg,151
151/151 (46).jpg,151
151/151 (47).jpg,151
151/151 (48).jpg,151
151/151 (49).jpg,151
151/151 (5).jpg,151
151/151 (50).jpg,151
151/151 (51).jpg,151
151/151 (52).jpg,151
151/151 (53).jpg,151
151/151 (54).jpg,151
151/151 (55).jpg,151
151/151 (56).jpg,151
151/151 (57).jpg,151
151/151 (58).jpg,151
151/151 (59).jpg,151
151/151 (6).jpg,151
151/151 (60).jpg,151
151/151 (61).jpg,151
151/151 (62).jpg,151
151/151 (63).jpg,151
151/151 (64).jpg,151
151/151 (65).jpg,151
151/151 (66).jpg,151
151/151 (67).jpg,151
151/151 (68).jpg,151
151/151 (69).jpg,151
151/151 (7).jpg,151
151/151 (70).jpg,151
151/151 (71).jpg,151
151/151 (72).jpg,151
151/151 (73).jpg,151
151/151 (74).jpg,151
151/151 (75).jpg,151
151/151 (76).jpg,151
151/151 (77).jpg,151
151/151 (78).jpg,151
151/151 (79).jpg,151
151/151 (8).jpg,151
151/151 (80).jpg,151
151/151 (81).jpg,151
151/151 (82).jpg,151
151/151 (83).jpg,151
151/151 (84).jpg,151
151/151 (85).jpg,151
151/151 (86).jpg,151
151/151 (87).jpg,151
151/151 (88).jpg,151
151/151 (89).jpg,151
151/151 (9).jpg,151
151/151 (90).jpg,151
151/151 (91).jpg,151
151/151 (92).jpg,151
151/151 (93).jpg,151
151/151 (94).jpg,151
151/151 (95).jpg,151
151/151 (96).jpg,151
151/151 (97).jpg,151
151/151 (98).jpg,151
151/151 (99).jpg,151
152/152 (1).jpg,152
152/152 (10).jpg,152
152/152 (100).jpg,152
152/152 (101).jpg,152
152/152 (102).jpg,152
152/152 (103).jpg,152
152/152 (104).jpg,152
152/152 (105).jpg,152
152/152 (106).jpg,152
152/152 (107).jpg,152
152/152 (108).jpg,152
152/152 (109).jpg,152
152/152 (11).jpg,152
152/152 (110).jpg,152
152/152 (111).jpg,152
152/152 (112).jpg,152
152/152 (113).jpg,152
152/152 (114).jpg,152
152/152 (115).jpg,152
152/152 (116).jpg,152
152/152 (117).jpg,152
152/152 (118).jpg,152
152/152 (119).jpg,152
152/152 (12).jpg,152
152/152 (120).jpg,152
152/152 (121).jpg,152
152/152 (122).jpg,152
152/152 (123).jpg,152
152/152 (124).jpg,152
152/152 (125).jpg,152
152/152 (126).jpg,152
152/152 (127).jpg,152
152/152 (128).jpg,152
152/152 (129).jpg,152
152/152 (13).jpg,152
152/152 (130).jpg,152
152/152 (131).jpg,152
152/152 (132).jpg,152
152/152 (133).jpg,152
152/152 (134).jpg,152
152/152 (135).jpg,152
152/152 (136).jpg,152
152/152 (137).jpg,152
152/152 (138).jpg,152
152/152 (139).jpg,152
152/152 (14).jpg,152
152/152 (140).jpg,152
152/152 (141).jpg,152
152/152 (142).jpg,152
152/152 (143).jpg,152
152/152 (144).jpg,152
152/152 (145).jpg,152
152/152 (146).jpg,152
152/152 (147).jpg,152
152/152 (148).jpg,152
152/152 (149).jpg,152
152/152 (15).jpg,152
152/152 (150).jpg,152
152/152 (151).jpg,152
152/152 (152).jpg,152
152/152 (153).jpg,152
152/152 (154).jpg,152
152/152 (155).jpg,152
152/152 (156).jpg,152
152/152 (157).jpg,152
152/152 (158).jpg,152
152/152 (159).jpg,152
152/152 (16).jpg,152
152/152 (160).jpg,152
152/152 (17).jpg,152
152/152 (18).jpg,152
152/152 (19).jpg,152
152/152 (2).jpg,152
152/152 (20).jpg,152
152/152 (21).jpg,152
152/152 (22).jpg,152
152/152 (23).jpg,152
152/152 (24).jpg,152
152/152 (25).jpg,152
152/152 (26).jpg,152
152/152 (27).jpg,152
152/152 (28).jpg,152
152/152 (29).jpg,152
152/152 (3).jpg,152
152/152 (30).jpg,152
152/152 (31).jpg,152
152/152 (32).jpg,152
152/152 (33).jpg,152
152/152 (34).jpg,152
152/152 (35).jpg,152
152/152 (36).jpg,152
152/152 (37).jpg,152
152/152 (38).jpg,152
152/152 (39).jpg,152
152/152 (4).jpg,152
152/152 (40).jpg,152
152/152 (41).jpg,152
152/152 (42).jpg,152
152/152 (43).jpg,152
152/152 (44).jpg,152
152/152 (45).jpg,152
152/152 (46).jpg,152
152/152 (47).jpg,152
152/152 (48).jpg,152
152/152 (49).jpg,152
152/152 (5).jpg,152
152/152 (50).jpg,152
152/152 (51).jpg,152
152/152 (52).jpg,152
152/152 (53).jpg,152
152/152 (54).jpg,152
152/152 (55).jpg,152
152/152 (56).jpg,152
152/152 (57).jpg,152
152/152 (58).jpg,152
152/152 (59).jpg,152
152/152 (6).jpg,152
152/152 (60).jpg,152
152/152 (61).jpg,152
152/152 (62).jpg,152
152/152 (63).jpg,152
152/152 (64).jpg,152
152/152 (65).jpg,152
152/152 (66).jpg,152
152/152 (67).jpg,152
152/152 (68).jpg,152
152/152 (69).jpg,152
152/152 (7).jpg,152
152/152 (70).jpg,152
152/152 (71).jpg,152
152/152 (72).jpg,152
152/152 (73).jpg,152
152/152 (74).jpg,152
152/152 (75).jpg,152
152/152 (76).jpg,152
152/152 (77).jpg,152
152/152 (78).jpg,152
152/152 (79).jpg,152
152/152 (8).jpg,152
152/152 (80).jpg,152
152/152 (81).jpg,152
152/152 (82).jpg,152
152/152 (83).jpg,152
152/152 (84).jpg,152
152/152 (85).jpg,152
152/152 (86).jpg,152
152/152 (87).jpg,152
152/152 (88).jpg,152
152/152 (89).jpg,152
152/152 (9).jpg,152
152/152 (90).jpg,152
152/152 (91).jpg,152
152/152 (92).jpg,152
152/152 (93).jpg,152
152/152 (94).jpg,152
152/152 (95).jpg,152
152/152 (96).jpg,152
152/152 (97).jpg,152
152/152 (98).jpg,152
152/152 (99).jpg,152
153/153 (1).jpg,153
153/153 (10).jpg,153
153/153 (100).jpg,153
153/153 (101).jpg,153
153/153 (102).jpg,153
153/153 (103).jpg,153
153/153 (104).jpg,153
153/153 (105).jpg,153
153/153 (106).jpg,153
153/153 (107).jpg,153
153/153 (108).jpg,153
153/153 (109).jpg,153
153/153 (11).jpg,153
153/153 (110).jpg,153
153/153 (111).jpg,153
153/153 (112).jpg,153
153/153 (113).jpg,153
153/153 (114).jpg,153
153/153 (115).jpg,153
153/153 (116).jpg,153
153/153 (117).jpg,153
153/153 (118).jpg,153
153/153 (119).jpg,153
153/153 (12).jpg,153
153/153 (120).jpg,153
153/153 (121).jpg,153
153/153 (122).jpg,153
153/153 (123).jpg,153
153/153 (124).jpg,153
153/153 (125).jpg,153
153/153 (126).jpg,153
153/153 (127).jpg,153
153/153 (128).jpg,153
153/153 (129).jpg,153
153/153 (13).jpg,153
153/153 (130).jpg,153
153/153 (131).jpg,153
153/153 (132).jpg,153
153/153 (133).jpg,153
153/153 (134).jpg,153
153/153 (135).jpg,153
153/153 (136).jpg,153
153/153 (137).jpg,153
153/153 (138).jpg,153
153/153 (139).jpg,153
153/153 (14).jpg,153
153/153 (140).jpg,153
153/153 (15).jpg,153
153/153 (16).jpg,153
153/153 (17).jpg,153
153/153 (18).jpg,153
153/153 (19).jpg,153
153/153 (2).jpg,153
153/153 (20).jpg,153
153/153 (21).jpg,153
153/153 (22).jpg,153
153/153 (23).jpg,153
153/153 (24).jpg,153
153/153 (25).jpg,153
153/153 (26).jpg,153
153/153 (27).jpg,153
153/153 (28).jpg,153
153/153 (29).jpg,153
153/153 (3).jpg,153
153/153 (30).jpg,153
153/153 (31).jpg,153
153/153 (32).jpg,153
153/153 (33).jpg,153
153/153 (34).jpg,153
153/153 (35).jpg,153
153/153 (36).jpg,153
153/153 (37).jpg,153
153/153 (38).jpg,153
153/153 (39).jpg,153
153/153 (4).jpg,153
153/153 (40).jpg,153
153/153 (41).jpg,153
153/153 (42).jpg,153
153/153 (43).jpg,153
153/153 (44).jpg,153
153/153 (45).jpg,153
153/153 (46).jpg,153
153/153 (47).jpg,153
153/153 (48).jpg,153
153/153 (49).jpg,153
153/153 (5).jpg,153
153/153 (50).jpg,153
153/153 (51).jpg,153
153/153 (52).jpg,153
153/153 (53).jpg,153
153/153 (54).jpg,153
153/153 (55).jpg,153
153/153 (56).jpg,153
153/153 (57).jpg,153
153/153 (58).jpg,153
153/153 (59).jpg,153
153/153 (6).jpg,153
153/153 (60).jpg,153
153/153 (61).jpg,153
153/153 (62).jpg,153
153/153 (63).jpg,153
153/153 (64).jpg,153
153/153 (65).jpg,153
153/153 (66).jpg,153
153/153 (67).jpg,153
153/153 (68).jpg,153
153/153 (69).jpg,153
153/153 (7).jpg,153
153/153 (70).jpg,153
153/153 (71).jpg,153
153/153 (72).jpg,153
153/153 (73).jpg,153
153/153 (74).jpg,153
153/153 (75).jpg,153
153/153 (76).jpg,153
153/153 (77).jpg,153
153/153 (78).jpg,153
153/153 (79).jpg,153
153/153 (8).jpg,153
153/153 (80).jpg,153
153/153 (81).jpg,153
153/153 (82).jpg,153
153/153 (83).jpg,153
153/153 (84).jpg,153
153/153 (85).jpg,153
153/153 (86).jpg,153
153/153 (87).jpg,153
153/153 (88).jpg,153
153/153 (89).jpg,153
153/153 (9).jpg,153
153/153 (90).jpg,153
153/153 (91).jpg,153
153/153 (92).jpg,153
153/153 (93).jpg,153
153/153 (94).jpg,153
153/153 (95).jpg,153
153/153 (96).jpg,153
153/153 (97).jpg,153
153/153 (98).jpg,153
153/153 (99).jpg,153
154/154 (1).jpg,154
154/154 (10).jpg,154
154/154 (100).jpg,154
154/154 (101).jpg,154
154/154 (102).jpg,154
154/154 (103).jpg,154
154/154 (104).jpg,154
154/154 (105).jpg,154
154/154 (106).jpg,154
154/154 (107).jpg,154
154/154 (108).jpg,154
154/154 (109).jpg,154
154/154 (11).jpg,154
154/154 (110).jpg,154
154/154 (111).jpg,154
154/154 (112).jpg,154
154/154 (113).jpg,154
154/154 (114).jpg,154
154/154 (115).jpg,154
154/154 (116).jpg,154
154/154 (117).jpg,154
154/154 (118).jpg,154
154/154 (119).jpg,154
154/154 (12).jpg,154
154/154 (120).jpg,154
154/154 (121).jpg,154
154/154 (122).jpg,154
154/154 (123).jpg,154
154/154 (124).jpg,154
154/154 (125).jpg,154
154/154 (126).jpg,154
154/154 (13).jpg,154
154/154 (14).jpg,154
154/154 (15).jpg,154
154/154 (16).jpg,154
154/154 (17).jpg,154
154/154 (18).jpg,154
154/154 (19).jpg,154
154/154 (2).jpg,154
154/154 (20).jpg,154
154/154 (21).jpg,154
154/154 (22).jpg,154
154/154 (23).jpg,154
154/154 (24).jpg,154
154/154 (25).jpg,154
154/154 (26).jpg,154
154/154 (27).jpg,154
154/154 (28).jpg,154
154/154 (29).jpg,154
154/154 (3).jpg,154
154/154 (30).jpg,154
154/154 (31).jpg,154
154/154 (32).jpg,154
154/154 (33).jpg,154
154/154 (34).jpg,154
154/154 (35).jpg,154
154/154 (36).jpg,154
154/154 (37).jpg,154
154/154 (38).jpg,154
154/154 (39).jpg,154
154/154 (4).jpg,154
154/154 (40).jpg,154
154/154 (41).jpg,154
154/154 (42).jpg,154
154/154 (43).jpg,154
154/154 (44).jpg,154
154/154 (45).jpg,154
154/154 (46).jpg,154
154/154 (47).jpg,154
154/154 (48).jpg,154
154/154 (49).jpg,154
154/154 (5).jpg,154
154/154 (50).jpg,154
154/154 (51).jpg,154
154/154 (52).jpg,154
154/154 (53).jpg,154
154/154 (54).jpg,154
154/154 (55).jpg,154
154/154 (56).jpg,154
154/154 (57).jpg,154
154/154 (58).jpg,154
154/154 (59).jpg,154
154/154 (6).jpg,154
154/154 (60).jpg,154
154/154 (61).jpg,154
154/154 (62).jpg,154
154/154 (63).jpg,154
154/154 (64).jpg,154
154/154 (65).jpg,154
154/154 (66).jpg,154
154/154 (67).jpg,154
154/154 (68).jpg,154
154/154 (69).jpg,154
154/154 (7).jpg,154
154/154 (70).jpg,154
154/154 (71).jpg,154
154/154 (72).jpg,154
154/154 (73).jpg,154
154/154 (74).jpg,154
154/154 (75).jpg,154
154/154 (76).jpg,154
154/154 (77).jpg,154
154/154 (78).jpg,154
154/154 (79).jpg,154
154/154 (8).jpg,154
154/154 (80).jpg,154
154/154 (81).jpg,154
154/154 (82).jpg,154
154/154 (83).jpg,154
154/154 (84).jpg,154
154/154 (85).jpg,154
154/154 (86).jpg,154
154/154 (87).jpg,154
154/154 (88).jpg,154
154/154 (89).jpg,154
154/154 (9).jpg,154
154/154 (90).jpg,154
154/154 (91).jpg,154
154/154 (92).jpg,154
154/154 (93).jpg,154
154/154 (94).jpg,154
154/154 (95).jpg,154
154/154 (96).jpg,154
154/154 (97).jpg,154
154/154 (98).jpg,154
154/154 (99).jpg,154
155/155 (1).jpg,155
155/155 (10).jpg,155
155/155 (100).jpg,155
155/155 (101).jpg,155
155/155 (102).jpg,155
155/155 (103).jpg,155
155/155 (104).jpg,155
155/155 (105).jpg,155
155/155 (106).jpg,155
155/155 (107).jpg,155
155/155 (108).jpg,155
155/155 (109).jpg,155
155/155 (11).jpg,155
155/155 (110).jpg,155
155/155 (111).jpg,155
155/155 (112).jpg,155
155/155 (113).jpg,155
155/155 (114).jpg,155
155/155 (115).jpg,155
155/155 (116).jpg,155
155/155 (117).jpg,155
155/155 (118).jpg,155
155/155 (119).jpg,155
155/155 (12).jpg,155
155/155 (120).jpg,155
155/155 (121).jpg,155
155/155 (122).jpg,155
155/155 (123).jpg,155
155/155 (124).jpg,155
155/155 (125).jpg,155
155/155 (126).jpg,155
155/155 (127).jpg,155
155/155 (128).jpg,155
155/155 (129).jpg,155
155/155 (13).jpg,155
155/155 (130).jpg,155
155/155 (131).jpg,155
155/155 (132).jpg,155
155/155 (133).jpg,155
155/155 (134).jpg,155
155/155 (135).jpg,155
155/155 (136).jpg,155
155/155 (137).jpg,155
155/155 (138).jpg,155
155/155 (139).jpg,155
155/155 (14).jpg,155
155/155 (140).jpg,155
155/155 (141).jpg,155
155/155 (142).jpg,155
155/155 (143).jpg,155
155/155 (144).jpg,155
155/155 (145).jpg,155
155/155 (146).jpg,155
155/155 (147).jpg,155
155/155 (148).jpg,155
155/155 (149).jpg,155
155/155 (15).jpg,155
155/155 (150).jpg,155
155/155 (151).jpg,155
155/155 (152).jpg,155
155/155 (153).jpg,155
155/155 (154).jpg,155
155/155 (155).jpg,155
155/155 (156).jpg,155
155/155 (157).jpg,155
155/155 (158).jpg,155
155/155 (159).jpg,155
155/155 (16).jpg,155
155/155 (160).jpg,155
155/155 (161).jpg,155
155/155 (162).jpg,155
155/155 (163).jpg,155
155/155 (164).jpg,155
155/155 (165).jpg,155
155/155 (17).jpg,155
155/155 (18).jpg,155
155/155 (19).jpg,155
155/155 (2).jpg,155
155/155 (20).jpg,155
155/155 (21).jpg,155
155/155 (22).jpg,155
155/155 (23).jpg,155
155/155 (24).jpg,155
155/155 (25).jpg,155
155/155 (26).jpg,155
155/155 (27).jpg,155
155/155 (28).jpg,155
155/155 (29).jpg,155
155/155 (3).jpg,155
155/155 (30).jpg,155
155/155 (31).jpg,155
155/155 (32).jpg,155
155/155 (33).jpg,155
155/155 (34).jpg,155
155/155 (35).jpg,155
155/155 (36).jpg,155
155/155 (37).jpg,155
155/155 (38).jpg,155
155/155 (39).jpg,155
155/155 (4).jpg,155
155/155 (40).jpg,155
155/155 (41).jpg,155
155/155 (42).jpg,155
155/155 (43).jpg,155
155/155 (44).jpg,155
155/155 (45).jpg,155
155/155 (46).jpg,155
155/155 (47).jpg,155
155/155 (48).jpg,155
155/155 (49).jpg,155
155/155 (5).jpg,155
155/155 (50).jpg,155
155/155 (51).jpg,155
155/155 (52).jpg,155
155/155 (53).jpg,155
155/155 (54).jpg,155
155/155 (55).jpg,155
155/155 (56).jpg,155
155/155 (57).jpg,155
155/155 (58).jpg,155
155/155 (59).jpg,155
155/155 (6).jpg,155
155/155 (60).jpg,155
155/155 (61).jpg,155
155/155 (62).jpg,155
155/155 (63).jpg,155
155/155 (64).jpg,155
155/155 (65).jpg,155
155/155 (66).jpg,155
155/155 (67).jpg,155
155/155 (68).jpg,155
155/155 (69).jpg,155
155/155 (7).jpg,155
155/155 (70).jpg,155
155/155 (71).jpg,155
155/155 (72).jpg,155
155/155 (73).jpg,155
155/155 (74).jpg,155
155/155 (75).jpg,155
155/155 (76).jpg,155
155/155 (77).jpg,155
155/155 (78).jpg,155
155/155 (79).jpg,155
155/155 (8).jpg,155
155/155 (80).jpg,155
155/155 (81).jpg,155
155/155 (82).jpg,155
155/155 (83).jpg,155
155/155 (84).jpg,155
155/155 (85).jpg,155
155/155 (86).jpg,155
155/155 (87).jpg,155
155/155 (88).jpg,155
155/155 (89).jpg,155
155/155 (9).jpg,155
155/155 (90).jpg,155
155/155 (91).jpg,155
155/155 (92).jpg,155
155/155 (93).jpg,155
155/155 (94).jpg,155
155/155 (95).jpg,155
155/155 (96).jpg,155
155/155 (97).jpg,155
155/155 (98).jpg,155
155/155 (99).jpg,155
156/156 (1).jpg,156
156/156 (10).jpg,156
156/156 (100).jpg,156
156/156 (101).jpg,156
156/156 (102).jpg,156
156/156 (103).jpg,156
156/156 (104).jpg,156
156/156 (105).jpg,156
156/156 (106).jpg,156
156/156 (107).jpg,156
156/156 (108).jpg,156
156/156 (109).jpg,156
156/156 (11).jpg,156
156/156 (110).jpg,156
156/156 (111).jpg,156
156/156 (112).jpg,156
156/156 (113).jpg,156
156/156 (114).jpg,156
156/156 (115).jpg,156
156/156 (116).jpg,156
156/156 (117).jpg,156
156/156 (118).jpg,156
156/156 (119).jpg,156
156/156 (12).jpg,156
156/156 (120).jpg,156
156/156 (121).jpg,156
156/156 (122).jpg,156
156/156 (123).jpg,156
156/156 (124).jpg,156
156/156 (125).jpg,156
156/156 (126).jpg,156
156/156 (127).jpg,156
156/156 (128).jpg,156
156/156 (129).jpg,156
156/156 (13).jpg,156
156/156 (130).jpg,156
156/156 (131).jpg,156
156/156 (132).jpg,156
156/156 (133).jpg,156
156/156 (134).jpg,156
156/156 (135).jpg,156
156/156 (136).jpg,156
156/156 (137).jpg,156
156/156 (138).jpg,156
156/156 (139).jpg,156
156/156 (14).jpg,156
156/156 (140).jpg,156
156/156 (141).jpg,156
156/156 (142).jpg,156
156/156 (143).jpg,156
156/156 (144).jpg,156
156/156 (145).jpg,156
156/156 (146).jpg,156
156/156 (147).jpg,156
156/156 (148).jpg,156
156/156 (149).jpg,156
156/156 (15).jpg,156
156/156 (150).jpg,156
156/156 (151).jpg,156
156/156 (152).jpg,156
156/156 (153).jpg,156
156/156 (154).jpg,156
156/156 (155).jpg,156
156/156 (156).jpg,156
156/156 (157).jpg,156
156/156 (158).jpg,156
156/156 (159).jpg,156
156/156 (16).jpg,156
156/156 (160).jpg,156
156/156 (161).jpg,156
156/156 (162).jpg,156
156/156 (163).jpg,156
156/156 (164).jpg,156
156/156 (165).jpg,156
156/156 (166).jpg,156
156/156 (167).jpg,156
156/156 (168).jpg,156
156/156 (169).jpg,156
156/156 (17).jpg,156
156/156 (170).jpg,156
156/156 (171).jpg,156
156/156 (172).jpg,156
156/156 (173).jpg,156
156/156 (174).jpg,156
156/156 (175).jpg,156
156/156 (176).jpg,156
156/156 (177).jpg,156
156/156 (178).jpg,156
156/156 (179).jpg,156
156/156 (18).jpg,156
156/156 (180).jpg,156
156/156 (181).jpg,156
156/156 (182).jpg,156
156/156 (183).jpg,156
156/156 (184).jpg,156
156/156 (185).jpg,156
156/156 (186).jpg,156
156/156 (187).jpg,156
156/156 (188).jpg,156
156/156 (189).jpg,156
156/156 (19).jpg,156
156/156 (190).jpg,156
156/156 (191).jpg,156
156/156 (192).jpg,156
156/156 (193).jpg,156
156/156 (194).jpg,156
156/156 (195).jpg,156
156/156 (196).jpg,156
156/156 (197).jpg,156
156/156 (198).jpg,156
156/156 (199).jpg,156
156/156 (2).jpg,156
156/156 (20).jpg,156
156/156 (200).jpg,156
156/156 (201).jpg,156
156/156 (202).jpg,156
156/156 (203).jpg,156
156/156 (204).jpg,156
156/156 (205).jpg,156
156/156 (206).jpg,156
156/156 (207).jpg,156
156/156 (208).jpg,156
156/156 (209).jpg,156
156/156 (21).jpg,156
156/156 (210).jpg,156
156/156 (211).jpg,156
156/156 (212).jpg,156
156/156 (213).jpg,156
156/156 (214).jpg,156
156/156 (215).jpg,156
156/156 (216).jpg,156
156/156 (22).jpg,156
156/156 (23).jpg,156
156/156 (24).jpg,156
156/156 (25).jpg,156
156/156 (26).jpg,156
156/156 (27).jpg,156
156/156 (28).jpg,156
156/156 (29).jpg,156
156/156 (3).jpg,156
156/156 (30).jpg,156
156/156 (31).jpg,156
156/156 (32).jpg,156
156/156 (33).jpg,156
156/156 (34).jpg,156
156/156 (35).jpg,156
156/156 (36).jpg,156
156/156 (37).jpg,156
156/156 (38).jpg,156
156/156 (39).jpg,156
156/156 (4).jpg,156
156/156 (40).jpg,156
156/156 (41).jpg,156
156/156 (42).jpg,156
156/156 (43).jpg,156
156/156 (44).jpg,156
156/156 (45).jpg,156
156/156 (46).jpg,156
156/156 (47).jpg,156
156/156 (48).jpg,156
156/156 (49).jpg,156
156/156 (5).jpg,156
156/156 (50).jpg,156
156/156 (51).jpg,156
156/156 (52).jpg,156
156/156 (53).jpg,156
156/156 (54).jpg,156
156/156 (55).jpg,156
156/156 (56).jpg,156
156/156 (57).jpg,156
156/156 (58).jpg,156
156/156 (59).jpg,156
156/156 (6).jpg,156
156/156 (60).jpg,156
156/156 (61).jpg,156
156/156 (62).jpg,156
156/156 (63).jpg,156
156/156 (64).jpg,156
156/156 (65).jpg,156
156/156 (66).jpg,156
156/156 (67).jpg,156
156/156 (68).jpg,156
156/156 (69).jpg,156
156/156 (7).jpg,156
156/156 (70).jpg,156
156/156 (71).jpg,156
156/156 (72).jpg,156
156/156 (73).jpg,156
156/156 (74).jpg,156
156/156 (75).jpg,156
156/156 (76).jpg,156
156/156 (77).jpg,156
156/156 (78).jpg,156
156/156 (79).jpg,156
156/156 (8).jpg,156
156/156 (80).jpg,156
156/156 (81).jpg,156
156/156 (82).jpg,156
156/156 (83).jpg,156
156/156 (84).jpg,156
156/156 (85).jpg,156
156/156 (86).jpg,156
156/156 (87).jpg,156
156/156 (88).jpg,156
156/156 (89).jpg,156
156/156 (9).jpg,156
156/156 (90).jpg,156
156/156 (91).jpg,156
156/156 (92).jpg,156
156/156 (93).jpg,156
156/156 (94).jpg,156
156/156 (95).jpg,156
156/156 (96).jpg,156
156/156 (97).jpg,156
156/156 (98).jpg,156
156/156 (99).jpg,156
157/157 (1).jpg,157
157/157 (10).jpg,157
157/157 (100).jpg,157
157/157 (101).jpg,157
157/157 (102).jpg,157
157/157 (103).jpg,157
157/157 (104).jpg,157
157/157 (105).jpg,157
157/157 (106).jpg,157
157/157 (107).jpg,157
157/157 (108).jpg,157
157/157 (109).jpg,157
157/157 (11).jpg,157
157/157 (110).jpg,157
157/157 (111).jpg,157
157/157 (112).jpg,157
157/157 (113).jpg,157
157/157 (114).jpg,157
157/157 (115).jpg,157
157/157 (116).jpg,157
157/157 (117).jpg,157
157/157 (118).jpg,157
157/157 (119).jpg,157
157/157 (12).jpg,157
157/157 (120).jpg,157
157/157 (121).jpg,157
157/157 (122).jpg,157
157/157 (123).jpg,157
157/157 (124).jpg,157
157/157 (125).jpg,157
157/157 (126).jpg,157
157/157 (127).jpg,157
157/157 (128).jpg,157
157/157 (129).jpg,157
157/157 (13).jpg,157
157/157 (130).jpg,157
157/157 (131).jpg,157
157/157 (132).jpg,157
157/157 (133).jpg,157
157/157 (134).jpg,157
157/157 (135).jpg,157
157/157 (136).jpg,157
157/157 (137).jpg,157
157/157 (138).jpg,157
157/157 (139).jpg,157
157/157 (14).jpg,157
157/157 (140).jpg,157
157/157 (141).jpg,157
157/157 (142).jpg,157
157/157 (143).jpg,157
157/157 (144).jpg,157
157/157 (145).jpg,157
157/157 (146).jpg,157
157/157 (147).jpg,157
157/157 (148).jpg,157
157/157 (149).jpg,157
157/157 (15).jpg,157
157/157 (150).jpg,157
157/157 (151).jpg,157
157/157 (152).jpg,157
157/157 (153).jpg,157
157/157 (154).jpg,157
157/157 (155).jpg,157
157/157 (156).jpg,157
157/157 (157).jpg,157
157/157 (158).jpg,157
157/157 (159).jpg,157
157/157 (16).jpg,157
157/157 (160).jpg,157
157/157 (161).jpg,157
157/157 (162).jpg,157
157/157 (163).jpg,157
157/157 (164).jpg,157
157/157 (165).jpg,157
157/157 (166).jpg,157
157/157 (167).jpg,157
157/157 (168).jpg,157
157/157 (169).jpg,157
157/157 (17).jpg,157
157/157 (170).jpg,157
157/157 (171).jpg,157
157/157 (172).jpg,157
157/157 (173).jpg,157
157/157 (174).jpg,157
157/157 (175).jpg,157
157/157 (18).jpg,157
157/157 (19).jpg,157
157/157 (2).jpg,157
157/157 (20).jpg,157
157/157 (21).jpg,157
157/157 (22).jpg,157
157/157 (23).jpg,157
157/157 (24).jpg,157
157/157 (25).jpg,157
157/157 (26).jpg,157
157/157 (27).jpg,157
157/157 (28).jpg,157
157/157 (29).jpg,157
157/157 (3).jpg,157
157/157 (30).jpg,157
157/157 (31).jpg,157
157/157 (32).jpg,157
157/157 (33).jpg,157
157/157 (34).jpg,157
157/157 (35).jpg,157
157/157 (36).jpg,157
157/157 (37).jpg,157
157/157 (38).jpg,157
157/157 (39).jpg,157
157/157 (4).jpg,157
157/157 (40).jpg,157
157/157 (41).jpg,157
157/157 (42).jpg,157
157/157 (43).jpg,157
157/157 (44).jpg,157
157/157 (45).jpg,157
157/157 (46).jpg,157
157/157 (47).jpg,157
157/157 (48).jpg,157
157/157 (49).jpg,157
157/157 (5).jpg,157
157/157 (50).jpg,157
157/157 (51).jpg,157
157/157 (52).jpg,157
157/157 (53).jpg,157
157/157 (54).jpg,157
157/157 (55).jpg,157
157/157 (56).jpg,157
157/157 (57).jpg,157
157/157 (58).jpg,157
157/157 (59).jpg,157
157/157 (6).jpg,157
157/157 (60).jpg,157
157/157 (61).jpg,157
157/157 (62).jpg,157
157/157 (63).jpg,157
157/157 (64).jpg,157
157/157 (65).jpg,157
157/157 (66).jpg,157
157/157 (67).jpg,157
157/157 (68).jpg,157
157/157 (69).jpg,157
157/157 (7).jpg,157
157/157 (70).jpg,157
157/157 (71).jpg,157
157/157 (72).jpg,157
157/157 (73).jpg,157
157/157 (74).jpg,157
157/157 (75).jpg,157
157/157 (76).jpg,157
157/157 (77).jpg,157
157/157 (78).jpg,157
157/157 (79).jpg,157
157/157 (8).jpg,157
157/157 (80).jpg,157
157/157 (81).jpg,157
157/157 (82).jpg,157
157/157 (83).jpg,157
157/157 (84).jpg,157
157/157 (85).jpg,157
157/157 (86).jpg,157
157/157 (87).jpg,157
157/157 (88).jpg,157
157/157 (89).jpg,157
157/157 (9).jpg,157
157/157 (90).jpg,157
157/157 (91).jpg,157
157/157 (92).jpg,157
157/157 (93).jpg,157
157/157 (94).jpg,157
157/157 (95).jpg,157
157/157 (96).jpg,157
157/157 (97).jpg,157
157/157 (98).jpg,157
157/157 (99).jpg,157
158/158 (1).jpg,158
158/158 (10).jpg,158
158/158 (100).jpg,158
158/158 (101).jpg,158
158/158 (102).jpg,158
158/158 (103).jpg,158
158/158 (104).jpg,158
158/158 (105).jpg,158
158/158 (106).jpg,158
158/158 (107).jpg,158
158/158 (108).jpg,158
158/158 (109).jpg,158
158/158 (11).jpg,158
158/158 (110).jpg,158
158/158 (111).jpg,158
158/158 (112).jpg,158
158/158 (113).jpg,158
158/158 (114).jpg,158
158/158 (115).jpg,158
158/158 (116).jpg,158
158/158 (117).jpg,158
158/158 (118).jpg,158
158/158 (119).jpg,158
158/158 (12).jpg,158
158/158 (120).jpg,158
158/158 (121).jpg,158
158/158 (122).jpg,158
158/158 (123).jpg,158
158/158 (124).jpg,158
158/158 (125).jpg,158
158/158 (126).jpg,158
158/158 (127).jpg,158
158/158 (128).jpg,158
158/158 (129).jpg,158
158/158 (13).jpg,158
158/158 (130).jpg,158
158/158 (131).jpg,158
158/158 (132).jpg,158
158/158 (133).jpg,158
158/158 (134).jpg,158
158/158 (135).jpg,158
158/158 (136).jpg,158
158/158 (137).jpg,158
158/158 (138).jpg,158
158/158 (139).jpg,158
158/158 (14).jpg,158
158/158 (140).jpg,158
158/158 (141).jpg,158
158/158 (142).jpg,158
158/158 (143).jpg,158
158/158 (144).jpg,158
158/158 (145).jpg,158
158/158 (146).jpg,158
158/158 (147).jpg,158
158/158 (148).jpg,158
158/158 (149).jpg,158
158/158 (15).jpg,158
158/158 (150).jpg,158
158/158 (151).jpg,158
158/158 (152).jpg,158
158/158 (153).jpg,158
158/158 (154).jpg,158
158/158 (155).jpg,158
158/158 (156).jpg,158
158/158 (157).jpg,158
158/158 (158).jpg,158
158/158 (159).jpg,158
158/158 (16).jpg,158
158/158 (160).jpg,158
158/158 (17).jpg,158
158/158 (18).jpg,158
158/158 (19).jpg,158
158/158 (2).jpg,158
158/158 (20).jpg,158
158/158 (21).jpg,158
158/158 (22).jpg,158
158/158 (23).jpg,158
158/158 (24).jpg,158
158/158 (25).jpg,158
158/158 (26).jpg,158
158/158 (27).jpg,158
158/158 (28).jpg,158
158/158 (29).jpg,158
158/158 (3).jpg,158
158/158 (30).jpg,158
158/158 (31).jpg,158
158/158 (32).jpg,158
158/158 (33).jpg,158
158/158 (34).jpg,158
158/158 (35).jpg,158
158/158 (36).jpg,158
158/158 (37).jpg,158
158/158 (38).jpg,158
158/158 (39).jpg,158
158/158 (4).jpg,158
158/158 (40).jpg,158
158/158 (41).jpg,158
158/158 (42).jpg,158
158/158 (43).jpg,158
158/158 (44).jpg,158
158/158 (45).jpg,158
158/158 (46).jpg,158
158/158 (47).jpg,158
158/158 (48).jpg,158
158/158 (49).jpg,158
158/158 (5).jpg,158
158/158 (50).jpg,158
158/158 (51).jpg,158
158/158 (52).jpg,158
158/158 (53).jpg,158
158/158 (54).jpg,158
158/158 (55).jpg,158
158/158 (56).jpg,158
158/158 (57).jpg,158
158/158 (58).jpg,158
158/158 (59).jpg,158
158/158 (6).jpg,158
158/158 (60).jpg,158
158/158 (61).jpg,158
158/158 (62).jpg,158
158/158 (63).jpg,158
158/158 (64).jpg,158
158/158 (65).jpg,158
158/158 (66).jpg,158
158/158 (67).jpg,158
158/158 (68).jpg,158
158/158 (69).jpg,158
158/158 (7).jpg,158
158/158 (70).jpg,158
158/158 (71).jpg,158
158/158 (72).jpg,158
158/158 (73).jpg,158
158/158 (74).jpg,158
158/158 (75).jpg,158
158/158 (76).jpg,158
158/158 (77).jpg,158
158/158 (78).jpg,158
158/158 (79).jpg,158
158/158 (8).jpg,158
158/158 (80).jpg,158
158/158 (81).jpg,158
158/158 (82).jpg,158
158/158 (83).jpg,158
158/158 (84).jpg,158
158/158 (85).jpg,158
158/158 (86).jpg,158
158/158 (87).jpg,158
158/158 (88).jpg,158
158/158 (89).jpg,158
158/158 (9).jpg,158
158/158 (90).jpg,158
158/158 (91).jpg,158
158/158 (92).jpg,158
158/158 (93).jpg,158
158/158 (94).jpg,158
158/158 (95).jpg,158
158/158 (96).jpg,158
158/158 (97).jpg,158
158/158 (98).jpg,158
158/158 (99).jpg,158
159/159 (1).jpg,159
159/159 (10).jpg,159
159/159 (100).jpg,159
159/159 (101).jpg,159
159/159 (102).jpg,159
159/159 (103).jpg,159
159/159 (104).jpg,159
159/159 (105).jpg,159
159/159 (106).jpg,159
159/159 (107).jpg,159
159/159 (108).jpg,159
159/159 (109).jpg,159
159/159 (11).jpg,159
159/159 (110).jpg,159
159/159 (111).jpg,159
159/159 (112).jpg,159
159/159 (113).jpg,159
159/159 (114).jpg,159
159/159 (115).jpg,159
159/159 (116).jpg,159
159/159 (117).jpg,159
159/159 (118).jpg,159
159/159 (119).jpg,159
159/159 (12).jpg,159
159/159 (120).jpg,159
159/159 (121).jpg,159
159/159 (122).jpg,159
159/159 (123).jpg,159
159/159 (124).jpg,159
159/159 (125).jpg,159
159/159 (126).jpg,159
159/159 (127).jpg,159
159/159 (128).jpg,159
159/159 (129).jpg,159
159/159 (13).jpg,159
159/159 (130).jpg,159
159/159 (131).jpg,159
159/159 (132).jpg,159
159/159 (133).jpg,159
159/159 (134).jpg,159
159/159 (135).jpg,159
159/159 (136).jpg,159
159/159 (137).jpg,159
159/159 (138).jpg,159
159/159 (139).jpg,159
159/159 (14).jpg,159
159/159 (140).jpg,159
159/159 (141).jpg,159
159/159 (142).jpg,159
159/159 (143).jpg,159
159/159 (144).jpg,159
159/159 (145).jpg,159
159/159 (146).jpg,159
159/159 (147).jpg,159
159/159 (148).jpg,159
159/159 (149).jpg,159
159/159 (15).jpg,159
159/159 (150).jpg,159
159/159 (151).jpg,159
159/159 (152).jpg,159
159/159 (153).jpg,159
159/159 (154).jpg,159
159/159 (155).jpg,159
159/159 (156).jpg,159
159/159 (157).jpg,159
159/159 (158).jpg,159
159/159 (159).jpg,159
159/159 (16).jpg,159
159/159 (160).jpg,159
159/159 (161).jpg,159
159/159 (17).jpg,159
159/159 (18).jpg,159
159/159 (19).jpg,159
159/159 (2).jpg,159
159/159 (20).jpg,159
159/159 (21).jpg,159
159/159 (22).jpg,159
159/159 (23).jpg,159
159/159 (24).jpg,159
159/159 (25).jpg,159
159/159 (26).jpg,159
159/159 (27).jpg,159
159/159 (28).jpg,159
159/159 (29).jpg,159
159/159 (3).jpg,159
159/159 (30).jpg,159
159/159 (31).jpg,159
159/159 (32).jpg,159
159/159 (33).jpg,159
159/159 (34).jpg,159
159/159 (35).jpg,159
159/159 (36).jpg,159
159/159 (37).jpg,159
159/159 (38).jpg,159
159/159 (39).jpg,159
159/159 (4).jpg,159
159/159 (40).jpg,159
159/159 (41).jpg,159
159/159 (42).jpg,159
159/159 (43).jpg,159
159/159 (44).jpg,159
159/159 (45).jpg,159
159/159 (46).jpg,159
159/159 (47).jpg,159
159/159 (48).jpg,159
159/159 (49).jpg,159
159/159 (5).jpg,159
159/159 (50).jpg,159
159/159 (51).jpg,159
159/159 (52).jpg,159
159/159 (53).jpg,159
159/159 (54).jpg,159
159/159 (55).jpg,159
159/159 (56).jpg,159
159/159 (57).jpg,159
159/159 (58).jpg,159
159/159 (59).jpg,159
159/159 (6).jpg,159
159/159 (60).jpg,159
159/159 (61).jpg,159
159/159 (62).jpg,159
159/159 (63).jpg,159
159/159 (64).jpg,159
159/159 (65).jpg,159
159/159 (66).jpg,159
159/159 (67).jpg,159
159/159 (68).jpg,159
159/159 (69).jpg,159
159/159 (7).jpg,159
159/159 (70).jpg,159
159/159 (71).jpg,159
159/159 (72).jpg,159
159/159 (73).jpg,159
159/159 (74).jpg,159
159/159 (75).jpg,159
159/159 (76).jpg,159
159/159 (77).jpg,159
159/159 (78).jpg,159
159/159 (79).jpg,159
159/159 (8).jpg,159
159/159 (80).jpg,159
159/159 (81).jpg,159
159/159 (82).jpg,159
159/159 (83).jpg,159
159/159 (84).jpg,159
159/159 (85).jpg,159
159/159 (86).jpg,159
159/159 (87).jpg,159
159/159 (88).jpg,159
159/159 (89).jpg,159
159/159 (9).jpg,159
159/159 (90).jpg,159
159/159 (91).jpg,159
159/159 (92).jpg,159
159/159 (93).jpg,159
159/159 (94).jpg,159
159/159 (95).jpg,159
159/159 (96).jpg,159
159/159 (97).jpg,159
159/159 (98).jpg,159
159/159 (99).jpg,159
160/160 (1).jpg,160
160/160 (10).jpg,160
160/160 (100).jpg,160
160/160 (101).jpg,160
160/160 (102).jpg,160
160/160 (103).jpg,160
160/160 (104).jpg,160
160/160 (105).jpg,160
160/160 (106).jpg,160
160/160 (107).jpg,160
160/160 (108).jpg,160
160/160 (109).jpg,160
160/160 (11).jpg,160
160/160 (110).jpg,160
160/160 (111).jpg,160
160/160 (112).jpg,160
160/160 (113).jpg,160
160/160 (114).jpg,160
160/160 (115).jpg,160
160/160 (116).jpg,160
160/160 (117).jpg,160
160/160 (118).jpg,160
160/160 (119).jpg,160
160/160 (12).jpg,160
160/160 (120).jpg,160
160/160 (121).jpg,160
160/160 (122).jpg,160
160/160 (123).jpg,160
160/160 (124).jpg,160
160/160 (125).jpg,160
160/160 (126).jpg,160
160/160 (127).jpg,160
160/160 (128).jpg,160
160/160 (129).jpg,160
160/160 (13).jpg,160
160/160 (130).jpg,160
160/160 (131).jpg,160
160/160 (132).jpg,160
160/160 (133).jpg,160
160/160 (134).jpg,160
160/160 (135).jpg,160
160/160 (136).jpg,160
160/160 (137).jpg,160
160/160 (138).jpg,160
160/160 (139).jpg,160
160/160 (14).jpg,160
160/160 (140).jpg,160
160/160 (141).jpg,160
160/160 (142).jpg,160
160/160 (143).jpg,160
160/160 (144).jpg,160
160/160 (145).jpg,160
160/160 (146).jpg,160
160/160 (147).jpg,160
160/160 (148).jpg,160
160/160 (149).jpg,160
160/160 (15).jpg,160
160/160 (150).jpg,160
160/160 (151).jpg,160
160/160 (152).jpg,160
160/160 (153).jpg,160
160/160 (154).jpg,160
160/160 (155).jpg,160
160/160 (156).jpg,160
160/160 (157).jpg,160
160/160 (158).jpg,160
160/160 (159).jpg,160
160/160 (16).jpg,160
160/160 (160).jpg,160
160/160 (161).jpg,160
160/160 (162).jpg,160
160/160 (163).jpg,160
160/160 (17).jpg,160
160/160 (18).jpg,160
160/160 (19).jpg,160
160/160 (2).jpg,160
160/160 (20).jpg,160
160/160 (21).jpg,160
160/160 (22).jpg,160
160/160 (23).jpg,160
160/160 (24).jpg,160
160/160 (25).jpg,160
160/160 (26).jpg,160
160/160 (27).jpg,160
160/160 (28).jpg,160
160/160 (29).jpg,160
160/160 (3).jpg,160
160/160 (30).jpg,160
160/160 (31).jpg,160
160/160 (32).jpg,160
160/160 (33).jpg,160
160/160 (34).jpg,160
160/160 (35).jpg,160
160/160 (36).jpg,160
160/160 (37).jpg,160
160/160 (38).jpg,160
160/160 (39).jpg,160
160/160 (4).jpg,160
160/160 (40).jpg,160
160/160 (41).jpg,160
160/160 (42).jpg,160
160/160 (43).jpg,160
160/160 (44).jpg,160
160/160 (45).jpg,160
160/160 (46).jpg,160
160/160 (47).jpg,160
160/160 (48).jpg,160
160/160 (49).jpg,160
160/160 (5).jpg,160
160/160 (50).jpg,160
160/160 (51).jpg,160
160/160 (52).jpg,160
160/160 (53).jpg,160
160/160 (54).jpg,160
160/160 (55).jpg,160
160/160 (56).jpg,160
160/160 (57).jpg,160
160/160 (58).jpg,160
160/160 (59).jpg,160
160/160 (6).jpg,160
160/160 (60).jpg,160
160/160 (61).jpg,160
160/160 (62).jpg,160
160/160 (63).jpg,160
160/160 (64).jpg,160
160/160 (65).jpg,160
160/160 (66).jpg,160
160/160 (67).jpg,160
160/160 (68).jpg,160
160/160 (69).jpg,160
160/160 (7).jpg,160
160/160 (70).jpg,160
160/160 (71).jpg,160
160/160 (72).jpg,160
160/160 (73).jpg,160
160/160 (74).jpg,160
160/160 (75).jpg,160
160/160 (76).jpg,160
160/160 (77).jpg,160
160/160 (78).jpg,160
160/160 (79).jpg,160
160/160 (8).jpg,160
160/160 (80).jpg,160
160/160 (81).jpg,160
160/160 (82).jpg,160
160/160 (83).jpg,160
160/160 (84).jpg,160
160/160 (85).jpg,160
160/160 (86).jpg,160
160/160 (87).jpg,160
160/160 (88).jpg,160
160/160 (89).jpg,160
160/160 (9).jpg,160
160/160 (90).jpg,160
160/160 (91).jpg,160
160/160 (92).jpg,160
160/160 (93).jpg,160
160/160 (94).jpg,160
160/160 (95).jpg,160
160/160 (96).jpg,160
160/160 (97).jpg,160
160/160 (98).jpg,160
160/160 (99).jpg,160
161/161 (1).jpg,161
161/161 (10).jpg,161
161/161 (100).jpg,161
161/161 (101).jpg,161
161/161 (102).jpg,161
161/161 (103).jpg,161
161/161 (104).jpg,161
161/161 (105).jpg,161
161/161 (106).jpg,161
161/161 (107).jpg,161
161/161 (108).jpg,161
161/161 (109).jpg,161
161/161 (11).jpg,161
161/161 (110).jpg,161
161/161 (111).jpg,161
161/161 (112).jpg,161
161/161 (113).jpg,161
161/161 (114).jpg,161
161/161 (115).jpg,161
161/161 (116).jpg,161
161/161 (117).jpg,161
161/161 (118).jpg,161
161/161 (119).jpg,161
161/161 (12).jpg,161
161/161 (120).jpg,161
161/161 (121).jpg,161
161/161 (122).jpg,161
161/161 (123).jpg,161
161/161 (124).jpg,161
161/161 (125).jpg,161
161/161 (126).jpg,161
161/161 (127).jpg,161
161/161 (128).jpg,161
161/161 (129).jpg,161
161/161 (13).jpg,161
161/161 (130).jpg,161
161/161 (131).jpg,161
161/161 (132).jpg,161
161/161 (133).jpg,161
161/161 (134).jpg,161
161/161 (135).jpg,161
161/161 (136).jpg,161
161/161 (137).jpg,161
161/161 (138).jpg,161
161/161 (139).jpg,161
161/161 (14).jpg,161
161/161 (140).jpg,161
161/161 (141).jpg,161
161/161 (142).jpg,161
161/161 (143).jpg,161
161/161 (144).jpg,161
161/161 (145).jpg,161
161/161 (146).jpg,161
161/161 (147).jpg,161
161/161 (148).jpg,161
161/161 (149).jpg,161
161/161 (15).jpg,161
161/161 (150).jpg,161
161/161 (151).jpg,161
161/161 (152).jpg,161
161/161 (153).jpg,161
161/161 (154).jpg,161
161/161 (155).jpg,161
161/161 (156).jpg,161
161/161 (157).jpg,161
161/161 (158).jpg,161
161/161 (159).jpg,161
161/161 (16).jpg,161
161/161 (160).jpg,161
161/161 (161).jpg,161
161/161 (162).jpg,161
161/161 (163).jpg,161
161/161 (164).jpg,161
161/161 (165).jpg,161
161/161 (166).jpg,161
161/161 (167).jpg,161
161/161 (168).jpg,161
161/161 (169).jpg,161
161/161 (17).jpg,161
161/161 (170).jpg,161
161/161 (171).jpg,161
161/161 (172).jpg,161
161/161 (173).jpg,161
161/161 (174).jpg,161
161/161 (175).jpg,161
161/161 (176).jpg,161
161/161 (177).jpg,161
161/161 (178).jpg,161
161/161 (179).jpg,161
161/161 (18).jpg,161
161/161 (180).jpg,161
161/161 (181).jpg,161
161/161 (182).jpg,161
161/161 (183).jpg,161
161/161 (184).jpg,161
161/161 (185).jpg,161
161/161 (186).jpg,161
161/161 (187).jpg,161
161/161 (188).jpg,161
161/161 (189).jpg,161
161/161 (19).jpg,161
161/161 (190).jpg,161
161/161 (191).jpg,161
161/161 (192).jpg,161
161/161 (193).jpg,161
161/161 (194).jpg,161
161/161 (195).jpg,161
161/161 (196).jpg,161
161/161 (197).jpg,161
161/161 (198).jpg,161
161/161 (199).jpg,161
161/161 (2).jpg,161
161/161 (20).jpg,161
161/161 (200).jpg,161
161/161 (21).jpg,161
161/161 (22).jpg,161
161/161 (23).jpg,161
161/161 (24).jpg,161
161/161 (25).jpg,161
161/161 (26).jpg,161
161/161 (27).jpg,161
161/161 (28).jpg,161
161/161 (29).jpg,161
161/161 (3).jpg,161
161/161 (30).jpg,161
161/161 (31).jpg,161
161/161 (32).jpg,161
161/161 (33).jpg,161
161/161 (34).jpg,161
161/161 (35).jpg,161
161/161 (36).jpg,161
161/161 (37).jpg,161
161/161 (38).jpg,161
161/161 (39).jpg,161
161/161 (4).jpg,161
161/161 (40).jpg,161
161/161 (41).jpg,161
161/161 (42).jpg,161
161/161 (43).jpg,161
161/161 (44).jpg,161
161/161 (45).jpg,161
161/161 (46).jpg,161
161/161 (47).jpg,161
161/161 (48).jpg,161
161/161 (49).jpg,161
161/161 (5).jpg,161
161/161 (50).jpg,161
161/161 (51).jpg,161
161/161 (52).jpg,161
161/161 (53).jpg,161
161/161 (54).jpg,161
161/161 (55).jpg,161
161/161 (56).jpg,161
161/161 (57).jpg,161
161/161 (58).jpg,161
161/161 (59).jpg,161
161/161 (6).jpg,161
161/161 (60).jpg,161
161/161 (61).jpg,161
161/161 (62).jpg,161
161/161 (63).jpg,161
161/161 (64).jpg,161
161/161 (65).jpg,161
161/161 (66).jpg,161
161/161 (67).jpg,161
161/161 (68).jpg,161
161/161 (69).jpg,161
161/161 (7).jpg,161
161/161 (70).jpg,161
161/161 (71).jpg,161
161/161 (72).jpg,161
161/161 (73).jpg,161
161/161 (74).jpg,161
161/161 (75).jpg,161
161/161 (76).jpg,161
161/161 (77).jpg,161
161/161 (78).jpg,161
161/161 (79).jpg,161
161/161 (8).jpg,161
161/161 (80).jpg,161
161/161 (81).jpg,161
161/161 (82).jpg,161
161/161 (83).jpg,161
161/161 (84).jpg,161
161/161 (85).jpg,161
161/161 (86).jpg,161
161/161 (87).jpg,161
161/161 (88).jpg,161
161/161 (89).jpg,161
161/161 (9).jpg,161
161/161 (90).jpg,161
161/161 (91).jpg,161
161/161 (92).jpg,161
161/161 (93).jpg,161
161/161 (94).jpg,161
161/161 (95).jpg,161
161/161 (96).jpg,161
161/161 (97).jpg,161
161/161 (98).jpg,161
161/161 (99).jpg,161
162/162 (1).jpg,162
162/162 (10).jpg,162
162/162 (100).jpg,162
162/162 (101).jpg,162
162/162 (102).jpg,162
162/162 (103).jpg,162
162/162 (104).jpg,162
162/162 (105).jpg,162
162/162 (106).jpg,162
162/162 (107).jpg,162
162/162 (108).jpg,162
162/162 (109).jpg,162
162/162 (11).jpg,162
162/162 (110).jpg,162
162/162 (111).jpg,162
162/162 (112).jpg,162
162/162 (113).jpg,162
162/162 (114).jpg,162
162/162 (115).jpg,162
162/162 (116).jpg,162
162/162 (117).jpg,162
162/162 (118).jpg,162
162/162 (119).jpg,162
162/162 (12).jpg,162
162/162 (120).jpg,162
162/162 (121).jpg,162
162/162 (122).jpg,162
162/162 (123).jpg,162
162/162 (124).jpg,162
162/162 (125).jpg,162
162/162 (126).jpg,162
162/162 (127).jpg,162
162/162 (128).jpg,162
162/162 (129).jpg,162
162/162 (13).jpg,162
162/162 (130).jpg,162
162/162 (131).jpg,162
162/162 (132).jpg,162
162/162 (133).jpg,162
162/162 (134).jpg,162
162/162 (135).jpg,162
162/162 (136).jpg,162
162/162 (137).jpg,162
162/162 (138).jpg,162
162/162 (139).jpg,162
162/162 (14).jpg,162
162/162 (140).jpg,162
162/162 (141).jpg,162
162/162 (142).jpg,162
162/162 (143).jpg,162
162/162 (144).jpg,162
162/162 (145).jpg,162
162/162 (146).jpg,162
162/162 (147).jpg,162
162/162 (148).jpg,162
162/162 (149).jpg,162
162/162 (15).jpg,162
162/162 (150).jpg,162
162/162 (151).jpg,162
162/162 (152).jpg,162
162/162 (153).jpg,162
162/162 (154).jpg,162
162/162 (155).jpg,162
162/162 (156).jpg,162
162/162 (157).jpg,162
162/162 (158).jpg,162
162/162 (159).jpg,162
162/162 (16).jpg,162
162/162 (160).jpg,162
162/162 (161).jpg,162
162/162 (162).jpg,162
162/162 (163).jpg,162
162/162 (164).jpg,162
162/162 (165).jpg,162
162/162 (17).jpg,162
162/162 (18).jpg,162
162/162 (19).jpg,162
162/162 (2).jpg,162
162/162 (20).jpg,162
162/162 (21).jpg,162
162/162 (22).jpg,162
162/162 (23).jpg,162
162/162 (24).jpg,162
162/162 (25).jpg,162
162/162 (26).jpg,162
162/162 (27).jpg,162
162/162 (28).jpg,162
162/162 (29).jpg,162
162/162 (3).jpg,162
162/162 (30).jpg,162
162/162 (31).jpg,162
162/162 (32).jpg,162
162/162 (33).jpg,162
162/162 (34).jpg,162
162/162 (35).jpg,162
162/162 (36).jpg,162
162/162 (37).jpg,162
162/162 (38).jpg,162
162/162 (39).jpg,162
162/162 (4).jpg,162
162/162 (40).jpg,162
162/162 (41).jpg,162
162/162 (42).jpg,162
162/162 (43).jpg,162
162/162 (44).jpg,162
162/162 (45).jpg,162
162/162 (46).jpg,162
162/162 (47).jpg,162
162/162 (48).jpg,162
162/162 (49).jpg,162
162/162 (5).jpg,162
162/162 (50).jpg,162
162/162 (51).jpg,162
162/162 (52).jpg,162
162/162 (53).jpg,162
162/162 (54).jpg,162
162/162 (55).jpg,162
162/162 (56).jpg,162
162/162 (57).jpg,162
162/162 (58).jpg,162
162/162 (59).jpg,162
162/162 (6).jpg,162
162/162 (60).jpg,162
162/162 (61).jpg,162
162/162 (62).jpg,162
162/162 (63).jpg,162
162/162 (64).jpg,162
162/162 (65).jpg,162
162/162 (66).jpg,162
162/162 (67).jpg,162
162/162 (68).jpg,162
162/162 (69).jpg,162
162/162 (7).jpg,162
162/162 (70).jpg,162
162/162 (71).jpg,162
162/162 (72).jpg,162
162/162 (73).jpg,162
162/162 (74).jpg,162
162/162 (75).jpg,162
162/162 (76).jpg,162
162/162 (77).jpg,162
162/162 (78).jpg,162
162/162 (79).jpg,162
162/162 (8).jpg,162
162/162 (80).jpg,162
162/162 (81).jpg,162
162/162 (82).jpg,162
162/162 (83).jpg,162
162/162 (84).jpg,162
162/162 (85).jpg,162
162/162 (86).jpg,162
162/162 (87).jpg,162
162/162 (88).jpg,162
162/162 (89).jpg,162
162/162 (9).jpg,162
162/162 (90).jpg,162
162/162 (91).jpg,162
162/162 (92).jpg,162
162/162 (93).jpg,162
162/162 (94).jpg,162
162/162 (95).jpg,162
162/162 (96).jpg,162
162/162 (97).jpg,162
162/162 (98).jpg,162
162/162 (99).jpg,162
163/163 (1).jpg,163
163/163 (10).jpg,163
163/163 (100).jpg,163
163/163 (101).jpg,163
163/163 (102).jpg,163
163/163 (103).jpg,163
163/163 (104).jpg,163
163/163 (105).jpg,163
163/163 (106).jpg,163
163/163 (107).jpg,163
163/163 (108).jpg,163
163/163 (109).jpg,163
163/163 (11).jpg,163
163/163 (110).jpg,163
163/163 (111).jpg,163
163/163 (112).jpg,163
163/163 (113).jpg,163
163/163 (114).jpg,163
163/163 (115).jpg,163
163/163 (116).jpg,163
163/163 (117).jpg,163
163/163 (118).jpg,163
163/163 (119).jpg,163
163/163 (12).jpg,163
163/163 (120).jpg,163
163/163 (121).jpg,163
163/163 (122).jpg,163
163/163 (123).jpg,163
163/163 (124).jpg,163
163/163 (125).jpg,163
163/163 (126).jpg,163
163/163 (127).jpg,163
163/163 (128).jpg,163
163/163 (129).jpg,163
163/163 (13).jpg,163
163/163 (130).jpg,163
163/163 (131).jpg,163
163/163 (132).jpg,163
163/163 (133).jpg,163
163/163 (134).jpg,163
163/163 (135).jpg,163
163/163 (136).jpg,163
163/163 (137).jpg,163
163/163 (138).jpg,163
163/163 (139).jpg,163
163/163 (14).jpg,163
163/163 (140).jpg,163
163/163 (141).jpg,163
163/163 (142).jpg,163
163/163 (143).jpg,163
163/163 (144).jpg,163
163/163 (145).jpg,163
163/163 (146).jpg,163
163/163 (147).jpg,163
163/163 (148).jpg,163
163/163 (149).jpg,163
163/163 (15).jpg,163
163/163 (150).jpg,163
163/163 (151).jpg,163
163/163 (152).jpg,163
163/163 (153).jpg,163
163/163 (154).jpg,163
163/163 (155).jpg,163
163/163 (156).jpg,163
163/163 (157).jpg,163
163/163 (158).jpg,163
163/163 (159).jpg,163
163/163 (16).jpg,163
163/163 (160).jpg,163
163/163 (161).jpg,163
163/163 (17).jpg,163
163/163 (18).jpg,163
163/163 (19).jpg,163
163/163 (2).jpg,163
163/163 (20).jpg,163
163/163 (21).jpg,163
163/163 (22).jpg,163
163/163 (23).jpg,163
163/163 (24).jpg,163
163/163 (25).jpg,163
163/163 (26).jpg,163
163/163 (27).jpg,163
163/163 (28).jpg,163
163/163 (29).jpg,163
163/163 (3).jpg,163
163/163 (30).jpg,163
163/163 (31).jpg,163
163/163 (32).jpg,163
163/163 (33).jpg,163
163/163 (34).jpg,163
163/163 (35).jpg,163
163/163 (36).jpg,163
163/163 (37).jpg,163
163/163 (38).jpg,163
163/163 (39).jpg,163
163/163 (4).jpg,163
163/163 (40).jpg,163
163/163 (41).jpg,163
163/163 (42).jpg,163
163/163 (43).jpg,163
163/163 (44).jpg,163
163/163 (45).jpg,163
163/163 (46).jpg,163
163/163 (47).jpg,163
163/163 (48).jpg,163
163/163 (49).jpg,163
163/163 (5).jpg,163
163/163 (50).jpg,163
163/163 (51).jpg,163
163/163 (52).jpg,163
163/163 (53).jpg,163
163/163 (54).jpg,163
163/163 (55).jpg,163
163/163 (56).jpg,163
163/163 (57).jpg,163
163/163 (58).jpg,163
163/163 (59).jpg,163
163/163 (6).jpg,163
163/163 (60).jpg,163
163/163 (61).jpg,163
163/163 (62).jpg,163
163/163 (63).jpg,163
163/163 (64).jpg,163
163/163 (65).jpg,163
163/163 (66).jpg,163
163/163 (67).jpg,163
163/163 (68).jpg,163
163/163 (69).jpg,163
163/163 (7).jpg,163
163/163 (70).jpg,163
163/163 (71).jpg,163
163/163 (72).jpg,163
163/163 (73).jpg,163
163/163 (74).jpg,163
163/163 (75).jpg,163
163/163 (76).jpg,163
163/163 (77).jpg,163
163/163 (78).jpg,163
163/163 (79).jpg,163
163/163 (8).jpg,163
163/163 (80).jpg,163
163/163 (81).jpg,163
163/163 (82).jpg,163
163/163 (83).jpg,163
163/163 (84).jpg,163
163/163 (85).jpg,163
163/163 (86).jpg,163
163/163 (87).jpg,163
163/163 (88).jpg,163
163/163 (89).jpg,163
163/163 (9).jpg,163
163/163 (90).jpg,163
163/163 (91).jpg,163
163/163 (92).jpg,163
163/163 (93).jpg,163
163/163 (94).jpg,163
163/163 (95).jpg,163
163/163 (96).jpg,163
163/163 (97).jpg,163
163/163 (98).jpg,163
163/163 (99).jpg,163
164/164 (1).jpg,164
164/164 (10).jpg,164
164/164 (100).jpg,164
164/164 (101).jpg,164
164/164 (102).jpg,164
164/164 (103).jpg,164
164/164 (104).jpg,164
164/164 (105).jpg,164
164/164 (106).jpg,164
164/164 (107).jpg,164
164/164 (108).jpg,164
164/164 (109).jpg,164
164/164 (11).jpg,164
164/164 (110).jpg,164
164/164 (111).jpg,164
164/164 (112).jpg,164
164/164 (113).jpg,164
164/164 (114).jpg,164
164/164 (115).jpg,164
164/164 (116).jpg,164
164/164 (117).jpg,164
164/164 (118).jpg,164
164/164 (119).jpg,164
164/164 (12).jpg,164
164/164 (120).jpg,164
164/164 (121).jpg,164
164/164 (122).jpg,164
164/164 (123).jpg,164
164/164 (124).jpg,164
164/164 (125).jpg,164
164/164 (126).jpg,164
164/164 (127).jpg,164
164/164 (128).jpg,164
164/164 (129).jpg,164
164/164 (13).jpg,164
164/164 (130).jpg,164
164/164 (131).jpg,164
164/164 (132).jpg,164
164/164 (133).jpg,164
164/164 (134).jpg,164
164/164 (135).jpg,164
164/164 (136).jpg,164
164/164 (137).jpg,164
164/164 (138).jpg,164
164/164 (139).jpg,164
164/164 (14).jpg,164
164/164 (140).jpg,164
164/164 (15).jpg,164
164/164 (16).jpg,164
164/164 (17).jpg,164
164/164 (18).jpg,164
164/164 (19).jpg,164
164/164 (2).jpg,164
164/164 (20).jpg,164
164/164 (21).jpg,164
164/164 (22).jpg,164
164/164 (23).jpg,164
164/164 (24).jpg,164
164/164 (25).jpg,164
164/164 (26).jpg,164
164/164 (27).jpg,164
164/164 (28).jpg,164
164/164 (29).jpg,164
164/164 (3).jpg,164
164/164 (30).jpg,164
164/164 (31).jpg,164
164/164 (32).jpg,164
164/164 (33).jpg,164
164/164 (34).jpg,164
164/164 (35).jpg,164
164/164 (36).jpg,164
164/164 (37).jpg,164
164/164 (38).jpg,164
164/164 (39).jpg,164
164/164 (4).jpg,164
164/164 (40).jpg,164
164/164 (41).jpg,164
164/164 (42).jpg,164
164/164 (43).jpg,164
164/164 (44).jpg,164
164/164 (45).jpg,164
164/164 (46).jpg,164
164/164 (47).jpg,164
164/164 (48).jpg,164
164/164 (49).jpg,164
164/164 (5).jpg,164
164/164 (50).jpg,164
164/164 (51).jpg,164
164/164 (52).jpg,164
164/164 (53).jpg,164
164/164 (54).jpg,164
164/164 (55).jpg,164
164/164 (56).jpg,164
164/164 (57).jpg,164
164/164 (58).jpg,164
164/164 (59).jpg,164
164/164 (6).jpg,164
164/164 (60).jpg,164
164/164 (61).jpg,164
164/164 (62).jpg,164
164/164 (63).jpg,164
164/164 (64).jpg,164
164/164 (65).jpg,164
164/164 (66).jpg,164
164/164 (67).jpg,164
164/164 (68).jpg,164
164/164 (69).jpg,164
164/164 (7).jpg,164
164/164 (70).jpg,164
164/164 (71).jpg,164
164/164 (72).jpg,164
164/164 (73).jpg,164
164/164 (74).jpg,164
164/164 (75).jpg,164
164/164 (76).jpg,164
164/164 (77).jpg,164
164/164 (78).jpg,164
164/164 (79).jpg,164
164/164 (8).jpg,164
164/164 (80).jpg,164
164/164 (81).jpg,164
164/164 (82).jpg,164
164/164 (83).jpg,164
164/164 (84).jpg,164
164/164 (85).jpg,164
164/164 (86).jpg,164
164/164 (87).jpg,164
164/164 (88).jpg,164
164/164 (89).jpg,164
164/164 (9).jpg,164
164/164 (90).jpg,164
164/164 (91).jpg,164
164/164 (92).jpg,164
164/164 (93).jpg,164
164/164 (94).jpg,164
164/164 (95).jpg,164
164/164 (96).jpg,164
164/164 (97).jpg,164
164/164 (98).jpg,164
164/164 (99).jpg,164
